Name: CCTV-1, URL: http://php.jdshipin.com/TVOD/iptv.php?id=rthk33, From: subscribe, IPv_Type: ipv6, Location: 美国, ISP: CloudFlare Inc., Date: None, Delay: 0.1 ms, Speed: inf M/s, Resolution: 1920x1080
Name: CCTV-1, URL: http://iptv.huuc.edu.cn/hls/cctv1hd.m3u8, From: subscribe, IPv_Type: ipv6, Location: 中国, ISP: 教育网, Date: None, Delay: 0.1 ms, Speed: inf M/s, Resolution: 1920x1080
Name: CCTV-1, URL: https://www.freetv.top/migu/608807420.m3u8?migutoken=5b04cf0d91179ab2d3d71703f0a8bc3d32dd02f7d8fb55ee70e05c216b8a9d1a73d911fbde798459fb66d94934157c996f8306c0dd37917775f2ed73dcc22cf84b25ca500bff5c636ff48d6344, From: subscribe, IPv_Type: ipv6, Location: 美国-加利福尼亚州-圣克拉拉, ISP: DigitalOcean, Date: None, Delay: 0.1 ms, Speed: inf M/s, Resolution: 1920x1080
Name: CCTV-1, URL: https://smart.pendy.dpdns.org/Smart.php?id=cctv1, From: subscribe, IPv_Type: ipv6, Location: 美国, ISP: CloudFlare Inc., Date: None, Delay: 0.1 ms, Speed: inf M/s, Resolution: 1920x1080
Name: CCTV-1, URL: http://[2409:8087:1:20:20::29]/otttv.bj.chinamobile.com/PLTV/88888888/224/3221226895/1.m3u8?servicetype=1&accountinfo=%7E%7EV2.0%7EI0Rkc6neBYgfpoJ1yud8Fw%7EPepnxHHB2d6Hk2dZWM77MyFlBN5q1KnYLvimM9pqT7Epd7QgO4HFWH0z34SUb2Vs%7EExtInfo9bj61dxzlMXrsixrqcFYPg%3A20240420192714%2C%2C%2C20240420192714%2C%2C10001000275495%2C-1%2C0%2C1%2C-1%2C%2C2%2C2201300%2C%2C%2C2%2C%2C%2CEND&GuardEncType=2, From: subscribe, IPv_Type: ipv6, Location: 中国, ISP: 中国移动, Date: None, Delay: 0.1 ms, Speed: inf M/s, Resolution: 1920x1080
Name: CCTV-1, URL: http://[2409:8087:1a01:df::4077]/ottrrs.hl.chinamobile.com/PLTV/88888888/224/3221226016/index.m3u8, From: subscribe, IPv_Type: ipv6, Location: 中国, ISP: 中国移动, Date: None, Delay: -1 ms, Speed: 0.00 M/s, Resolution: None
Name: CCTV-1, URL: http://[2409:8087:8:21::18]:6610/otttv.bj.chinamobile.com/PLTV/88888888/224/3221226338/1.m3u8, From: subscribe, IPv_Type: ipv6, Location: 中国, ISP: 中国移动, Date: None, Delay: 0.1 ms, Speed: inf M/s, Resolution: 1920x1080
Name: CCTV-1, URL: http://[2409:8087:1a0a:df::404b]/ottrrs.hl.chinamobile.com/TVOD/88888888/224/3221226559/index.m3u8, From: subscribe, IPv_Type: ipv6, Location: 中国, ISP: 中国移动, Date: None, Delay: 0.1 ms, Speed: inf M/s, Resolution: 1920x1080
Name: CCTV-1, URL: http://yc.myds.me:35455/gaoma/cctv1.m3u8, From: subscribe, IPv_Type: ipv6, Location: 中国, ISP: 中国电信, Date: None, Delay: 0.1 ms, Speed: inf M/s, Resolution: 1920x1080
Name: CCTV-1, URL: http://nas.suntao.online:35455/itv/6000000001000029752.m3u8?cdn=wasusyt, From: subscribe, IPv_Type: ipv6, Location: 中国, ISP: 中国联通, Date: None, Delay: 0.1 ms, Speed: inf M/s, Resolution: 1920x1080
Name: CCTV-1, URL: http://iptv.cdn.ha.chinamobile.com/PLTV/88888888/224/3221227262/index.m3u8, From: subscribe, IPv_Type: ipv6, Location: 中国, ISP: 中国移动, Date: None, Delay: 0.1 ms, Speed: inf M/s, Resolution: 1920x1080
Name: CCTV-1, URL: http://hwrr.jx.chinamobile.com:8080/PLTV/88888888/224/3221225618/index.m3u8, From: subscribe, IPv_Type: ipv6, Location: 中国, ISP: 中国移动, Date: None, Delay: 0.1 ms, Speed: inf M/s, Resolution: 1920x1080
Name: CCTV-1, URL: http://lu.wqwqwq.sbs/itv/1000000005000265001.m3u8?cdn=ystenlive, From: subscribe, IPv_Type: ipv6, Location: 美国, ISP: CloudFlare Inc., Date: None, Delay: 0.1 ms, Speed: inf M/s, Resolution: 1920x1080
Name: CCTV-1, URL: http://[2409:8087:5e01:34::21]:6610/ZTE_CMS/00000001000000060000000000000131/index.m3u8?IAS, From: subscribe, IPv_Type: ipv6, Location: 中国, ISP: 中国移动, Date: None, Delay: 0.1 ms, Speed: inf M/s, Resolution: 1920x1080
Name: CCTV-1, URL: http://[2409:8087:5e01:34::22]:6610/ZTE_CMS/00000001000000060000000000000131/index.m3u8?IAS, From: subscribe, IPv_Type: ipv6, Location: 中国, ISP: 中国移动, Date: None, Delay: 0.1 ms, Speed: inf M/s, Resolution: 1920x1080
Name: CCTV-1, URL: http://[2409:8087:5e01:34::23]:6610/ZTE_CMS/00000001000000060000000000000131/index.m3u8?IAS, From: subscribe, IPv_Type: ipv6, Location: 中国, ISP: 中国移动, Date: None, Delay: 0.1 ms, Speed: inf M/s, Resolution: 1920x1080
Name: CCTV-1, URL: http://[2409:8087:5e01:34::20]:6610/ZTE_CMS/00000001000000060000000000000131/index.m3u8?IAS, From: subscribe, IPv_Type: ipv6, Location: 中国, ISP: 中国移动, Date: None, Delay: 0.1 ms, Speed: inf M/s, Resolution: 1920x1080
Name: CCTV-1, URL: http://dbiptv.sn.chinamobile.com/PLTV/88888890/224/3221226231/index.m3u8, From: subscribe, IPv_Type: ipv6, Location: 中国, ISP: 中国移动, Date: None, Delay: 0.1 ms, Speed: inf M/s, Resolution: 1920x1080
Name: CCTV-1, URL: https://stream1.freetv.fun/e87ac64457c976111fc8524f11c25da508b807c29647c571b45ab13a609917c2.m3u8, From: subscribe, IPv_Type: ipv6, Location: 美国, ISP: CloudFlare Inc., Date: None, Delay: -1 ms, Speed: 0.00 M/s, Resolution: None
Name: CCTV-1, URL: https://ldncctvwbndhwy.cntv.myhwcdn.cn/ldncctvwbnd/ldcctv1_2/index.m3u8, From: subscribe, IPv_Type: ipv6, Location: 中国, ISP: 中国联通, Date: None, Delay: 0.1 ms, Speed: inf M/s, Resolution: 1920x1080
Name: CCTV-1, URL: https://cdn5.163189.xyz/live/cctv1/stream.m3u8, From: subscribe, IPv_Type: ipv6, Location: 美国, ISP: CloudFlare Inc., Date: None, Delay: 0.1 ms, Speed: inf M/s, Resolution: 1920x1080
Name: CCTV-1, URL: http://www.freetv.top/migu/608807420.m3u8?migutoken=491f039071b1e5ca7ea22dab208a3373abd0aa38187ac74446778154f03126d09cf16f03bab30bbbe6b3654715b39584417cebbd010b1b65144b4d683dc814c330efffb70a09c7630ddbb49120, From: subscribe, IPv_Type: ipv6, Location: 美国-加利福尼亚州-圣克拉拉, ISP: DigitalOcean, Date: None, Delay: 0.1 ms, Speed: inf M/s, Resolution: 1920x1080
Name: CCTV-1, URL: http://zteres.sn.chinamobile.com:6060/000000001000/5000000004000002226/1.m3u8?channel-id=bestzb&Contentid=5000000004000002226&livemode=1&stbId=3, From: subscribe, IPv_Type: ipv6, Location: 中国, ISP: 中国移动, Date: None, Delay: 0.1 ms, Speed: inf M/s, Resolution: 1920x1080
Name: CCTV-1, URL: http://[2409:8087:4c0a:22:1::11]:6410/170000001115/UmaiCHAN111128BESTVSMGSMG/index.m3u8?AuthInfo=9kOOdBn7MFF%2F2bWjKgahUU6FFmRK8Hl0ytyd5e5kWGEwoDIwMxbrlyyVy9x6ZDKnldIYKOjBOUjRyoym5n7Kg0yIYstFTUfqtC14fzxhy5Y, From: subscribe, IPv_Type: ipv6, Location: 中国, ISP: 中国移动, Date: None, Delay: 0.1 ms, Speed: inf M/s, Resolution: 1920x1080
Name: CCTV-1, URL: http://[2409:8087:5e00:24::1f]:6060/ZTE_CMS/00000001000000060000000000000131/index.m3u8, From: subscribe, IPv_Type: ipv6, Location: 中国, ISP: 中国移动, Date: None, Delay: 0.1 ms, Speed: inf M/s, Resolution: 1920x1080
Name: CCTV-1, URL: http://[2409:8087:74f0:22::4]:6610/270000001128/9900000501/index.m3u8, From: subscribe, IPv_Type: ipv6, Location: 中国, ISP: 中国移动, Date: None, Delay: 0.1 ms, Speed: inf M/s, Resolution: 1920x1080
Name: CCTV-1, URL: http://[2409:8087:1a01:df::7005]/ottrrs.hl.chinamobile.com/PLTV/88888888/224/3221226559/index.m3u8, From: subscribe, IPv_Type: ipv6, Location: 中国, ISP: 中国移动, Date: None, Delay: 0.1 ms, Speed: inf M/s, Resolution: 1920x1080
Name: CCTV-1, URL: http://[2409:8087:3869:8021:1001::e5]:6610/PLTV/88888910/224/3221225642/index.m3u8, From: subscribe, IPv_Type: ipv6, Location: 中国, ISP: 中国移动, Date: None, Delay: -1 ms, Speed: 0.00 M/s, Resolution: None
Name: CCTV-1, URL: http://rrs01.hw.gmcc.net:8088/PLTV/81/224/3221226737/1.m3u8, From: subscribe, IPv_Type: ipv6, Location: 中国, ISP: 中国移动, Date: None, Delay: -1 ms, Speed: 0.00 M/s, Resolution: None
Name: CCTV-1, URL: http://k.061899.xyz/m.php?id=cctv1, From: subscribe, IPv_Type: ipv6, Location: 新加坡, ISP: Aceville Pte.Ltd., Date: None, Delay: -1 ms, Speed: 0.00 M/s, Resolution: None
Name: CCTV-1, URL: http://[2409:8087:1a15:10d1::36]/ottrrs.hl.chinamobile.com/PLTV/88888888/224/3221226016/index.m3u8, From: subscribe, IPv_Type: ipv6, Location: 中国, ISP: 中国移动, Date: None, Delay: -1 ms, Speed: 0.00 M/s, Resolution: None
Name: CCTV-1, URL: http://[2409:8087:1a15:10d1::34]/ottrrs.hl.chinamobile.com/PLTV/88888888/224/3221226559/index.m3u8, From: subscribe, IPv_Type: ipv6, Location: 中国, ISP: 中国移动, Date: None, Delay: -1 ms, Speed: 0.00 M/s, Resolution: None
Name: CCTV-1, URL: http://[2409:8087:5e00:24::1e]:6060/200000001898/460000089800010011/1.m3u8, From: subscribe, IPv_Type: ipv6, Location: 中国, ISP: 中国移动, Date: None, Delay: -1 ms, Speed: 0.00 M/s, Resolution: None
Name: CCTV-1, URL: http://[2409:8087:5e08:25::16]:6610/200000001898/460000089800010011/1.m3u8, From: subscribe, IPv_Type: ipv6, Location: 中国, ISP: 中国移动, Date: None, Delay: -1 ms, Speed: 0.00 M/s, Resolution: None
Name: CCTV-1, URL: https://cc06.tv12.xyz/1.m3u8, From: subscribe, IPv_Type: ipv6, Location: 美国, ISP: CloudFlare Inc., Date: None, Delay: -1 ms, Speed: 0.00 M/s, Resolution: None
Name: CCTV-1, URL: https://migu.188766.xyz/?migutoken=6598d13b64b01bf74fc04c13b92b9cb6&id=CCTV1&pp=1, From: subscribe, IPv_Type: ipv6, Location: 美国, ISP: CloudFlare Inc., Date: None, Delay: -1 ms, Speed: 0.00 M/s, Resolution: None
Name: CCTV-1, URL: http://zjzcf.synology.me:35455/gaoma/cctv1.m3u8, From: subscribe, IPv_Type: ipv6, Location: 中国, ISP: 中国移动, Date: None, Delay: -1 ms, Speed: 0.00 M/s, Resolution: None
Name: CCTV-1, URL: http://gslbmgsplive.miguvideo.com/wd_r2/cctv/cctv1hd/1200/index.m3u8?msisdn=20250919080129dbe47765fb1e4e9f96aedf4ac0b9d442&mdspid=&spid=699004&netType=0&sid=2201057821&pid=2028597139&timestamp=20250919080129&Channel_ID=0116_2600000900-99000-201600010010027&ProgramID=608807420&ParentNodeID=-99&assertID=2201057821&client_ip=106.13.250.88&SecurityKey=20250919080129&promotionId=&mvid=2201057821&mcid=500020&playurlVersion=WX-A1-8.9.1-RELEASE&userid=&jmhm=&videocodec=h264&bean=mgspad&tid=android&conFee=0&puData=0d7903598509441103376191d7786cc5&ddCalcu=50cdec716988007375d91895106974343101, From: subscribe, IPv_Type: ipv6, Location: 中国, ISP: 中国移动, Date: None, Delay: -1 ms, Speed: 0.00 M/s, Resolution: None
Name: CCTV-1, URL: https://jzb.wwkejishe.top/?id=578, From: subscribe, IPv_Type: ipv6, Location: 美国, ISP: CloudFlare Inc., Date: None, Delay: -1 ms, Speed: 0.00 M/s, Resolution: None
Name: CCTV-1, URL: https://shyd.695847.xyz/cms001/ch00000090990000001388/index.m3u8?IASHttpSessionId=RR4967720251014100028031761&ispcode=12, From: subscribe, IPv_Type: ipv6, Location: 美国, ISP: CloudFlare Inc., Date: None, Delay: -1 ms, Speed: 0.00 M/s, Resolution: None
Name: CCTV-1, URL: https://iptv.catvod.com/live.php?id=CCTV1%E7%BB%BC%E5%90%88, From: subscribe, IPv_Type: ipv6, Location: 美国, ISP: CloudFlare Inc., Date: None, Delay: -1 ms, Speed: 0.00 M/s, Resolution: None
Name: CCTV-1, URL: https://live.chinacert.cftest5.cn/mg/?id=608807420, From: subscribe, IPv_Type: ipv6, Location: 中国, ISP: 中国联通, Date: None, Delay: -1 ms, Speed: 0.00 M/s, Resolution: None
Name: CCTV-1, URL: https://t.freetv.fun/live/cctv1-1.m3u8, From: subscribe, IPv_Type: ipv6, Location: 美国, ISP: CloudFlare Inc., Date: None, Delay: -1 ms, Speed: 0.00 M/s, Resolution: None
Name: CCTV-1, URL: http://pull-hs-f5.flive.douyincdn.com/media/stream-407016150428549804/index.m3u8?arch_hrchy=w1&exp_hrchy=w1&expire=1770677034&major_anchor_level=common&sign=d5431678f90e8ea341292c0a3d67848a&t_id=037-202602030643530D45A69759B7F235C141-vAzOuL&volcSecret=d5431678f90e8ea341292c0a3d67848a&volcTime=1770677034, From: subscribe, IPv_Type: ipv6, Location: 美国, ISP: , Date: None, Delay: -1 ms, Speed: 0.00 M/s, Resolution: None
Name: CCTV-1, URL: http://mgsp-yx2.live.miguvideo.com:8088/migu/kailu/cctv1hd265/51/20191230/index.m3u8?msisdn=e55e9ee71b42d2d7008a152c069625e3&mdspid=&spid=699004&netType=0&sid=2201057821&pid=2028597139&timestamp=20260215080203&Channel_ID=0116_2600034600-99000-201600010010028&ProgramID=608807420&ParentNodeID=-99&assertID=2201057821&client_ip=218.28.233.106&SecurityKey=20260215080203&promotionId=&mvid=2201057821&mcid=500020&playurlVersion=WX-A1-9.2.1-RELEASE&userid=&jmhm=&videocodec=h265&appCode=miguvideo_android&bean=mgspad&tid=android&conFee=0&encrypt=3b7501c58296bc22cb351563b3d0c00f&sv=10004&ct=android, From: subscribe, IPv_Type: ipv6, Location: 中国, ISP: 中国电信, Date: None, Delay: -1 ms, Speed: 0.00 M/s, Resolution: None
Name: CCTV-1, URL: http://mgsp-zy2.live.miguvideo.com:8088/migu/kailu/cctv1hd265/51/20191230/index.m3u8?msisdn=e55e9ee71b42d2d7008a152c069625e3&mdspid=&spid=699004&netType=0&sid=2201057821&pid=2028597139&timestamp=20260217083834&Channel_ID=0116_2600034600-99000-201600010010028&ProgramID=608807420&ParentNodeID=-99&assertID=2201057821&client_ip=218.28.233.106&SecurityKey=20260217083834&promotionId=&mvid=2201057821&mcid=500020&playurlVersion=WX-A1-9.2.1-RELEASE&userid=&jmhm=&videocodec=h265&appCode=miguvideo_android&bean=mgspad&tid=android&conFee=0&encrypt=7d1fe5cc6b8672ec104b08f8cf407ddf&sv=10004&ct=android, From: subscribe, IPv_Type: ipv6, Location: 中国, ISP: 中国电信, Date: None, Delay: -1 ms, Speed: 0.00 M/s, Resolution: None
Name: CCTV-1, URL: http://pull-hls-f11.douyincdn.com/media/stream-695365272562303660.m3u8?arch_hrchy=w1&exp_hrchy=w1&expire=1772664317&major_anchor_level=common&sign=7f89074b9ed63f7d0d0650199d9b3205&t_id=037-202602260645176D8644469071061C2EE9-ZOshJm, From: subscribe, IPv_Type: ipv6, Location: 中国, ISP: 中国联通, Date: None, Delay: -1 ms, Speed: 0.00 M/s, Resolution: None
Name: CCTV-1, URL: http://mgsp-ws2.live.miguvideo.com:8088/migu/kailu/cctv1hd265/51/20191230/index.m3u8?msisdn=2be6b2ec9fcf10d2c2457e2c710e172c&mdspid=&spid=699004&netType=0&sid=2201057821&pid=2028597139&timestamp=20260303060202&Channel_ID=0116_2600034600-99000-201600010010028&ProgramID=608807420&ParentNodeID=-99&assertID=2201057821&client_ip=218.28.233.106&SecurityKey=20260303060202&promotionId=&mvid=2201057821&mcid=500020&playurlVersion=WX-A1-9.2.2-RELEASE&userid=&jmhm=&videocodec=h265&appCode=miguvideo_android&bean=mgspad&tid=android&conFee=0&encrypt=edf1c1ab6dc0a4592cb47c3c9a606e7a&sv=10004&ct=android, From: subscribe, IPv_Type: ipv6, Location: 加拿大, ISP: , Date: None, Delay: -1 ms, Speed: 0.00 M/s, Resolution: None
Name: CCTV-1, URL: http://198.204.240.250:82/live/cctv1.m3u8, From: subscribe, IPv_Type: ipv4, Location: 美国, ISP: , Date: None, Delay: 551 ms, Speed: 7.67 M/s, Resolution: 1920x1080
Name: CCTV-2, URL: http://php.jdshipin.com/TVOD/hljyd.php?id=3221225588, From: subscribe, IPv_Type: ipv6, Location: 美国, ISP: CloudFlare Inc., Date: None, Delay: 0.1 ms, Speed: inf M/s, Resolution: 1920x1080
Name: CCTV-2, URL: http://goo.bkpcp.top/mg/CCTV2, From: subscribe, IPv_Type: ipv6, Location: 美国, ISP: CloudFlare Inc., Date: None, Delay: 0.1 ms, Speed: inf M/s, Resolution: 1920x1080
Name: CCTV-2, URL: http://iptv.huuc.edu.cn/hls/cctv2hd.m3u8, From: subscribe, IPv_Type: ipv6, Location: 中国, ISP: 教育网, Date: None, Delay: 0.1 ms, Speed: inf M/s, Resolution: 1920x1080
Name: CCTV-2, URL: https://smart.pendy.dpdns.org/Smart.php?id=cctv2, From: subscribe, IPv_Type: ipv6, Location: 美国, ISP: CloudFlare Inc., Date: None, Delay: 0.1 ms, Speed: inf M/s, Resolution: 1920x1080
Name: CCTV-2, URL: http://[2409:8087:1a01:df::4077]/ottrrs.hl.chinamobile.com/PLTV/88888888/8/3221225588/index.m3u8, From: subscribe, IPv_Type: ipv6, Location: 中国, ISP: 中国移动, Date: None, Delay: 0.1 ms, Speed: inf M/s, Resolution: 1920x1080
Name: CCTV-2, URL: http://[2409:8087:1a01:df::406f]:80/wh7f454c46tw1241164675_1575082505/ottrrs.hl.chinamobile.com/PLTV/88888888/224/3221226540/index.m3u8?icpid=88888888&RTS=1713968070&from=4&hms_devid=692&prioritypopid=4&online=1713968070&vqe=3, From: subscribe, IPv_Type: ipv6, Location: 中国, ISP: 中国移动, Date: None, Delay: 0.1 ms, Speed: inf M/s, Resolution: 1920x1080
Name: CCTV-2, URL: http://[2409:8087:8:21::18]:6610/otttv.bj.chinamobile.com/PLTV/88888888/224/3221226230/1.m3u8, From: subscribe, IPv_Type: ipv6, Location: 中国, ISP: 中国移动, Date: None, Delay: 0.1 ms, Speed: inf M/s, Resolution: 1920x1080
Name: CCTV-2, URL: http://[2409:8087:1a0a:df::404b]/ottrrs.hl.chinamobile.com/TVOD/88888888/224/3221225588/index.m3u8, From: subscribe, IPv_Type: ipv6, Location: 中国, ISP: 中国移动, Date: None, Delay: 0.1 ms, Speed: inf M/s, Resolution: 1920x1080
Name: CCTV-2, URL: http://ottrrs.hl.chinamobile.com/TVOD/88888888/224/3221226540/index.m3u8, From: subscribe, IPv_Type: ipv6, Location: 中国, ISP: 中国移动, Date: None, Delay: 0.1 ms, Speed: inf M/s, Resolution: 1920x1080
Name: CCTV-2, URL: http://yc.myds.me:35455/gaoma/cctv2.m3u8, From: subscribe, IPv_Type: ipv6, Location: 中国, ISP: 中国电信, Date: None, Delay: 0.1 ms, Speed: inf M/s, Resolution: 1920x1080
Name: CCTV-2, URL: http://iptv.cdn.ha.chinamobile.com/PLTV/88888888/224/3221227165/index.m3u8, From: subscribe, IPv_Type: ipv6, Location: 中国, ISP: 中国移动, Date: None, Delay: 0.1 ms, Speed: inf M/s, Resolution: 1920x1080
Name: CCTV-2, URL: http://hwrr.jx.chinamobile.com:8080/PLTV/88888888/224/3221225619/index.m3u8, From: subscribe, IPv_Type: ipv6, Location: 中国, ISP: 中国移动, Date: None, Delay: 0.1 ms, Speed: inf M/s, Resolution: 1920x1080
Name: CCTV-2, URL: https://stream1.freetv.fun/ba9e1b54699bd8845523bfe5d450638180bbffdd91cc8d68b76d67d72f896887.m3u8, From: subscribe, IPv_Type: ipv6, Location: 美国, ISP: CloudFlare Inc., Date: None, Delay: 0.1 ms, Speed: inf M/s, Resolution: 1920x1080
Name: CCTV-2, URL: http://lu.wqwqwq.sbs/itv/1000000001000023315.m3u8?cdn=ystenlive, From: subscribe, IPv_Type: ipv6, Location: 美国, ISP: CloudFlare Inc., Date: None, Delay: 0.1 ms, Speed: inf M/s, Resolution: 1920x1080
Name: CCTV-2, URL: https://www.freetv.top/migu/631780532.m3u8?migutoken=9bacb748dc772b1cfcddf6e6373e3319c6d82105f221862932e3b30a6dc4843c93ace2108ab1d598c2d89ef8eb4225888737ce5895be20612ea7753d025151b9a913bd6fc98ff7666da5979f1d, From: subscribe, IPv_Type: ipv6, Location: 美国-加利福尼亚州-圣克拉拉, ISP: DigitalOcean, Date: None, Delay: 0.1 ms, Speed: inf M/s, Resolution: 1920x1080
Name: CCTV-2, URL: http://[2409:8087:5e01:34::22]:6610/ZTE_CMS/00000001000000060000000000000372/index.m3u8?IAS, From: subscribe, IPv_Type: ipv6, Location: 中国, ISP: 中国移动, Date: None, Delay: 0.1 ms, Speed: inf M/s, Resolution: 1920x1080
Name: CCTV-2, URL: http://[2409:8087:5e00:24::1f]:6060/ZTE_CMS/00000001000000060000000000000372/index.m3u8, From: subscribe, IPv_Type: ipv6, Location: 中国, ISP: 中国移动, Date: None, Delay: 0.1 ms, Speed: inf M/s, Resolution: 1920x1080
Name: CCTV-2, URL: http://[2409:8087:1a01:df::7005]/ottrrs.hl.chinamobile.com/PLTV/88888888/224/3221226540/index.m3u8, From: subscribe, IPv_Type: ipv6, Location: 中国, ISP: 中国移动, Date: None, Delay: 0.1 ms, Speed: inf M/s, Resolution: 1920x1080
Name: CCTV-2, URL: http://[2409:8087:5e01:34::20]:6610/ZTE_CMS/00000001000000060000000000000372/index.m3u8?IAS, From: subscribe, IPv_Type: ipv6, Location: 中国, ISP: 中国移动, Date: None, Delay: 0.1 ms, Speed: inf M/s, Resolution: 1920x1080
Name: CCTV-2, URL: http://[2409:8087:5e01:34::21]:6610/ZTE_CMS/00000001000000060000000000000372/index.m3u8?IAS, From: subscribe, IPv_Type: ipv6, Location: 中国, ISP: 中国移动, Date: None, Delay: 0.1 ms, Speed: inf M/s, Resolution: 1920x1080
Name: CCTV-2, URL: http://[2409:8087:5e01:34::23]:6610/ZTE_CMS/00000001000000060000000000000372/index.m3u8?IAS, From: subscribe, IPv_Type: ipv6, Location: 中国, ISP: 中国移动, Date: None, Delay: 0.1 ms, Speed: inf M/s, Resolution: 1920x1080
Name: CCTV-2, URL: http://dbiptv.sn.chinamobile.com/PLTV/88888890/224/3221226195/index.m3u8, From: subscribe, IPv_Type: ipv6, Location: 中国, ISP: 中国移动, Date: None, Delay: 0.1 ms, Speed: inf M/s, Resolution: 1920x1080
Name: CCTV-2, URL: http://www.freetv.top/migu/631780532.m3u8?migutoken=d69d5e5f850768f4609f5e7c6f63984da2c614f71e21226d8dea3a6e40d20f871ca2d383cd042bac96e3e8178933a15192f0ffaef2e700eb95de835faecc0bb802bd0c50099bf3d1abe4ea5174, From: subscribe, IPv_Type: ipv6, Location: 美国-加利福尼亚州-圣克拉拉, ISP: DigitalOcean, Date: None, Delay: 0.1 ms, Speed: inf M/s, Resolution: 1920x1080
Name: CCTV-2, URL: https://epg.pw/stream/f86540c126a751cc707e3805911549bd077fb5a7f0f53a824212d75addea3747.m3u8, From: subscribe, IPv_Type: ipv6, Location: 美国, ISP: CloudFlare Inc., Date: None, Delay: 0.1 ms, Speed: inf M/s, Resolution: 1920x1080
Name: CCTV-2, URL: http://zteres.sn.chinamobile.com:6060/000000001000/5000000011000031101/1.m3u8?channel-id=bestzb&Contentid=5000000011000031101&livemode=1&stbId=3, From: subscribe, IPv_Type: ipv6, Location: 中国, ISP: 中国移动, Date: None, Delay: 0.1 ms, Speed: inf M/s, Resolution: 1920x1080
Name: CCTV-2, URL: http://[2409:8087:4c0a:22:1::11]:6410/170000001115/UmaiCHAN5000036BESTVSMGSMG/index.m3u8?AuthInfo=9kOOdBn7MFF%2F2bWjKgahUSpr1AVNI633ampcuzdN%2BfGVSARKsxkWGZw7vFUuOj2QZHeRzosIxVbl7i2QHFATHA3k5wDWG1qHkZQAleNv%2FbI, From: subscribe, IPv_Type: ipv6, Location: 中国, ISP: 中国移动, Date: None, Delay: 0.1 ms, Speed: inf M/s, Resolution: 1920x1080
Name: CCTV-2, URL: http://[2409:8087:5e01:34::38]:6610/ZTE_CMS/00000001000000060000000000000372/index.m3u8, From: subscribe, IPv_Type: ipv6, Location: 中国, ISP: 中国移动, Date: None, Delay: 0.1 ms, Speed: inf M/s, Resolution: 1920x1080
Name: CCTV-2, URL: http://[2409:8087:74f0:22::4]:6410/270000001128/9900000502/index.m3u8, From: subscribe, IPv_Type: ipv6, Location: 中国, ISP: 中国移动, Date: None, Delay: 0.1 ms, Speed: inf M/s, Resolution: 1920x1080
Name: CCTV-2, URL: http://[2409:8087:3869:8021:1001::e5]:6610/PLTV/88888910/224/3221225643/index.m3u8, From: subscribe, IPv_Type: ipv6, Location: 中国, ISP: 中国移动, Date: None, Delay: 0.1 ms, Speed: inf M/s, Resolution: 1920x1080
Name: CCTV-2, URL: http://rrs01.hw.gmcc.net:8088/PLTV/81/224/3221226739/1.m3u8, From: subscribe, IPv_Type: ipv6, Location: 中国, ISP: 中国移动, Date: None, Delay: -1 ms, Speed: 0.00 M/s, Resolution: None
Name: CCTV-2, URL: http://[2409:8087:1a01:df::4041]:80/TVOD/88888888/224/3221225799/main.m3u8, From: subscribe, IPv_Type: ipv6, Location: 中国, ISP: 中国移动, Date: None, Delay: -1 ms, Speed: 0.00 M/s, Resolution: None
Name: CCTV-2, URL: http://k.061899.xyz/m.php?id=cctv2, From: subscribe, IPv_Type: ipv6, Location: 新加坡, ISP: Aceville Pte.Ltd., Date: None, Delay: -1 ms, Speed: 0.00 M/s, Resolution: None
Name: CCTV-2, URL: http://[2409:8087:1a15:10d1::38]/ottrrs.hl.chinamobile.com/PLTV/88888888/224/3221226540/index.m3u8, From: subscribe, IPv_Type: ipv6, Location: 中国, ISP: 中国移动, Date: None, Delay: -1 ms, Speed: 0.00 M/s, Resolution: None
Name: CCTV-2, URL: http://[2409:8087:1a15:10d1::39]/ottrrs.hl.chinamobile.com/PLTV/88888888/224/3221226540/index.m3u8, From: subscribe, IPv_Type: ipv6, Location: 中国, ISP: 中国移动, Date: None, Delay: -1 ms, Speed: 0.00 M/s, Resolution: None
Name: CCTV-2, URL: http://[2409:8087:5e00:24::1e]:6060/200000001898/460000089800010050/1.m3u8, From: subscribe, IPv_Type: ipv6, Location: 中国, ISP: 中国移动, Date: None, Delay: -1 ms, Speed: 0.00 M/s, Resolution: None
Name: CCTV-2, URL: http://[2409:8087:5e08:25::16]:6610/200000001898/460000089800010050/1.m3u8, From: subscribe, IPv_Type: ipv6, Location: 中国, ISP: 中国移动, Date: None, Delay: -1 ms, Speed: 0.00 M/s, Resolution: None
Name: CCTV-2, URL: https://cc06.tv12.xyz/2.m3u8, From: subscribe, IPv_Type: ipv6, Location: 美国, ISP: CloudFlare Inc., Date: None, Delay: -1 ms, Speed: 0.00 M/s, Resolution: None
Name: CCTV-2, URL: https://migu.188766.xyz/?migutoken=f690b72b77d5d60b34b990d7818bbcdc&id=CCTV2&pp=1, From: subscribe, IPv_Type: ipv6, Location: 美国, ISP: CloudFlare Inc., Date: None, Delay: -1 ms, Speed: 0.00 M/s, Resolution: None
Name: CCTV-2, URL: http://gslbmgsplive.miguvideo.com/wd_r2/cctv/cctv2hd/1500/index.m3u8?msisdn=20250919080129845f26c716a2433a937b73ea1a48ee87&mdspid=&spid=699004&netType=0&sid=5500346945&pid=2028597139&timestamp=20250919080129&Channel_ID=0116_2600000900-99000-201600010010027&ProgramID=631780532&ParentNodeID=-99&assertID=5500346945&client_ip=106.13.250.88&SecurityKey=20250919080129&promotionId=&mvid=5101064231&mcid=500020&playurlVersion=WX-A1-8.9.1-RELEASE&userid=&jmhm=&videocodec=h264&bean=mgspad&tid=android&conFee=0&puData=236049217d71b947fc55196c5deb0ad9&ddCalcu=92d3ea61001b40e9d251c76d97115b59c4f7, From: subscribe, IPv_Type: ipv6, Location: 中国, ISP: 中国移动, Date: None, Delay: -1 ms, Speed: 0.00 M/s, Resolution: None
Name: CCTV-2, URL: https://jzb.wwkejishe.top/?id=579, From: subscribe, IPv_Type: ipv6, Location: 美国, ISP: CloudFlare Inc., Date: None, Delay: -1 ms, Speed: 0.00 M/s, Resolution: None
Name: CCTV-2, URL: https://shyd.695847.xyz/cms001/ch00000090990000001220/index.m3u8?IASHttpSessionId=RR4967720251014100028031761&ispcode=12, From: subscribe, IPv_Type: ipv6, Location: 美国, ISP: CloudFlare Inc., Date: None, Delay: -1 ms, Speed: 0.00 M/s, Resolution: None
Name: CCTV-2, URL: https://iptv.catvod.com/live.php?id=CCTV2%E8%B4%A2%E7%BB%8F, From: subscribe, IPv_Type: ipv6, Location: 美国, ISP: CloudFlare Inc., Date: None, Delay: -1 ms, Speed: 0.00 M/s, Resolution: None
Name: CCTV-2, URL: https://live.chinacert.cftest5.cn/mg/?id=631780532, From: subscribe, IPv_Type: ipv6, Location: 中国, ISP: 中国联通, Date: None, Delay: -1 ms, Speed: 0.00 M/s, Resolution: None
Name: CCTV-2, URL: http://pull-flv-f1.douyincdn.com/media/stream-695106910011261612.flv?arch_hrchy=w1&exp_hrchy=w1&keeptime=00093a80&major_anchor_level=common&t_id=037-20260114100308192594C57677D9CCE8DA-vujvxt&unique_id=stream-695106910011261612_684_flv&wsSecret=fc06766784777da294247d06ae30f581&wsTime=6966f95d, From: subscribe, IPv_Type: ipv6, Location: 加拿大, ISP: , Date: None, Delay: -1 ms, Speed: 0.00 M/s, Resolution: None
Name: CCTV-2, URL: https://t.freetv.fun/live/cctv2-cai-jing-3.php, From: subscribe, IPv_Type: ipv6, Location: 美国, ISP: CloudFlare Inc., Date: None, Delay: -1 ms, Speed: 0.00 M/s, Resolution: None
Name: CCTV-2, URL: http://pull-hls-f11.douyincdn.com/media/stream-407062262674621100.m3u8?arch_hrchy=w1&exp_hrchy=w1&expire=1771372284&major_anchor_level=common&sign=6f90250717a66a61060dfac48f5152de&t_id=037-20260211075123D0C67CD1A4FC77163F38-si39gG, From: subscribe, IPv_Type: ipv6, Location: 中国, ISP: 中国联通, Date: None, Delay: -1 ms, Speed: 0.00 M/s, Resolution: None
Name: CCTV-2, URL: http://mgsp-ws2.live.miguvideo.com:8088/migu/kailu/cctv2hd265/54/20200407/index.m3u8?msisdn=e55e9ee71b42d2d7008a152c069625e3&mdspid=&spid=699004&netType=0&sid=5500346945&pid=2028597139&timestamp=20260215080203&Channel_ID=0116_2600034600-99000-201600010010028&ProgramID=631780532&ParentNodeID=-99&assertID=5500346945&client_ip=218.28.233.106&SecurityKey=20260215080203&promotionId=&mvid=5101064231&mcid=500020&playurlVersion=WX-A1-9.2.1-RELEASE&userid=&jmhm=&videocodec=h265&appCode=miguvideo_android&bean=mgspad&tid=android&conFee=0&encrypt=9cfa510800408b12d76fb429efcd142b&sv=10004&ct=android, From: subscribe, IPv_Type: ipv6, Location: 加拿大, ISP: , Date: None, Delay: -1 ms, Speed: 0.00 M/s, Resolution: None
Name: CCTV-2, URL: http://mgsp-yx2.live.miguvideo.com:8088/migu/kailu/cctv2hd265/54/20200407/index.m3u8?msisdn=e55e9ee71b42d2d7008a152c069625e3&mdspid=&spid=699004&netType=0&sid=5500346945&pid=2028597139&timestamp=20260216080220&Channel_ID=0116_2600034600-99000-201600010010028&ProgramID=631780532&ParentNodeID=-99&assertID=5500346945&client_ip=218.28.233.106&SecurityKey=20260216080220&promotionId=&mvid=5101064231&mcid=500020&playurlVersion=WX-A1-9.2.1-RELEASE&userid=&jmhm=&videocodec=h265&appCode=miguvideo_android&bean=mgspad&tid=android&conFee=0&encrypt=803fcdd7ad780656946a4fa577295318&sv=10004&ct=android, From: subscribe, IPv_Type: ipv6, Location: 中国, ISP: 中国电信, Date: None, Delay: -1 ms, Speed: 0.00 M/s, Resolution: None
Name: CCTV-2, URL: http://mgsp-hs2.live.miguvideo.com:8088/migu/kailu/cctv2hd265/54/20200407/index.m3u8?msisdn=e55e9ee71b42d2d7008a152c069625e3&mdspid=&spid=699004&netType=0&sid=5500346945&pid=2028597139&timestamp=20260217083837&Channel_ID=0116_2600034600-99000-201600010010028&ProgramID=631780532&ParentNodeID=-99&assertID=5500346945&client_ip=218.28.233.106&SecurityKey=20260217083837&promotionId=&mvid=5101064231&mcid=500020&playurlVersion=WX-A1-9.2.1-RELEASE&userid=&jmhm=&videocodec=h265&appCode=miguvideo_android&bean=mgspad&tid=android&conFee=0&encrypt=a3d19c3f1e73b661d4230e48c0606b6a&sv=10004&ct=android, From: subscribe, IPv_Type: ipv6, Location: 中国, ISP: 中国移动, Date: None, Delay: -1 ms, Speed: 0.00 M/s, Resolution: None
Name: CCTV-2, URL: http://mgsp-zy2.live.miguvideo.com:8088/migu/kailu/cctv2hd265/54/20200407/index.m3u8?msisdn=2be6b2ec9fcf10d2c2457e2c710e172c&mdspid=&spid=699004&netType=0&sid=5500346945&pid=2028597139&timestamp=20260301080203&Channel_ID=0116_2600034600-99000-201600010010028&ProgramID=631780532&ParentNodeID=-99&assertID=5500346945&client_ip=218.28.233.106&SecurityKey=20260301080203&promotionId=&mvid=5101064231&mcid=500020&playurlVersion=WX-A1-9.2.1-RELEASE&userid=&jmhm=&videocodec=h265&appCode=miguvideo_android&bean=mgspad&tid=android&conFee=0&encrypt=e87fc029ce12ee0cfeb385af929bb4ce&sv=10004&ct=android, From: subscribe, IPv_Type: ipv6, Location: 中国, ISP: 中国电信, Date: None, Delay: -1 ms, Speed: 0.00 M/s, Resolution: None
Name: CCTV-2, URL: http://pull-hls-f26.douyincdn.com/media/stream-118899562654991020.m3u8?arch_hrchy=w1&exp_hrchy=w1&expire=69ab5953&major_anchor_level=common&sign=57d8e1e83d33ba9634ae5c7a9459724f&t_id=037-20260228064643535DD8CD314AB1F748BD-Pqf7Y6, From: subscribe, IPv_Type: ipv6, Location: 墨西哥-墨西哥城, ISP: 靠谱云, Date: None, Delay: -1 ms, Speed: 0.00 M/s, Resolution: None
Name: CCTV-3, URL: http://php.jdshipin.com/TVOD/hljyd.php?id=3221226021, From: subscribe, IPv_Type: ipv6, Location: 美国, ISP: CloudFlare Inc., Date: None, Delay: 0.1 ms, Speed: inf M/s, Resolution: 1920x1080
Name: CCTV-3, URL: http://iptv.huuc.edu.cn/hls/cctv3hd.m3u8, From: subscribe, IPv_Type: ipv6, Location: 中国, ISP: 教育网, Date: None, Delay: 0.1 ms, Speed: inf M/s, Resolution: 1920x1080
Name: CCTV-3, URL: http://[2409:8087:1a01:df::4041]:80/TVOD/88888888/224/3221225799/main.m3u8, From: subscribe, IPv_Type: ipv6, Location: 中国, ISP: 中国移动, Date: None, Delay: -1 ms, Speed: 0.00 M/s, Resolution: None
Name: CCTV-3, URL: https://smart.pendy.dpdns.org/Smart.php?id=cctv3, From: subscribe, IPv_Type: ipv6, Location: 美国, ISP: CloudFlare Inc., Date: None, Delay: 0.1 ms, Speed: inf M/s, Resolution: 1920x1080
Name: CCTV-3, URL: http://[2409:8087:1a01:df::4077]/ottrrs.hl.chinamobile.com/PLTV/88888888/224/3221226021/index.m3u8, From: subscribe, IPv_Type: ipv6, Location: 中国, ISP: 中国移动, Date: None, Delay: -1 ms, Speed: 0.00 M/s, Resolution: None
Name: CCTV-3, URL: http://[2409:8087:8:21::18]:6610/otttv.bj.chinamobile.com/PLTV/88888888/224/3221226456/1.m3u8, From: subscribe, IPv_Type: ipv6, Location: 中国, ISP: 中国移动, Date: None, Delay: 0.1 ms, Speed: inf M/s, Resolution: 1920x1080
Name: CCTV-3, URL: http://[2409:8087:4c0a:22:1::11]:6410/170000001115/UmaiCHAN638727c125355/index.m3u8?AuthInfo=9kOOdBn7MFF%2F2bWjKgahUSPTZ4CK5oLfjaEYe9dogNMUNNEYLCPUtKY62j1Wp5u04wipypKUQ1TTuR2lXvBl5YpHqBJmlA19x22TD9bUOjk, From: subscribe, IPv_Type: ipv6, Location: 中国, ISP: 中国移动, Date: None, Delay: 0.1 ms, Speed: inf M/s, Resolution: 1920x1080
Name: CCTV-3, URL: http://[2409:8087:1a0a:df::404b]/ottrrs.hl.chinamobile.com/TVOD/88888888/224/3221226021/index.m3u8, From: subscribe, IPv_Type: ipv6, Location: 中国, ISP: 中国移动, Date: None, Delay: 0.1 ms, Speed: inf M/s, Resolution: 1920x1080
Name: CCTV-3, URL: http://iptv.cdn.ha.chinamobile.com/PLTV/88888888/224/3221227333/index.m3u8, From: subscribe, IPv_Type: ipv6, Location: 中国, ISP: 中国移动, Date: None, Delay: 0.1 ms, Speed: inf M/s, Resolution: 1920x1080
Name: CCTV-3, URL: https://www.freetv.top/migu/624878271.m3u8?migutoken=35ee1318e92e1d47aa4e9ad2f98c1ca771a9ca57db36d1e18c3a4fabedd68b40ee0c4c4724347e54708380241e58d714dde21dcbd0f2eff4373c9d9f7f1508646f22febd08f5c3a8c755f6ef1e, From: subscribe, IPv_Type: ipv6, Location: 美国-加利福尼亚州-圣克拉拉, ISP: DigitalOcean, Date: None, Delay: 0.1 ms, Speed: inf M/s, Resolution: 1920x1080
Name: CCTV-3, URL: http://yc.myds.me:35455/gaoma/cctv3.m3u8, From: subscribe, IPv_Type: ipv6, Location: 中国, ISP: 中国电信, Date: None, Delay: 0.1 ms, Speed: inf M/s, Resolution: 1920x1080
Name: CCTV-3, URL: http://nas.suntao.online:35455/itv/6000000001000022313.m3u8?cdn=wasusyt, From: subscribe, IPv_Type: ipv6, Location: 中国, ISP: 中国联通, Date: None, Delay: 0.1 ms, Speed: inf M/s, Resolution: 1920x1080
Name: CCTV-3, URL: http://www.freetv.top/migu/624878271.m3u8?migutoken=21306af96cf9259457600792df858b0d339bc7203aeb7e1a6ee6ec6ec3832a2736936029fe2583dcf971676870fdf0afbdee5be786e50af2ac6a8825673cc860d7988f44d0c5c4bc1931259698, From: subscribe, IPv_Type: ipv6, Location: 美国-加利福尼亚州-圣克拉拉, ISP: DigitalOcean, Date: None, Delay: 0.1 ms, Speed: inf M/s, Resolution: 1920x1080
Name: CCTV-3, URL: https://stream1.freetv.fun/b670e71aa7496c31573fb6634748c2aa292b1dfa63656d10f2bbdb33b49a23fd.m3u8, From: subscribe, IPv_Type: ipv6, Location: 美国, ISP: CloudFlare Inc., Date: None, Delay: 0.1 ms, Speed: inf M/s, Resolution: 1920x1080
Name: CCTV-3, URL: http://hwrr.jx.chinamobile.com:8080/PLTV/88888888/224/3221225634/index.m3u8, From: subscribe, IPv_Type: ipv6, Location: 中国, ISP: 中国移动, Date: None, Delay: 0.1 ms, Speed: inf M/s, Resolution: 1920x1080
Name: CCTV-3, URL: http://lu.wqwqwq.sbs/itv/1000000005000265003.m3u8?cdn=ystenlive, From: subscribe, IPv_Type: ipv6, Location: 美国, ISP: CloudFlare Inc., Date: None, Delay: 0.1 ms, Speed: inf M/s, Resolution: 1920x1080
Name: CCTV-3, URL: http://dbiptv.sn.chinamobile.com/PLTV/88888890/224/3221226397/index.m3u8, From: subscribe, IPv_Type: ipv6, Location: 中国, ISP: 中国移动, Date: None, Delay: 0.1 ms, Speed: inf M/s, Resolution: 1920x1080
Name: CCTV-3, URL: http://zteres.sn.chinamobile.com:6060/000000001000/5000000004000008883/1.m3u8?channel-id=bestzb&Contentid=5000000004000008883&livemode=1&stbId=3, From: subscribe, IPv_Type: ipv6, Location: 中国, ISP: 中国移动, Date: None, Delay: 0.1 ms, Speed: inf M/s, Resolution: 1920x1080
Name: CCTV-3, URL: http://[2409:8087:2001:20:2800:0:df6e:eb20]/ott.mobaibox.com/PLTV/4/224/3221228499/index.m3u8, From: subscribe, IPv_Type: ipv6, Location: 中国, ISP: 中国移动, Date: None, Delay: 0.1 ms, Speed: inf M/s, Resolution: 1920x1080
Name: CCTV-3, URL: http://[2409:8087:5e00:24::1f]:6060/ZTE_CMS/00000001000000060000000000000382/index.m3u8, From: subscribe, IPv_Type: ipv6, Location: 中国, ISP: 中国移动, Date: None, Delay: 0.1 ms, Speed: inf M/s, Resolution: 1920x1080
Name: CCTV-3, URL: http://[2409:8087:74f0:22::4]:6410/270000001111/1110000303/index.m3u8, From: subscribe, IPv_Type: ipv6, Location: 中国, ISP: 中国移动, Date: None, Delay: 0.1 ms, Speed: inf M/s, Resolution: 1920x1080
Name: CCTV-3, URL: http://[2409:8087:1a01:df::7005]/ottrrs.hl.chinamobile.com/PLTV/88888888/224/3221226021/index.m3u8, From: subscribe, IPv_Type: ipv6, Location: 中国, ISP: 中国移动, Date: None, Delay: 0.1 ms, Speed: inf M/s, Resolution: 1920x1080
Name: CCTV-3, URL: http://[2409:8087:3869:8021:1001::e5]:6610/PLTV/88888910/224/3221225634/index.m3u8, From: subscribe, IPv_Type: ipv6, Location: 中国, ISP: 中国移动, Date: None, Delay: -1 ms, Speed: 0.00 M/s, Resolution: None
Name: CCTV-3, URL: http://rrs01.hw.gmcc.net:8088/PLTV/81/224/3221226720/1.m3u8, From: subscribe, IPv_Type: ipv6, Location: 中国, ISP: 中国移动, Date: None, Delay: -1 ms, Speed: 0.00 M/s, Resolution: None
Name: CCTV-3, URL: http://k.061899.xyz/m.php?id=cctv3, From: subscribe, IPv_Type: ipv6, Location: 新加坡, ISP: Aceville Pte.Ltd., Date: None, Delay: -1 ms, Speed: 0.00 M/s, Resolution: None
Name: CCTV-3, URL: http://[2409:8087:1a15:10d1::36]/ottrrs.hl.chinamobile.com/PLTV/88888888/224/3221226021/index.m3u8, From: subscribe, IPv_Type: ipv6, Location: 中国, ISP: 中国移动, Date: None, Delay: -1 ms, Speed: 0.00 M/s, Resolution: None
Name: CCTV-3, URL: http://[2409:8087:1a15:10d1::37]/ottrrs.hl.chinamobile.com/PLTV/88888888/224/3221226021/index.m3u8, From: subscribe, IPv_Type: ipv6, Location: 中国, ISP: 中国移动, Date: None, Delay: -1 ms, Speed: 0.00 M/s, Resolution: None
Name: CCTV-3, URL: http://[2409:8087:5e00:24::1e]:6060/200000001898/460000089800010138/1.m3u8, From: subscribe, IPv_Type: ipv6, Location: 中国, ISP: 中国移动, Date: None, Delay: -1 ms, Speed: 0.00 M/s, Resolution: None
Name: CCTV-3, URL: http://[2409:8087:5e08:25::16]:6610/200000001898/460000089800010138/1.m3u8, From: subscribe, IPv_Type: ipv6, Location: 中国, ISP: 中国移动, Date: None, Delay: -1 ms, Speed: 0.00 M/s, Resolution: None
Name: CCTV-3, URL: https://migu.188766.xyz/?migutoken=bf3ee022764a084a05111476c70bbc51&id=CCTV3&pp=1, From: subscribe, IPv_Type: ipv6, Location: 美国, ISP: CloudFlare Inc., Date: None, Delay: -1 ms, Speed: 0.00 M/s, Resolution: None
Name: CCTV-3, URL: https://cc06.tv12.xyz/3.m3u8, From: subscribe, IPv_Type: ipv6, Location: 美国, ISP: CloudFlare Inc., Date: None, Delay: -1 ms, Speed: 0.00 M/s, Resolution: None
Name: CCTV-3, URL: http://13937899.xyz:35455/gaoma/cctv3.m3u8, From: subscribe, IPv_Type: ipv6, Location: 中国, ISP: 中国电信, Date: None, Delay: -1 ms, Speed: 0.00 M/s, Resolution: None
Name: CCTV-3, URL: http://zjzcf.synology.me:35455/gaoma/cctv3.m3u8, From: subscribe, IPv_Type: ipv6, Location: 中国, ISP: 中国移动, Date: None, Delay: -1 ms, Speed: 0.00 M/s, Resolution: None
Name: CCTV-3, URL: http://gslbmgsplive.miguvideo.com/wd_r2/2018/ocn/cctv3hd/2000/index.m3u8?msisdn=20250919080130f546de490ceb448b991eb6bb092b74f9&mdspid=&spid=699004&netType=0&sid=5500212864&pid=2028597139&timestamp=20250919080130&Channel_ID=0116_2600000900-99000-201600010010027&ProgramID=624878271&ParentNodeID=-99&assertID=5500212864&client_ip=106.13.250.88&SecurityKey=20250919080130&promotionId=&mvid=5100001683&mcid=500020&playurlVersion=WX-A1-8.9.1-RELEASE&userid=&jmhm=&videocodec=h264&bean=mgspad&tid=android&conFee=0&puData=e0a93d23c2330bcf40f7aacba27b9449&ddCalcu=9e40e4a1994b307d22a3bcc2a3a370fb0c4f, From: subscribe, IPv_Type: ipv6, Location: 中国, ISP: 中国移动, Date: None, Delay: -1 ms, Speed: 0.00 M/s, Resolution: None
Name: CCTV-3, URL: https://jzb.wwkejishe.top/?id=580, From: subscribe, IPv_Type: ipv6, Location: 美国, ISP: CloudFlare Inc., Date: None, Delay: -1 ms, Speed: 0.00 M/s, Resolution: None
Name: CCTV-3, URL: https://iptv.catvod.com/live.php?id=CCTV3%E7%BB%BC%E8%89%BA, From: subscribe, IPv_Type: ipv6, Location: 美国, ISP: CloudFlare Inc., Date: None, Delay: -1 ms, Speed: 0.00 M/s, Resolution: None
Name: CCTV-3, URL: https://shyd.695847.xyz/cms001/ch00000090990000001186/index.m3u8?IASHttpSessionId=RR4967720251014100028031761&ispcode=12, From: subscribe, IPv_Type: ipv6, Location: 美国, ISP: CloudFlare Inc., Date: None, Delay: -1 ms, Speed: 0.00 M/s, Resolution: None
Name: CCTV-3, URL: https://live.chinacert.cftest5.cn/mg/?id=624878271, From: subscribe, IPv_Type: ipv6, Location: 中国, ISP: 中国联通, Date: None, Delay: -1 ms, Speed: 0.00 M/s, Resolution: None
Name: CCTV-3, URL: http://mgsp-zy2.live.miguvideo.com:8088/wd_r2/2018/ocn/cctv3hd/2000/index.m3u8?msisdn=e55e9ee71b42d2d7008a152c069625e3&mdspid=&spid=699004&netType=0&sid=5500212864&pid=2028597139&timestamp=20260216080220&Channel_ID=0116_2600034600-99000-201600010010028&ProgramID=624878271&ParentNodeID=-99&assertID=5500212864&client_ip=218.28.233.106&SecurityKey=20260216080220&promotionId=&mvid=5100001683&mcid=500020&playurlVersion=WX-A1-9.2.1-RELEASE&userid=&jmhm=&videocodec=h264&appCode=miguvideo_android&bean=mgspad&tid=android&conFee=0&encrypt=8a8318f26cf888d5c563fc9674610049&sv=10004&ct=android, From: subscribe, IPv_Type: ipv6, Location: 中国, ISP: 中国电信, Date: None, Delay: -1 ms, Speed: 0.00 M/s, Resolution: None
Name: CCTV-3, URL: http://mgsp-hs2.live.miguvideo.com:8088/wd_r2/2018/ocn/cctv3hd/2000/index.m3u8?msisdn=e55e9ee71b42d2d7008a152c069625e3&mdspid=&spid=699004&netType=0&sid=5500212864&pid=2028597139&timestamp=20260217084013&Channel_ID=0116_2600034600-99000-201600010010028&ProgramID=624878271&ParentNodeID=-99&assertID=5500212864&client_ip=218.28.233.106&SecurityKey=20260217084013&promotionId=&mvid=5100001683&mcid=500020&playurlVersion=WX-A1-9.2.1-RELEASE&userid=&jmhm=&videocodec=h264&appCode=miguvideo_android&bean=mgspad&tid=android&conFee=0&encrypt=80933c569cb72453b609de214a525e7d&sv=10004&ct=android, From: subscribe, IPv_Type: ipv6, Location: 中国, ISP: 中国移动, Date: None, Delay: -1 ms, Speed: 0.00 M/s, Resolution: None
Name: CCTV-3, URL: http://mgsp-yx2.live.miguvideo.com:8088/wd_r2/2018/ocn/cctv3hd/2000/index.m3u8?msisdn=2be6b2ec9fcf10d2c2457e2c710e172c&mdspid=&spid=699004&netType=0&sid=5500212864&pid=2028597139&timestamp=20260226080220&Channel_ID=0116_2600034600-99000-201600010010028&ProgramID=624878271&ParentNodeID=-99&assertID=5500212864&client_ip=218.28.233.106&SecurityKey=20260226080220&promotionId=&mvid=5100001683&mcid=500020&playurlVersion=WX-A1-9.2.1-RELEASE&userid=&jmhm=&videocodec=h264&appCode=miguvideo_android&bean=mgspad&tid=android&conFee=0&encrypt=34c717462ae204b9cc42eedec9c04f47&sv=10004&ct=android, From: subscribe, IPv_Type: ipv6, Location: 中国, ISP: 中国电信, Date: None, Delay: -1 ms, Speed: 0.00 M/s, Resolution: None
Name: CCTV-3, URL: https://t.freetv.fun/live/cctv3-5.php, From: subscribe, IPv_Type: ipv6, Location: 美国, ISP: CloudFlare Inc., Date: None, Delay: -1 ms, Speed: 0.00 M/s, Resolution: None
Name: CCTV-4, URL: http://php.jdshipin.com/TVOD/hljyd.php?id=3221226428, From: subscribe, IPv_Type: ipv6, Location: 美国, ISP: CloudFlare Inc., Date: None, Delay: 0.1 ms, Speed: inf M/s, Resolution: 1920x1080
Name: CCTV-4, URL: http://z.b.bkpcp.top/m.php?id=CCTV-4国际, From: subscribe, IPv_Type: ipv6, Location: 美国, ISP: CloudFlare Inc., Date: None, Delay: 0.1 ms, Speed: inf M/s, Resolution: 1920x1080
Name: CCTV-4, URL: http://iptv.huuc.edu.cn/hls/cctv4hd.m3u8, From: subscribe, IPv_Type: ipv6, Location: 中国, ISP: 教育网, Date: None, Delay: 0.1 ms, Speed: inf M/s, Resolution: 1920x1080
Name: CCTV-4, URL: https://www.freetv.top/migu/631780421.m3u8?migutoken=fefc6a44400a0dd448699ae0ce3d6e2c5a0f49b8d48adb36e747c4fbab039337eb3244f9951acbddaf26b7bf51597a7d1b43c8845e67fd5914ece875dcad325bb388200bc0f12fdff727d03e2d, From: subscribe, IPv_Type: ipv6, Location: 美国-加利福尼亚州-圣克拉拉, ISP: DigitalOcean, Date: None, Delay: 0.1 ms, Speed: inf M/s, Resolution: 1920x1080
Name: CCTV-4, URL: https://smart.pendy.dpdns.org/Smart.php?id=cctv4, From: subscribe, IPv_Type: ipv6, Location: 美国, ISP: CloudFlare Inc., Date: None, Delay: 0.1 ms, Speed: inf M/s, Resolution: 1920x1080
Name: CCTV-4, URL: http://goo.bkpcp.top/mg/cctv4o, From: subscribe, IPv_Type: ipv6, Location: 美国, ISP: CloudFlare Inc., Date: None, Delay: 0.1 ms, Speed: inf M/s, Resolution: 1920x1080
Name: CCTV-4, URL: http://[2409:8087:1a01:df::4077]/ottrrs.hl.chinamobile.com/PLTV/88888888/8/3221226007/index.m3u8, From: subscribe, IPv_Type: ipv6, Location: 中国, ISP: 中国移动, Date: None, Delay: 0.1 ms, Speed: inf M/s, Resolution: 1920x1080
Name: CCTV-4, URL: http://[2409:8087:1:20:20::29]/otttv.bj.chinamobile.com/PLTV/88888888/224/3221226335/1.m3u8?servicetype=1&accountinfo=%7E%7EV2.0%7EBFJ5gRpm8ntK8JEFPZOhLQ%7EPepnxHHB2d6Hk2dZWM77MyFlBN5q1KnYLvimM9pqT7EfCf-e5nKehMQzrOBwWduf%7EExtInfo9bj61dxzlMXrsixrqcFYPg%3A20240420192542%2C%2C%2C20240420192542%2C%2C10001000275495%2C-1%2C0%2C1%2C-1%2C%2C2%2C2201300%2C%2C%2C2%2C%2C%2CEND&GuardEncType=2, From: subscribe, IPv_Type: ipv6, Location: 中国, ISP: 中国移动, Date: None, Delay: 0.1 ms, Speed: inf M/s, Resolution: 1920x1080
Name: CCTV-4, URL: http://[2409:8087:8:21::18]:6610/otttv.bj.chinamobile.com/PLTV/88888888/224/3221226335/1.m3u8, From: subscribe, IPv_Type: ipv6, Location: 中国, ISP: 中国移动, Date: None, Delay: 0.1 ms, Speed: inf M/s, Resolution: 1920x1080
Name: CCTV-4, URL: http://[2409:8087:1a0a:df::404b]/ottrrs.hl.chinamobile.com/TVOD/88888888/224/3221226428/index.m3u8, From: subscribe, IPv_Type: ipv6, Location: 中国, ISP: 中国移动, Date: None, Delay: 0.1 ms, Speed: inf M/s, Resolution: 1920x1080
Name: CCTV-4, URL: http://www.freetv.top/migu/631780421.m3u8?migutoken=7acf39385ea80b0efa77b918418fcf998d00455e8b98e02dff92961440d989e3b7da00ef24731d327c410f2ef9ceb51e2137c20b2b606646542ce4643521747bf78b7533b3ec604bba63ffdf43, From: subscribe, IPv_Type: ipv6, Location: 美国-加利福尼亚州-圣克拉拉, ISP: DigitalOcean, Date: None, Delay: 0.1 ms, Speed: inf M/s, Resolution: 1920x1080
Name: CCTV-4, URL: http://yc.myds.me:35455/gaoma/cctv4.m3u8, From: subscribe, IPv_Type: ipv6, Location: 中国, ISP: 中国电信, Date: None, Delay: 0.1 ms, Speed: inf M/s, Resolution: 1920x1080
Name: CCTV-4, URL: http://iptv.cdn.ha.chinamobile.com/PLTV/88888888/224/3221227235/index.m3u8, From: subscribe, IPv_Type: ipv6, Location: 中国, ISP: 中国移动, Date: None, Delay: 0.1 ms, Speed: inf M/s, Resolution: 1920x1080
Name: CCTV-4, URL: https://stream1.freetv.fun/0e299805282d3470a1b2622405ec34d49fe09424ab15bdeaa14eb2442bb3c9cf.m3u8, From: subscribe, IPv_Type: ipv6, Location: 美国, ISP: CloudFlare Inc., Date: None, Delay: 0.1 ms, Speed: inf M/s, Resolution: 1920x1080
Name: CCTV-4, URL: http://lu.wqwqwq.sbs/itv/1000000005000265004.m3u8?cdn=ystenlive, From: subscribe, IPv_Type: ipv6, Location: 美国, ISP: CloudFlare Inc., Date: None, Delay: 0.1 ms, Speed: inf M/s, Resolution: 1920x1080
Name: CCTV-4, URL: http://[2409:8087:5e01:34::22]:6610/ZTE_CMS/00000001000000060000000000000485/index.m3u8?IAS, From: subscribe, IPv_Type: ipv6, Location: 中国, ISP: 中国移动, Date: None, Delay: 0.1 ms, Speed: inf M/s, Resolution: 1920x1080
Name: CCTV-4, URL: http://[2409:8087:5e01:34::23]:6610/ZTE_CMS/00000001000000060000000000000485/index.m3u8?IAS, From: subscribe, IPv_Type: ipv6, Location: 中国, ISP: 中国移动, Date: None, Delay: 0.1 ms, Speed: inf M/s, Resolution: 1920x1080
Name: CCTV-4, URL: http://[2409:8087:5e01:34::21]:6610/ZTE_CMS/00000001000000060000000000000485/index.m3u8?IAS, From: subscribe, IPv_Type: ipv6, Location: 中国, ISP: 中国移动, Date: None, Delay: 0.1 ms, Speed: inf M/s, Resolution: 1920x1080
Name: CCTV-4, URL: http://[2409:8087:5e01:34::20]:6610/ZTE_CMS/00000001000000060000000000000485/index.m3u8?IAS, From: subscribe, IPv_Type: ipv6, Location: 中国, ISP: 中国移动, Date: None, Delay: 0.1 ms, Speed: inf M/s, Resolution: 1920x1080
Name: CCTV-4, URL: http://dbiptv.sn.chinamobile.com/PLTV/88888890/224/3221226191/index.m3u8, From: subscribe, IPv_Type: ipv6, Location: 中国, ISP: 中国移动, Date: None, Delay: 0.1 ms, Speed: inf M/s, Resolution: 1920x1080
Name: CCTV-4, URL: http://zteres.sn.chinamobile.com:6060/000000001000/5000000011000031102/1.m3u8?channel-id=bestzb&Contentid=5000000011000031102&livemode=1&stbId=3, From: subscribe, IPv_Type: ipv6, Location: 中国, ISP: 中国移动, Date: None, Delay: 0.1 ms, Speed: inf M/s, Resolution: 1920x1080
Name: CCTV-4, URL: http://[2409:8087:4c0a:22:1::11]:6410/170000001115/UmaiCHAN5000037BESTVSMGSMG/index.m3u8?AuthInfo=9kOOdBn7MFF%2F2bWjKgahUSpr1AVNI633ampcuzdN%2BfH0ZQXwaiVktPr6ILPKXqwOUC2ZXft7ZULN6h9qLQPFOTSlVTfophiKaMb8h1kPV74, From: subscribe, IPv_Type: ipv6, Location: 中国, ISP: 中国移动, Date: None, Delay: 0.1 ms, Speed: inf M/s, Resolution: 1920x1080
Name: CCTV-4, URL: http://[2409:8087:2001:20:2800:0:df6e:eb21]:80/PLTV/1/224/3221231032/1.m3u8, From: subscribe, IPv_Type: ipv6, Location: 中国, ISP: 中国移动, Date: None, Delay: 0.1 ms, Speed: inf M/s, Resolution: 1920x1080
Name: CCTV-4, URL: http://[2409:8087:2001:20:2800:0:df6e:eb20]:80/PLTV/1/224/3221230948/1.m3u8, From: subscribe, IPv_Type: ipv6, Location: 中国, ISP: 中国移动, Date: None, Delay: 0.1 ms, Speed: inf M/s, Resolution: 1920x1080
Name: CCTV-4, URL: http://[2409:8087:5e01:34::38]:6610/ZTE_CMS/00000001000000060000000000000485/index.m3u8, From: subscribe, IPv_Type: ipv6, Location: 中国, ISP: 中国移动, Date: None, Delay: 0.1 ms, Speed: inf M/s, Resolution: 1920x1080
Name: CCTV-4, URL: http://[2409:8087:5e00:24::1e]:6060/200000001898/460000089800010017/index.m3u8, From: subscribe, IPv_Type: ipv6, Location: 中国, ISP: 中国移动, Date: None, Delay: 0.1 ms, Speed: inf M/s, Resolution: 1920x1080
Name: CCTV-4, URL: http://[2409:8087:5e00:24::1f]:6060/ZTE_CMS/00000001000000060000000000000485/index.m3u8, From: subscribe, IPv_Type: ipv6, Location: 中国, ISP: 中国移动, Date: None, Delay: 0.1 ms, Speed: inf M/s, Resolution: 1920x1080
Name: CCTV-4, URL: http://[2409:8087:74f0:22::4]:6410/270000001128/9900000503/index.m3u8, From: subscribe, IPv_Type: ipv6, Location: 中国, ISP: 中国移动, Date: None, Delay: 0.1 ms, Speed: inf M/s, Resolution: 1920x1080
Name: CCTV-4, URL: http://[2409:8087:1a01:df::7005]/ottrrs.hl.chinamobile.com/PLTV/88888888/224/3221226428/index.m3u8, From: subscribe, IPv_Type: ipv6, Location: 中国, ISP: 中国移动, Date: None, Delay: 0.1 ms, Speed: inf M/s, Resolution: 1920x1080
Name: CCTV-4, URL: http://[2409:8087:3869:8021:1001::e5]:6610/PLTV/88888910/224/3221225621/index.m3u8, From: subscribe, IPv_Type: ipv6, Location: 中国, ISP: 中国移动, Date: None, Delay: -1 ms, Speed: 0.00 M/s, Resolution: None
Name: CCTV-4, URL: http://rrs01.hw.gmcc.net:8088/PLTV/81/224/3221226725/1.m3u8, From: subscribe, IPv_Type: ipv6, Location: 中国, ISP: 中国移动, Date: None, Delay: -1 ms, Speed: 0.00 M/s, Resolution: None
Name: CCTV-4, URL: http://k.061899.xyz/m.php?id=cctv4, From: subscribe, IPv_Type: ipv6, Location: 新加坡, ISP: Aceville Pte.Ltd., Date: None, Delay: -1 ms, Speed: 0.00 M/s, Resolution: None
Name: CCTV-4, URL: http://[2409:8087:1a15:10d1::38]/ottrrs.hl.chinamobile.com/PLTV/88888888/224/3221226428/index.m3u8, From: subscribe, IPv_Type: ipv6, Location: 中国, ISP: 中国移动, Date: None, Delay: -1 ms, Speed: 0.00 M/s, Resolution: None
Name: CCTV-4, URL: http://[2409:8087:1a15:10d1::33]/ottrrs.hl.chinamobile.com/PLTV/88888888/224/3221226428/index.m3u8, From: subscribe, IPv_Type: ipv6, Location: 中国, ISP: 中国移动, Date: None, Delay: -1 ms, Speed: 0.00 M/s, Resolution: None
Name: CCTV-4, URL: http://[2409:8087:5e08:25::16]:6610/200000001898/460000089800010017/1.m3u8, From: subscribe, IPv_Type: ipv6, Location: 中国, ISP: 中国移动, Date: None, Delay: -1 ms, Speed: 0.00 M/s, Resolution: None
Name: CCTV-4, URL: https://mursor.ottiptv.cc/migu/631780421.m3u8?migutoken=7f3164d57099adfd5bef74e9b64125cd18586cacd57f5ccfbcd97e6455801679cdce43ec23a90d6dece6eed81daf7e0639b147f51f25d1d23304154572a003c8021e3ab2d5ea7367911b280baf, From: subscribe, IPv_Type: ipv6, Location: 美国, ISP: Oracle Corporation, Date: None, Delay: -1 ms, Speed: 0.00 M/s, Resolution: None
Name: CCTV-4, URL: https://migu.188766.xyz/?migutoken=c573e257482f59465b32672a59f0b384&id=CCTV4%E7%BE%8E%E6%B4%B2&type=yy, From: subscribe, IPv_Type: ipv6, Location: 美国, ISP: CloudFlare Inc., Date: None, Delay: -1 ms, Speed: 0.00 M/s, Resolution: None
Name: CCTV-4, URL: https://cc06.tv12.xyz/4.m3u8, From: subscribe, IPv_Type: ipv6, Location: 美国, ISP: CloudFlare Inc., Date: None, Delay: -1 ms, Speed: 0.00 M/s, Resolution: None
Name: CCTV-4, URL: https://mgtv.ottiptv.cc/migu/631780421.m3u8?migutoken=2a721ee673857ec51ec38e4058ffbaece8b0969aac5e70428be6576885514423f35c3ecd16a8d4f669932daf37247aac4e09676b42181734a14abc361919d2f2d632be9976004e9f164354cb06, From: subscribe, IPv_Type: ipv6, Location: 美国-新泽西州-巴赛克, ISP: DigitalOcean, Date: None, Delay: -1 ms, Speed: 0.00 M/s, Resolution: None
Name: CCTV-4, URL: http://gslbmgsplive.miguvideo.com/wd_r2/cctv/cctv4hd/1500/index.m3u8?msisdn=202509190801308fe70f6dc4854c3fad185f53c57d5cc0&mdspid=&spid=699004&netType=0&sid=5500346947&pid=2028597139&timestamp=20250919080130&Channel_ID=0116_2600000900-99000-201600010010027&ProgramID=631780421&ParentNodeID=-99&assertID=5500346947&client_ip=106.13.250.88&SecurityKey=20250919080130&promotionId=&mvid=5101064235&mcid=500020&playurlVersion=WX-A1-8.9.1-RELEASE&userid=&jmhm=&videocodec=h264&bean=mgspad&tid=android&conFee=0&puData=2e7eb244df5a42302584ddc673524601&ddCalcu=120ee6714e12b05234746dcfd5da44825320, From: subscribe, IPv_Type: ipv6, Location: 中国, ISP: 中国移动, Date: None, Delay: -1 ms, Speed: 0.00 M/s, Resolution: None
Name: CCTV-4, URL: https://iptv.catvod.com/live.php?id=CCTV4%E6%AC%A7%E6%B4%B2, From: subscribe, IPv_Type: ipv6, Location: 美国, ISP: CloudFlare Inc., Date: None, Delay: -1 ms, Speed: 0.00 M/s, Resolution: None
Name: CCTV-4, URL: https://shyd.695847.xyz/cms001/ch00000090990000001221/index.m3u8?IASHttpSessionId=RR4967720251014100028031761&ispcode=12, From: subscribe, IPv_Type: ipv6, Location: 美国, ISP: CloudFlare Inc., Date: None, Delay: -1 ms, Speed: 0.00 M/s, Resolution: None
Name: CCTV-4, URL: https://live.chinacert.cftest5.cn/mg/?id=631780421, From: subscribe, IPv_Type: ipv6, Location: 中国, ISP: 中国联通, Date: None, Delay: -1 ms, Speed: 0.00 M/s, Resolution: None
Name: CCTV-4, URL: https://dash2.antik.sk/live/test_cctv_tizen/playlist.m3u8, From: subscribe, IPv_Type: ipv6, Location: 斯洛伐克, ISP: , Date: None, Delay: -1 ms, Speed: 0.00 M/s, Resolution: None
Name: CCTV-4, URL: http://mgsp-zy2.live.miguvideo.com:8088/migu/kailu/cctv4hd265/51/20191230/index.m3u8?msisdn=e55e9ee71b42d2d7008a152c069625e3&mdspid=&spid=699004&netType=0&sid=5500346947&pid=2028597139&timestamp=20260215080203&Channel_ID=0116_2600034600-99000-201600010010028&ProgramID=631780421&ParentNodeID=-99&assertID=5500346947&client_ip=218.28.233.106&SecurityKey=20260215080203&promotionId=&mvid=5101064235&mcid=500020&playurlVersion=WX-A1-9.2.1-RELEASE&userid=&jmhm=&videocodec=h265&appCode=miguvideo_android&bean=mgspad&tid=android&conFee=0&encrypt=2f34d8e1de5f0773dfca75c771d9411c&sv=10004&ct=android, From: subscribe, IPv_Type: ipv6, Location: 中国, ISP: 中国电信, Date: None, Delay: -1 ms, Speed: 0.00 M/s, Resolution: None
Name: CCTV-4, URL: http://mgsp-yx2.live.miguvideo.com:8088/migu/kailu/cctv4hd265/51/20191230/index.m3u8?msisdn=e55e9ee71b42d2d7008a152c069625e3&mdspid=&spid=699004&netType=0&sid=5500346947&pid=2028597139&timestamp=20260216080220&Channel_ID=0116_2600034600-99000-201600010010028&ProgramID=631780421&ParentNodeID=-99&assertID=5500346947&client_ip=218.28.233.106&SecurityKey=20260216080220&promotionId=&mvid=5101064235&mcid=500020&playurlVersion=WX-A1-9.2.1-RELEASE&userid=&jmhm=&videocodec=h265&appCode=miguvideo_android&bean=mgspad&tid=android&conFee=0&encrypt=3aeaadab9de49d392c86d9ad4d1934b9&sv=10004&ct=android, From: subscribe, IPv_Type: ipv6, Location: 中国, ISP: 中国电信, Date: None, Delay: -1 ms, Speed: 0.00 M/s, Resolution: None
Name: CCTV-4, URL: http://mgsp-hs2.live.miguvideo.com:8088/migu/kailu/cctv4hd265/51/20191230/index.m3u8?msisdn=2be6b2ec9fcf10d2c2457e2c710e172c&mdspid=&spid=699004&netType=0&sid=5500346947&pid=2028597139&timestamp=20260302080221&Channel_ID=0116_2600034600-99000-201600010010028&ProgramID=631780421&ParentNodeID=-99&assertID=5500346947&client_ip=218.28.233.106&SecurityKey=20260302080221&promotionId=&mvid=5101064235&mcid=500020&playurlVersion=WX-A1-9.2.1-RELEASE&userid=&jmhm=&videocodec=h265&appCode=miguvideo_android&bean=mgspad&tid=android&conFee=0&encrypt=d06f86d2c4a9ea514cbdce448f0533bd&sv=10004&ct=android, From: subscribe, IPv_Type: ipv6, Location: 中国, ISP: 中国联通, Date: None, Delay: -1 ms, Speed: 0.00 M/s, Resolution: None
Name: CCTV-5, URL: http://php.jdshipin.com/TVOD/hljyd.php?id=3221226019, From: subscribe, IPv_Type: ipv6, Location: 美国, ISP: CloudFlare Inc., Date: None, Delay: 0.1 ms, Speed: inf M/s, Resolution: 1920x1080
Name: CCTV-5, URL: http://iptv.huuc.edu.cn/hls/cctv5hd.m3u8, From: subscribe, IPv_Type: ipv6, Location: 中国, ISP: 教育网, Date: None, Delay: 0.1 ms, Speed: inf M/s, Resolution: 1920x1080
Name: CCTV-5, URL: https://www.freetv.top/migu/641886683.m3u8?migutoken=3e5c01f93922de8d1c940fe15bb47349b27e8f7a2e624dde1a83dff3b2a80f58b7624151a3a4d00488edee34f202818557340903382fae02bb754084eb942bd50e59061df36fab62fb5b908903, From: subscribe, IPv_Type: ipv6, Location: 美国-加利福尼亚州-圣克拉拉, ISP: DigitalOcean, Date: None, Delay: 0.1 ms, Speed: inf M/s, Resolution: 1920x1080
Name: CCTV-5, URL: https://smart.pendy.dpdns.org/Smart.php?id=cctv5, From: subscribe, IPv_Type: ipv6, Location: 美国, ISP: CloudFlare Inc., Date: None, Delay: 0.1 ms, Speed: inf M/s, Resolution: 1920x1080
Name: CCTV-5, URL: https://ldcctvwbcdks.v.kcdnvip.com/ldcctvwbcd/cdrmldcctv5plus_1/index.m3u8?b=200-2100, From: subscribe, IPv_Type: ipv6, Location: 中国, ISP: 中国电信, Date: None, Delay: 0.1 ms, Speed: inf M/s, Resolution: 1920x1080
Name: CCTV-5, URL: http://[2409:8087:1a01:df::4077]:80/ottrrs.hl.chinamobile.com/yinhe/88888888/224/3221226019/index.m3u8, From: subscribe, IPv_Type: ipv6, Location: 中国, ISP: 中国移动, Date: None, Delay: -1 ms, Speed: 0.00 M/s, Resolution: None
Name: CCTV-5, URL: http://[2409:8087:1a0a:df::404b]/ottrrs.hl.chinamobile.com/TVOD/88888888/224/3221226019/index.m3u8, From: subscribe, IPv_Type: ipv6, Location: 中国, ISP: 中国移动, Date: None, Delay: 0.1 ms, Speed: inf M/s, Resolution: 1920x1080
Name: CCTV-5, URL: http://www.freetv.top/migu/641886683.m3u8?migutoken=cea30189b17e30fb3b4876609eb6e3128f840f8ab5db6f9643403213dc9980613938be69b13fe0290d2c44f0052b78d90c669a2f92e28951f92da861b7cba070b55ec1b4fe1a92a2c133c43c4c, From: subscribe, IPv_Type: ipv6, Location: 美国-加利福尼亚州-圣克拉拉, ISP: DigitalOcean, Date: None, Delay: 0.1 ms, Speed: inf M/s, Resolution: 1920x1080
Name: CCTV-5, URL: http://yc.myds.me:35455/gaoma/cctv5.m3u8, From: subscribe, IPv_Type: ipv6, Location: 中国, ISP: 中国电信, Date: None, Delay: 0.1 ms, Speed: inf M/s, Resolution: 1920x1080
Name: CCTV-5, URL: http://nas.suntao.online:35455/itv/1000000005000265005.m3u8?cdn=ystenlive, From: subscribe, IPv_Type: ipv6, Location: 中国, ISP: 中国联通, Date: None, Delay: 0.1 ms, Speed: inf M/s, Resolution: 1920x1080
Name: CCTV-5, URL: http://iptv.cdn.ha.chinamobile.com/PLTV/88888888/224/3221227323/index.m3u8, From: subscribe, IPv_Type: ipv6, Location: 中国, ISP: 中国移动, Date: None, Delay: 0.1 ms, Speed: inf M/s, Resolution: 1920x1080
Name: CCTV-5, URL: http://lu.wqwqwq.sbs/itv/1000000005000265005.m3u8?cdn=ystenlive, From: subscribe, IPv_Type: ipv6, Location: 美国, ISP: CloudFlare Inc., Date: None, Delay: 0.1 ms, Speed: inf M/s, Resolution: 1920x1080
Name: CCTV-5, URL: http://[2409:8087:4c0a:22:1::11]:6410/170000001115/UmaiCHAN63872908d48f9/index.m3u8?AuthInfo=9kOOdBn7MFF%2F2bWjKgahUSBx06ZL9Bo6JOM%2BSTjxZRK254G1jtietGzDaHvFNRtjXOvFnbf%2BTao33JqYlfMYYn2z3agOn9gvNMT9KmBaR9o, From: subscribe, IPv_Type: ipv6, Location: 中国, ISP: 中国移动, Date: None, Delay: 0.1 ms, Speed: inf M/s, Resolution: 1920x1080
Name: CCTV-5, URL: http://[2409:8087:5e01:34::21]:6610/ZTE_CMS/00000001000000060000000000000461/index.m3u8?IAS, From: subscribe, IPv_Type: ipv6, Location: 中国, ISP: 中国移动, Date: None, Delay: 0.1 ms, Speed: inf M/s, Resolution: 1920x1080
Name: CCTV-5, URL: http://[2409:8087:5e01:34::20]:6610/ZTE_CMS/00000001000000060000000000000461/index.m3u8?IAS, From: subscribe, IPv_Type: ipv6, Location: 中国, ISP: 中国移动, Date: None, Delay: 0.1 ms, Speed: inf M/s, Resolution: 1920x1080
Name: CCTV-5, URL: https://stream1.freetv.fun/ipv6-cctv-5-12.m3u8, From: subscribe, IPv_Type: ipv6, Location: 美国, ISP: CloudFlare Inc., Date: None, Delay: 0.1 ms, Speed: inf M/s, Resolution: 1920x1080
Name: CCTV-5, URL: http://zteres.sn.chinamobile.com:6060/000000001000/5000000004000008885/1.m3u8?channel-id=bestzb&Contentid=5000000004000008885&livemode=1&stbId=3, From: subscribe, IPv_Type: ipv6, Location: 中国, ISP: 中国移动, Date: None, Delay: 0.1 ms, Speed: inf M/s, Resolution: 1920x1080
Name: CCTV-5, URL: http://[2409:8087:2001:20:2800:0:df6e:eb21]:80/PLTV/1/224/3221230976/1.m3u8, From: subscribe, IPv_Type: ipv6, Location: 中国, ISP: 中国移动, Date: None, Delay: 0.1 ms, Speed: inf M/s, Resolution: 1920x1080
Name: CCTV-5, URL: http://[2409:8087:5e00:24::1f]:6060/ZTE_CMS/00000001000000060000000000000376/index.m3u8, From: subscribe, IPv_Type: ipv6, Location: 中国, ISP: 中国移动, Date: None, Delay: 0.1 ms, Speed: inf M/s, Resolution: 1920x1080
Name: CCTV-5, URL: http://[2409:8087:5e01:34::22]:6610/ZTE_CMS/00000001000000060000000000000461/index.m3u8?IAS, From: subscribe, IPv_Type: ipv6, Location: 中国, ISP: 中国移动, Date: None, Delay: 0.1 ms, Speed: inf M/s, Resolution: 1920x1080
Name: CCTV-5, URL: https://live.goodiptv.club/api/cqyx.php?id=cctv5HD, From: subscribe, IPv_Type: ipv6, Location: 美国, ISP: CloudFlare Inc., Date: None, Delay: 0.1 ms, Speed: inf M/s, Resolution: 1920x1080
Name: CCTV-5, URL: http://[2409:8087:74f0:22::4]:6410/270000001111/1110000305/index.m3u8, From: subscribe, IPv_Type: ipv6, Location: 中国, ISP: 中国移动, Date: None, Delay: 0.1 ms, Speed: inf M/s, Resolution: 1920x1080
Name: CCTV-5, URL: http://[2409:8087:1a01:df::7005]/ottrrs.hl.chinamobile.com/PLTV/88888888/224/3221226019/index.m3u8, From: subscribe, IPv_Type: ipv6, Location: 中国, ISP: 中国移动, Date: None, Delay: 0.1 ms, Speed: inf M/s, Resolution: 1920x1080
Name: CCTV-5, URL: http://[2409:8087:3869:8021:1001::e5]:6610/PLTV/88888910/224/3221225633/index.m3u8, From: subscribe, IPv_Type: ipv6, Location: 中国, ISP: 中国移动, Date: None, Delay: 0.1 ms, Speed: inf M/s, Resolution: 1920x1080
Name: CCTV-5, URL: http://[2409:8087:8:21::18]:6610/otttv.bj.chinamobile.com/PLTV/88888888/224/3221226469/1.m3u8, From: subscribe, IPv_Type: ipv6, Location: 中国, ISP: 中国移动, Date: None, Delay: -1 ms, Speed: 0.00 M/s, Resolution: None
Name: CCTV-5, URL: http://rrs01.hw.gmcc.net:8088/PLTV/81/224/3221226731/1.m3u8, From: subscribe, IPv_Type: ipv6, Location: 中国, ISP: 中国移动, Date: None, Delay: -1 ms, Speed: 0.00 M/s, Resolution: None
Name: CCTV-5, URL: http://k.061899.xyz/m.php?id=cctv5, From: subscribe, IPv_Type: ipv6, Location: 新加坡, ISP: Aceville Pte.Ltd., Date: None, Delay: -1 ms, Speed: 0.00 M/s, Resolution: None
Name: CCTV-5, URL: http://[2409:8087:1a15:10d1::39]/ottrrs.hl.chinamobile.com/PLTV/88888888/224/3221226019/index.m3u8, From: subscribe, IPv_Type: ipv6, Location: 中国, ISP: 中国移动, Date: None, Delay: -1 ms, Speed: 0.00 M/s, Resolution: None
Name: CCTV-5, URL: http://[2409:8087:1a15:10d1::34]/ottrrs.hl.chinamobile.com/PLTV/88888888/224/3221226019/index.m3u8, From: subscribe, IPv_Type: ipv6, Location: 中国, ISP: 中国移动, Date: None, Delay: -1 ms, Speed: 0.00 M/s, Resolution: None
Name: CCTV-5, URL: http://[2409:8087:5e00:24::1e]:6060/200000001898/460000089800010139/1.m3u8, From: subscribe, IPv_Type: ipv6, Location: 中国, ISP: 中国移动, Date: None, Delay: -1 ms, Speed: 0.00 M/s, Resolution: None
Name: CCTV-5, URL: http://[2409:8087:5e08:25::16]:6610/200000001898/460000089800010139/1.m3u8, From: subscribe, IPv_Type: ipv6, Location: 中国, ISP: 中国移动, Date: None, Delay: -1 ms, Speed: 0.00 M/s, Resolution: None
Name: CCTV-5, URL: https://mursor.ottiptv.cc/migu/641886683.m3u8?migutoken=77f0c548618e5e42bb7bf80c4f009258545d4049642fe079206e982e5f28aa06f2bb8d8ab63f5c519f74f772eef76d514bd132556cf4ae68caabbcc3d4d2efe119537c7e94d9ca40320f25a224, From: subscribe, IPv_Type: ipv6, Location: 美国, ISP: Oracle Corporation, Date: None, Delay: -1 ms, Speed: 0.00 M/s, Resolution: None
Name: CCTV-5, URL: https://migu.188766.xyz/?migutoken=1e9c3a161201a627f096780f090d83c2&id=CCTV5&pp=1, From: subscribe, IPv_Type: ipv6, Location: 美国, ISP: CloudFlare Inc., Date: None, Delay: -1 ms, Speed: 0.00 M/s, Resolution: None
Name: CCTV-5, URL: https://cc06.tv12.xyz/5.m3u8, From: subscribe, IPv_Type: ipv6, Location: 美国, ISP: CloudFlare Inc., Date: None, Delay: -1 ms, Speed: 0.00 M/s, Resolution: None
Name: CCTV-5, URL: https://mgtv.ottiptv.cc/migu/641886683.m3u8?migutoken=19d235eb66fe6837d50534cfea4d8da61f9b102998d97705b2a171a37dae158393b209e109ad778d3d0530219229fb14a96fb654c4621660f520a95c66d913c7c24f647ba5b34f66b45e74dbb0, From: subscribe, IPv_Type: ipv6, Location: 美国-新泽西州-巴赛克, ISP: DigitalOcean, Date: None, Delay: -1 ms, Speed: 0.00 M/s, Resolution: None
Name: CCTV-5, URL: http://gslbmgsplive.miguvideo.com/wd_r2/cctv/cctv5hdnew/1200/index.m3u8?msisdn=202509190801300e6e790f0a2d4510ba2b2e6da9e1a38d&mdspid=&spid=699004&netType=0&sid=5500516171&pid=2028597139&timestamp=20250919080130&Channel_ID=0116_2600000900-99000-201600010010027&ProgramID=641886683&ParentNodeID=-99&assertID=5500516171&client_ip=106.13.250.88&SecurityKey=20250919080130&promotionId=&mvid=5102048712&mcid=500020&playurlVersion=WX-A1-8.9.1-RELEASE&userid=&jmhm=&videocodec=h264&bean=mgspad&tid=android&conFee=0&puData=8690949243aab07ef70427d59fde4d8f&ddCalcu=f886ed91401e90d4f99254d37a2a4b0077fe, From: subscribe, IPv_Type: ipv6, Location: 中国, ISP: 中国移动, Date: None, Delay: -1 ms, Speed: 0.00 M/s, Resolution: None
Name: CCTV-5, URL: https://jzb.wwkejishe.top/?id=582, From: subscribe, IPv_Type: ipv6, Location: 美国, ISP: CloudFlare Inc., Date: None, Delay: -1 ms, Speed: 0.00 M/s, Resolution: None
Name: CCTV-5, URL: https://iptv.catvod.com/live.php?id=CCTV5%E4%BD%93%E8%82%B2, From: subscribe, IPv_Type: ipv6, Location: 美国, ISP: CloudFlare Inc., Date: None, Delay: -1 ms, Speed: 0.00 M/s, Resolution: None
Name: CCTV-5, URL: https://shyd.695847.xyz/cms001/ch00000090990000001187/index.m3u8?IASHttpSessionId=RR4967720251014100028031761&ispcode=12, From: subscribe, IPv_Type: ipv6, Location: 美国, ISP: CloudFlare Inc., Date: None, Delay: -1 ms, Speed: 0.00 M/s, Resolution: None
Name: CCTV-5, URL: https://live.chinacert.cftest5.cn/mg/?id=641886683, From: subscribe, IPv_Type: ipv6, Location: 中国, ISP: 中国联通, Date: None, Delay: -1 ms, Speed: 0.00 M/s, Resolution: None
Name: CCTV-5, URL: http://tvgslb.hn.chinamobile.com:8089/180000001002/00000001000000000099000000197689/main.m3u8?stbid=, From: subscribe, IPv_Type: ipv6, Location: 中国, ISP: 中国移动, Date: None, Delay: -1 ms, Speed: 0.00 M/s, Resolution: None
Name: CCTV-5, URL: http://hwottcdn.ln.chinamobile.com/PLTV/11/224/3221227218/index.m3u8, From: subscribe, IPv_Type: ipv6, Location: 中国, ISP: 中国移动, Date: None, Delay: -1 ms, Speed: 0.00 M/s, Resolution: None
Name: CCTV-5, URL: http://ott.mobaibox.com/PLTV/3/224/3221228502/index.m3u8, From: subscribe, IPv_Type: ipv6, Location: 中国, ISP: 中国移动, Date: None, Delay: -1 ms, Speed: 0.00 M/s, Resolution: None
Name: CCTV-5, URL: http://hwltc.tv.cdn.zj.chinamobile.com/PLTV/88888888/224/3221236444/index.m3u8, From: subscribe, IPv_Type: ipv6, Location: 中国, ISP: 中国移动, Date: None, Delay: -1 ms, Speed: 0.00 M/s, Resolution: None
Name: CCTV-5, URL: https://live.catvod.com/live.php?id=cctv5, From: subscribe, IPv_Type: ipv6, Location: 美国, ISP: CloudFlare Inc., Date: None, Delay: -1 ms, Speed: 0.00 M/s, Resolution: None
Name: CCTV-5, URL: http://mgsp-yx2.live.miguvideo.com:8088/migu/kailu/cctv5hd265/51/20191230/index.m3u8?msisdn=e55e9ee71b42d2d7008a152c069625e3&mdspid=&spid=699004&netType=0&sid=5500516171&pid=2028597139&timestamp=20260215080203&Channel_ID=0116_2600034600-99000-201600010010028&ProgramID=641886683&ParentNodeID=-99&assertID=5500516171&client_ip=218.28.233.106&SecurityKey=20260215080203&promotionId=&mvid=5102048712&mcid=500020&playurlVersion=WX-A1-9.2.1-RELEASE&userid=&jmhm=&videocodec=h265&appCode=miguvideo_android&bean=mgspad&tid=android&conFee=0&encrypt=802e927eb8b7fc80b895d079be04b957&sv=10004&ct=android, From: subscribe, IPv_Type: ipv6, Location: 中国, ISP: 中国电信, Date: None, Delay: -1 ms, Speed: 0.00 M/s, Resolution: None
Name: CCTV-5, URL: http://mgsp-tx2.live.miguvideo.com:8088/migu/kailu/cctv5hd265/51/20191230/index.m3u8?msisdn=e55e9ee71b42d2d7008a152c069625e3&mdspid=&spid=699004&netType=0&sid=5500516171&pid=2028597139&timestamp=20260217084014&Channel_ID=0116_2600034600-99000-201600010010028&ProgramID=641886683&ParentNodeID=-99&assertID=5500516171&client_ip=218.28.233.106&SecurityKey=20260217084014&promotionId=&mvid=5102048712&mcid=500020&playurlVersion=WX-A1-9.2.1-RELEASE&userid=&jmhm=&videocodec=h265&appCode=miguvideo_android&bean=mgspad&tid=android&conFee=0&encrypt=215da25e6e2c9779b528c1c43e481b98&sv=10004&ct=android, From: subscribe, IPv_Type: ipv6, Location: 中国, ISP: 中国联通, Date: None, Delay: -1 ms, Speed: 0.00 M/s, Resolution: None
Name: CCTV-5, URL: http://mgsp-zy2.live.miguvideo.com:8088/migu/kailu/cctv5hd265/51/20191230/index.m3u8?msisdn=2be6b2ec9fcf10d2c2457e2c710e172c&mdspid=&spid=699004&netType=0&sid=5500516171&pid=2028597139&timestamp=20260226080220&Channel_ID=0116_2600034600-99000-201600010010028&ProgramID=641886683&ParentNodeID=-99&assertID=5500516171&client_ip=218.28.233.106&SecurityKey=20260226080220&promotionId=&mvid=5102048712&mcid=500020&playurlVersion=WX-A1-9.2.1-RELEASE&userid=&jmhm=&videocodec=h265&appCode=miguvideo_android&bean=mgspad&tid=android&conFee=0&encrypt=38e6416edf59dc08fd3e8126155a26be&sv=10004&ct=android, From: subscribe, IPv_Type: ipv6, Location: 中国, ISP: 中国电信, Date: None, Delay: -1 ms, Speed: 0.00 M/s, Resolution: None
Name: CCTV-5, URL: http://mgsp-ws2.live.miguvideo.com:8088/migu/kailu/cctv5hd265/51/20191230/index.m3u8?msisdn=2be6b2ec9fcf10d2c2457e2c710e172c&mdspid=&spid=699004&netType=0&sid=5500516171&pid=2028597139&timestamp=20260302080221&Channel_ID=0116_2600034600-99000-201600010010028&ProgramID=641886683&ParentNodeID=-99&assertID=5500516171&client_ip=218.28.233.106&SecurityKey=20260302080221&promotionId=&mvid=5102048712&mcid=500020&playurlVersion=WX-A1-9.2.1-RELEASE&userid=&jmhm=&videocodec=h265&appCode=miguvideo_android&bean=mgspad&tid=android&conFee=0&encrypt=7f55363e6cabc28ad4598a55b8ecedfc&sv=10004&ct=android, From: subscribe, IPv_Type: ipv6, Location: 加拿大, ISP: , Date: None, Delay: -1 ms, Speed: 0.00 M/s, Resolution: None
Name: CCTV-5, URL: https://t.freetv.fun/live/cctv5-5.php, From: subscribe, IPv_Type: ipv6, Location: 美国, ISP: CloudFlare Inc., Date: None, Delay: -1 ms, Speed: 0.00 M/s, Resolution: None
Name: CCTV-5, URL: http://198.204.228.26/live/cctv5p.m3u8, From: subscribe, IPv_Type: ipv4, Location: 美国, ISP: , Date: None, Delay: 633 ms, Speed: 6.69 M/s, Resolution: 1920x1080
Name: CCTV-5+, URL: http://php.jdshipin.com/TVOD/hljyd.php?id=3221225603, From: subscribe, IPv_Type: ipv6, Location: 美国, ISP: CloudFlare Inc., Date: None, Delay: 0.1 ms, Speed: inf M/s, Resolution: 1920x1080
Name: CCTV-5+, URL: https://www.freetv.top/migu/641886773.m3u8?migutoken=03a1b82e35e58cd89a95034ecb29e77e50493397000ec2b1e4d1ce59af01e6420d6dbc068c8230ec03be3a35a20eed8714e0959e3570a08713a7a2e8d86085eabf8f1aa85744c80c38343988b2, From: subscribe, IPv_Type: ipv6, Location: 美国-加利福尼亚州-圣克拉拉, ISP: DigitalOcean, Date: None, Delay: 0.1 ms, Speed: inf M/s, Resolution: 1920x1080
Name: CCTV-5+, URL: http://[2409:8087:1a01:df::4077]/ottrrs.hl.chinamobile.com/PLTV/88888888/224/3221225603/index.m3u8, From: None, IPv_Type: ipv6, Location: 中国, ISP: 中国移动, Date: None, Delay: -1 ms, Speed: 0.00 M/s, Resolution: None
Name: CCTV-5+, URL: https://smart.pendy.dpdns.org/Smart.php?id=cctv5plus, From: subscribe, IPv_Type: ipv6, Location: 美国, ISP: CloudFlare Inc., Date: None, Delay: 0.1 ms, Speed: inf M/s, Resolution: 1920x1080
Name: CCTV-5+, URL: http://[2409:8087:1a0a:df::404b]/ottrrs.hl.chinamobile.com/TVOD/88888888/224/3221225603/index.m3u8, From: subscribe, IPv_Type: ipv6, Location: 中国, ISP: 中国移动, Date: None, Delay: 0.1 ms, Speed: inf M/s, Resolution: 1920x1080
Name: CCTV-5+, URL: http://[2409:8087:8:21::18]:6610/otttv.bj.chinamobile.com/PLTV/88888888/224/3221226349/1.m3u8, From: subscribe, IPv_Type: ipv6, Location: 中国, ISP: 中国移动, Date: None, Delay: 0.1 ms, Speed: inf M/s, Resolution: 1920x1080
Name: CCTV-5+, URL: http://iptv.cdn.ha.chinamobile.com/PLTV/88888888/224/3221227348/index.m3u8, From: subscribe, IPv_Type: ipv6, Location: 中国, ISP: 中国移动, Date: None, Delay: 0.1 ms, Speed: inf M/s, Resolution: 1920x1080
Name: CCTV-5+, URL: http://yc.myds.me:35455/gaoma/cctv5p.m3u8, From: subscribe, IPv_Type: ipv6, Location: 中国, ISP: 中国电信, Date: None, Delay: 0.1 ms, Speed: inf M/s, Resolution: 1920x1080
Name: CCTV-5+, URL: http://nas.suntao.online:35455/itv/6000000001000015875.m3u8?cdn=wasusyt, From: subscribe, IPv_Type: ipv6, Location: 中国, ISP: 中国联通, Date: None, Delay: 0.1 ms, Speed: inf M/s, Resolution: 1920x1080
Name: CCTV-5+, URL: http://hwrr.jx.chinamobile.com:8080/PLTV/88888888/224/3221225649/index.m3u8, From: subscribe, IPv_Type: ipv6, Location: 中国, ISP: 中国移动, Date: None, Delay: 0.1 ms, Speed: inf M/s, Resolution: 1920x1080
Name: CCTV-5+, URL: https://stream1.freetv.fun/88ee08d5c5e75e963f46cba8142888798dde687981709eda707a0b192da8ad4d.ctv, From: subscribe, IPv_Type: ipv6, Location: 美国, ISP: CloudFlare Inc., Date: None, Delay: 0.1 ms, Speed: inf M/s, Resolution: 1920x1080
Name: CCTV-5+, URL: http://lu.wqwqwq.sbs/itv/1000000005000265016.m3u8?cdn=ystenlive, From: subscribe, IPv_Type: ipv6, Location: 美国, ISP: CloudFlare Inc., Date: None, Delay: 0.1 ms, Speed: inf M/s, Resolution: 1920x1080
Name: CCTV-5+, URL: http://www.freetv.top/migu/641886773.m3u8?migutoken=752524a725f1fe3e2f8566518e97cd59f827e367318341fa56132b91af956b4e1cd85f255dd26352c1e9611c76770d0ba4afaf07d71eb65ec9859b3d8239dd7806fb2b21c9410b3e062eab2fcc, From: subscribe, IPv_Type: ipv6, Location: 美国-加利福尼亚州-圣克拉拉, ISP: DigitalOcean, Date: None, Delay: 0.1 ms, Speed: inf M/s, Resolution: 1920x1080
Name: CCTV-5+, URL: http://[2409:8087:5e01:34::22]:6610/ZTE_CMS/00000001000000060000000000000132/index.m3u8?IAS, From: subscribe, IPv_Type: ipv6, Location: 中国, ISP: 中国移动, Date: None, Delay: 0.1 ms, Speed: inf M/s, Resolution: 1920x1080
Name: CCTV-5+, URL: http://[2409:8087:5e01:34::23]:6610/ZTE_CMS/00000001000000060000000000000132/index.m3u8?IAS, From: subscribe, IPv_Type: ipv6, Location: 中国, ISP: 中国移动, Date: None, Delay: 0.1 ms, Speed: inf M/s, Resolution: 1920x1080
Name: CCTV-5+, URL: http://zteres.sn.chinamobile.com:6060/000000001000/5000000011000031127/1.m3u8?channel-id=bestzb&Contentid=5000000011000031127&livemode=1&stbId=3, From: subscribe, IPv_Type: ipv6, Location: 中国, ISP: 中国移动, Date: None, Delay: 0.1 ms, Speed: inf M/s, Resolution: 1920x1080
Name: CCTV-5+, URL: http://[2409:8087:5e00:24::1f]:6060/ZTE_CMS/00000001000000060000000000000132/index.m3u8, From: subscribe, IPv_Type: ipv6, Location: 中国, ISP: 中国移动, Date: None, Delay: 0.1 ms, Speed: inf M/s, Resolution: 1920x1080
Name: CCTV-5+, URL: http://[2409:8087:5e01:34::20]:6610/ZTE_CMS/00000001000000060000000000000132/index.m3u8?IAS, From: subscribe, IPv_Type: ipv6, Location: 中国, ISP: 中国移动, Date: None, Delay: 0.1 ms, Speed: inf M/s, Resolution: 1920x1080
Name: CCTV-5+, URL: http://[2409:8087:5e01:34::21]:6610/ZTE_CMS/00000001000000060000000000000132/index.m3u8?IAS, From: subscribe, IPv_Type: ipv6, Location: 中国, ISP: 中国移动, Date: None, Delay: 0.1 ms, Speed: inf M/s, Resolution: 1920x1080
Name: CCTV-5+, URL: https://live.goodiptv.club/api/cqyx.php?id=cctv5SportHD, From: subscribe, IPv_Type: ipv6, Location: 美国, ISP: CloudFlare Inc., Date: None, Delay: 0.1 ms, Speed: inf M/s, Resolution: 1920x1080
Name: CCTV-5+, URL: http://[2409:8087:74f0:22::4]:6410/270000001111/1110000306/index.m3u8, From: subscribe, IPv_Type: ipv6, Location: 中国, ISP: 中国移动, Date: None, Delay: 0.1 ms, Speed: inf M/s, Resolution: 1920x1080
Name: CCTV-5+, URL: http://[2409:8087:1a01:df::7005]/ottrrs.hl.chinamobile.com/PLTV/88888888/224/3221225603/index.m3u8, From: subscribe, IPv_Type: ipv6, Location: 中国, ISP: 中国移动, Date: None, Delay: 0.1 ms, Speed: inf M/s, Resolution: 1920x1080
Name: CCTV-5+, URL: http://[2409:8087:3869:8021:1001::e5]:6610/PLTV/88888910/224/3221225706/index.m3u8, From: subscribe, IPv_Type: ipv6, Location: 中国, ISP: 中国移动, Date: None, Delay: -1 ms, Speed: 0.00 M/s, Resolution: None
Name: CCTV-5+, URL: http://rrs01.hw.gmcc.net:8088/PLTV/81/224/3221226711/1.m3u8, From: subscribe, IPv_Type: ipv6, Location: 中国, ISP: 中国移动, Date: None, Delay: -1 ms, Speed: 0.00 M/s, Resolution: None
Name: CCTV-5+, URL: https://hls-gateway.vpstv.net/streams/476888.m3u8, From: subscribe, IPv_Type: ipv6, Location: 美国, ISP: CloudFlare Inc., Date: None, Delay: -1 ms, Speed: 0.00 M/s, Resolution: None
Name: CCTV-5+, URL: http://k.061899.xyz/m.php?id=cctv5p, From: subscribe, IPv_Type: ipv6, Location: 新加坡, ISP: Aceville Pte.Ltd., Date: None, Delay: -1 ms, Speed: 0.00 M/s, Resolution: None
Name: CCTV-5+, URL: http://[2409:8087:1a15:10d1::37]/ottrrs.hl.chinamobile.com/PLTV/88888888/224/3221225603/index.m3u8, From: subscribe, IPv_Type: ipv6, Location: 中国, ISP: 中国移动, Date: None, Delay: -1 ms, Speed: 0.00 M/s, Resolution: None
Name: CCTV-5+, URL: http://[2409:8087:1a15:10d1::34]/ottrrs.hl.chinamobile.com/PLTV/88888888/224/3221225603/index.m3u8, From: subscribe, IPv_Type: ipv6, Location: 中国, ISP: 中国移动, Date: None, Delay: -1 ms, Speed: 0.00 M/s, Resolution: None
Name: CCTV-5+, URL: http://[2409:8087:5e00:24::1e]:6060/200000001898/460000089800010044/1.m3u8, From: subscribe, IPv_Type: ipv6, Location: 中国, ISP: 中国移动, Date: None, Delay: -1 ms, Speed: 0.00 M/s, Resolution: None
Name: CCTV-5+, URL: http://[2409:8087:5e08:25::16]:6610/200000001898/460000089800010044/1.m3u8, From: subscribe, IPv_Type: ipv6, Location: 中国, ISP: 中国移动, Date: None, Delay: -1 ms, Speed: 0.00 M/s, Resolution: None
Name: CCTV-5+, URL: https://cc06.tv12.xyz/6.m3u8, From: subscribe, IPv_Type: ipv6, Location: 美国, ISP: CloudFlare Inc., Date: None, Delay: -1 ms, Speed: 0.00 M/s, Resolution: None
Name: CCTV-5+, URL: https://migu.188766.xyz/?migutoken=28a852d7ffcb5f5b43b1d944afd198eb&id=CCTV5p&pp=1, From: subscribe, IPv_Type: ipv6, Location: 美国, ISP: CloudFlare Inc., Date: None, Delay: -1 ms, Speed: 0.00 M/s, Resolution: None
Name: CCTV-5+, URL: http://gslbmgsplive.miguvideo.com/wd_r2/cctv/cctv5plusnew/1200/index.m3u8?msisdn=2025091908013016602bc1fded440dae12651c818c35c0&mdspid=&spid=699004&netType=0&sid=5500516288&pid=2028597139&timestamp=20250919080130&Channel_ID=0116_2600000900-99000-201600010010027&ProgramID=641886773&ParentNodeID=-99&assertID=5500516288&client_ip=106.13.250.88&SecurityKey=20250919080130&promotionId=&mvid=5102048803&mcid=500020&playurlVersion=WX-A1-8.9.1-RELEASE&userid=&jmhm=&videocodec=h264&bean=mgspad&tid=android&conFee=0&puData=e093ba36dafef5dc266edba4113554e5&ddCalcu=5ee0e4915315b03a13164daabfdeef656d2c, From: subscribe, IPv_Type: ipv6, Location: 中国, ISP: 中国移动, Date: None, Delay: -1 ms, Speed: 0.00 M/s, Resolution: None
Name: CCTV-5+, URL: https://jzb.wwkejishe.top/?id=583, From: subscribe, IPv_Type: ipv6, Location: 美国, ISP: CloudFlare Inc., Date: None, Delay: -1 ms, Speed: 0.00 M/s, Resolution: None
Name: CCTV-5+, URL: https://iptv.catvod.com/live.php?id=CCTV5%2B%E4%BD%93%E8%82%B2%E8%B5%9B%E4%BA%8B, From: subscribe, IPv_Type: ipv6, Location: 美国, ISP: CloudFlare Inc., Date: None, Delay: -1 ms, Speed: 0.00 M/s, Resolution: None
Name: CCTV-5+, URL: https://live.chinacert.cftest5.cn/mg/?id=641886773, From: subscribe, IPv_Type: ipv6, Location: 中国, ISP: 中国联通, Date: None, Delay: -1 ms, Speed: 0.00 M/s, Resolution: None
Name: CCTV-5+, URL: https://t.freetv.fun/live/cctv5-plus.php, From: subscribe, IPv_Type: ipv6, Location: 美国, ISP: CloudFlare Inc., Date: None, Delay: -1 ms, Speed: 0.00 M/s, Resolution: None
Name: CCTV-5+, URL: http://mgsp-yx2.live.miguvideo.com:8088/wd_r2/cctv/cctv5plusnew/1200/index.m3u8?msisdn=2be6b2ec9fcf10d2c2457e2c710e172c&mdspid=&spid=699004&netType=0&sid=5500516288&pid=2028597139&timestamp=20260225080204&Channel_ID=0116_2600034600-99000-201600010010028&ProgramID=641886773&ParentNodeID=-99&assertID=5500516288&client_ip=218.28.233.106&SecurityKey=20260225080204&promotionId=&mvid=5102048803&mcid=500020&playurlVersion=WX-A1-9.2.1-RELEASE&userid=&jmhm=&videocodec=h264&appCode=miguvideo_android&bean=mgspad&tid=android&conFee=0&encrypt=79c09b0be62466ce7b8f5f168e077b8e&sv=10004&ct=android, From: subscribe, IPv_Type: ipv6, Location: 中国, ISP: 中国电信, Date: None, Delay: -1 ms, Speed: 0.00 M/s, Resolution: None
Name: CCTV-5+, URL: http://mgsp-zy2.live.miguvideo.com:8088/wd_r2/cctv/cctv5plusnew/1200/index.m3u8?msisdn=2be6b2ec9fcf10d2c2457e2c710e172c&mdspid=&spid=699004&netType=0&sid=5500516288&pid=2028597139&timestamp=20260226080220&Channel_ID=0116_2600034600-99000-201600010010028&ProgramID=641886773&ParentNodeID=-99&assertID=5500516288&client_ip=218.28.233.106&SecurityKey=20260226080220&promotionId=&mvid=5102048803&mcid=500020&playurlVersion=WX-A1-9.2.1-RELEASE&userid=&jmhm=&videocodec=h264&appCode=miguvideo_android&bean=mgspad&tid=android&conFee=0&encrypt=055b92380b2b36535491bd74cfda425b&sv=10004&ct=android, From: subscribe, IPv_Type: ipv6, Location: 中国, ISP: 中国电信, Date: None, Delay: -1 ms, Speed: 0.00 M/s, Resolution: None
Name: CCTV-5+, URL: http://mgsp-hs2.live.miguvideo.com:8088/wd_r2/cctv/cctv5plusnew/1200/index.m3u8?msisdn=2be6b2ec9fcf10d2c2457e2c710e172c&mdspid=&spid=699004&netType=0&sid=5500516288&pid=2028597139&timestamp=20260303080204&Channel_ID=0116_2600034600-99000-201600010010028&ProgramID=641886773&ParentNodeID=-99&assertID=5500516288&client_ip=218.28.233.106&SecurityKey=20260303080204&promotionId=&mvid=5102048803&mcid=500020&playurlVersion=WX-A1-9.2.2-RELEASE&userid=&jmhm=&videocodec=h264&appCode=miguvideo_android&bean=mgspad&tid=android&conFee=0&encrypt=47c21ed34e7f8c9797af5f4018120f9b&sv=10004&ct=android, From: subscribe, IPv_Type: ipv6, Location: 中国, ISP: 中国联通, Date: None, Delay: -1 ms, Speed: 0.00 M/s, Resolution: None
Name: CCTV-5+, URL: http://pull-hls-f11.douyincdn.com/media/stream-695683248583869106.m3u8?expire=1777165232&major_anchor_level=common&sign=e4826f080fc30330df977960c756df20&t_id=037-20260419090031CD4FC3EEDAF091B84E06-fJv9eS, From: subscribe, IPv_Type: ipv6, Location: 中国, ISP: 中国联通, Date: None, Delay: -1 ms, Speed: 0.00 M/s, Resolution: None
Name: CCTV-5+, URL: http://63.141.230.178:82/gslb/zbdq5.m3u8?id=cctv5p, From: subscribe, IPv_Type: ipv4, Location: 美国, ISP: , Date: None, Delay: 352 ms, Speed: 1.67 M/s, Resolution: 1920x1080
Name: CCTV-6, URL: http://php.jdshipin.com/TVOD/hljyd.php?id=3221226010, From: subscribe, IPv_Type: ipv6, Location: 美国, ISP: CloudFlare Inc., Date: None, Delay: 0.1 ms, Speed: inf M/s, Resolution: 1920x1080
Name: CCTV-6, URL: http://iptv.huuc.edu.cn/hls/cctv6hd.m3u8, From: subscribe, IPv_Type: ipv6, Location: 中国, ISP: 教育网, Date: None, Delay: 0.1 ms, Speed: inf M/s, Resolution: 1920x1080
Name: CCTV-6, URL: https://smart.pendy.dpdns.org/Smart.php?id=cctv6, From: subscribe, IPv_Type: ipv6, Location: 美国, ISP: CloudFlare Inc., Date: None, Delay: 0.1 ms, Speed: inf M/s, Resolution: 1920x1080
Name: CCTV-6, URL: http://[2409:8087:1a01:df::4077]/ottrrs.hl.chinamobile.com/PLTV/88888888/224/3221226010/1.m3u8?icpid=88888888&from=1&hms_devid=1012&vqe=3, From: subscribe, IPv_Type: ipv6, Location: 中国, ISP: 中国移动, Date: None, Delay: -1 ms, Speed: 0.00 M/s, Resolution: None
Name: CCTV-6, URL: http://[2409:8087:1a0a:df::404b]/ottrrs.hl.chinamobile.com/TVOD/88888888/224/3221226010/index.m3u8, From: subscribe, IPv_Type: ipv6, Location: 中国, ISP: 中国移动, Date: None, Delay: 0.1 ms, Speed: inf M/s, Resolution: 1920x1080
Name: CCTV-6, URL: https://www.freetv.top/migu/624878396.m3u8?migutoken=ee6c3d925888b2938ca61a2c94d84986ff15ec0fedd3e1e35bcf4ffada20fbeead007033b33efc350632bb959d9bee9da36bac91ec304513f63032fb12e8f570416fc533ede1c4ef94197eb07c, From: subscribe, IPv_Type: ipv6, Location: 美国-加利福尼亚州-圣克拉拉, ISP: DigitalOcean, Date: None, Delay: 0.1 ms, Speed: inf M/s, Resolution: 1920x1080
Name: CCTV-6, URL: http://www.freetv.top/migu/624878396.m3u8?migutoken=3adcad950884d4ecc6c6967edee9c162189a1e09480eb5c29b369864aeedaed43c3f951d7eb6c32d86baac49792aacb3264b8f074e746477064fd7b1f172f00a9d84373825617d4366e8c54f0c, From: subscribe, IPv_Type: ipv6, Location: 美国-加利福尼亚州-圣克拉拉, ISP: DigitalOcean, Date: None, Delay: 0.1 ms, Speed: inf M/s, Resolution: 1920x1080
Name: CCTV-6, URL: http://yc.myds.me:35455/itv/6000000001000004574.m3u8?cdn=wasusyt, From: subscribe, IPv_Type: ipv6, Location: 中国, ISP: 中国电信, Date: None, Delay: 0.1 ms, Speed: inf M/s, Resolution: 1920x1080
Name: CCTV-6, URL: http://nas.suntao.online:35455/itv/1000000005000265006.m3u8?cdn=ystenlive, From: subscribe, IPv_Type: ipv6, Location: 中国, ISP: 中国联通, Date: None, Delay: 0.1 ms, Speed: inf M/s, Resolution: 1920x1080
Name: CCTV-6, URL: http://iptv.cdn.ha.chinamobile.com/PLTV/88888888/224/3221227325/index.m3u8, From: subscribe, IPv_Type: ipv6, Location: 中国, ISP: 中国移动, Date: None, Delay: 0.1 ms, Speed: inf M/s, Resolution: 1920x1080
Name: CCTV-6, URL: http://cdn.jdshipin.com:8880/ysp.php?id=cctv6, From: subscribe, IPv_Type: ipv6, Location: 美国, ISP: CloudFlare Inc., Date: None, Delay: 0.1 ms, Speed: inf M/s, Resolution: 1920x1080
Name: CCTV-6, URL: http://mobilelive-ds.ysp.cctv.cn/ysp/2013693901.m3u8, From: subscribe, IPv_Type: ipv6, Location: 新加坡, ISP: Aceville Pte.Ltd., Date: None, Delay: 0.1 ms, Speed: inf M/s, Resolution: 1920x1080
Name: CCTV-6, URL: https://stream1.freetv.fun/ddcd1023e7e15e10db88f6b0be83bb173849e91feb74fedb6972e4ba257c50d2.ctv, From: subscribe, IPv_Type: ipv6, Location: 美国, ISP: CloudFlare Inc., Date: None, Delay: 0.1 ms, Speed: inf M/s, Resolution: 1920x1080
Name: CCTV-6, URL: http://lu.wqwqwq.sbs/itv/1000000005000265006.m3u8?cdn=ystenlive, From: subscribe, IPv_Type: ipv6, Location: 美国, ISP: CloudFlare Inc., Date: None, Delay: 0.1 ms, Speed: inf M/s, Resolution: 1920x1080
Name: CCTV-6, URL: http://[2409:8087:5e00:24::1e]:6060/200000001898/460000089800010214/1.m3u8, From: subscribe, IPv_Type: ipv6, Location: 中国, ISP: 中国移动, Date: None, Delay: 0.1 ms, Speed: inf M/s, Resolution: 1920x1080
Name: CCTV-6, URL: http://dbiptv.sn.chinamobile.com/PLTV/88888890/224/3221226393/index.m3u8, From: subscribe, IPv_Type: ipv6, Location: 中国, ISP: 中国移动, Date: None, Delay: 0.1 ms, Speed: inf M/s, Resolution: 1920x1080
Name: CCTV-6, URL: https://epg.pw/stream/c2a78d34141bd7ad12b19b2ab7f3f60f2b8a4c3bdd5c573889aad5bc3b331fe1.m3u8, From: subscribe, IPv_Type: ipv6, Location: 美国, ISP: CloudFlare Inc., Date: None, Delay: 0.1 ms, Speed: inf M/s, Resolution: 1920x1080
Name: CCTV-6, URL: http://zteres.sn.chinamobile.com:6060/000000001000/5000000004000008886/1.m3u8?channel-id=bestzb&Contentid=5000000004000008886&livemode=1&stbId=3, From: subscribe, IPv_Type: ipv6, Location: 中国, ISP: 中国移动, Date: None, Delay: 0.1 ms, Speed: inf M/s, Resolution: 1920x1080
Name: CCTV-6, URL: http://[2409:8087:4c0a:22:1::11]:6410/170000001115/UmaiCHAN638728804b1f9/index.m3u8?AuthInfo=9kOOdBn7MFF%2F2bWjKgahUdDh4EPdDnvGlSBkYaxFdazJhFQmuq4XUiks9ZrIlJN%2BknLs8H%2BSxcDXy%2BTesEc8Q0KCN89MjYoj85Sol1kbKI4, From: subscribe, IPv_Type: ipv6, Location: 中国, ISP: 中国移动, Date: None, Delay: 0.1 ms, Speed: inf M/s, Resolution: 1920x1080
Name: CCTV-6, URL: http://[2409:8087:5e00:24::1f]:6060/ZTE_CMS/00000001000000060000000000000379/index.m3u8, From: subscribe, IPv_Type: ipv6, Location: 中国, ISP: 中国移动, Date: None, Delay: 0.1 ms, Speed: inf M/s, Resolution: 1920x1080
Name: CCTV-6, URL: http://[2409:8087:74f0:22::4]:6410/270000001111/1110000307/index.m3u8, From: subscribe, IPv_Type: ipv6, Location: 中国, ISP: 中国移动, Date: None, Delay: 0.1 ms, Speed: inf M/s, Resolution: 1920x1080
Name: CCTV-6, URL: http://[2409:8087:1a01:df::7005]/ottrrs.hl.chinamobile.com/PLTV/88888888/224/3221226010/index.m3u8, From: subscribe, IPv_Type: ipv6, Location: 中国, ISP: 中国移动, Date: None, Delay: 0.1 ms, Speed: inf M/s, Resolution: 1920x1080
Name: CCTV-6, URL: http://[2409:8087:3869:8021:1001::e5]:6610/PLTV/88888910/224/3221225632/index.m3u8, From: subscribe, IPv_Type: ipv6, Location: 中国, ISP: 中国移动, Date: None, Delay: -1 ms, Speed: 0.00 M/s, Resolution: None
Name: CCTV-6, URL: http://[2409:8087:8:21::18]:6610/otttv.bj.chinamobile.com/PLTV/88888888/224/3221226468/1.m3u8, From: subscribe, IPv_Type: ipv6, Location: 中国, ISP: 中国移动, Date: None, Delay: -1 ms, Speed: 0.00 M/s, Resolution: None
Name: CCTV-6, URL: http://rrs01.hw.gmcc.net:8088/PLTV/81/224/3221226699/1.m3u8, From: subscribe, IPv_Type: ipv6, Location: 中国, ISP: 中国移动, Date: None, Delay: -1 ms, Speed: 0.00 M/s, Resolution: None
Name: CCTV-6, URL: https://migu.188766.xyz/?migutoken=6818dd0cb7452ab9cba884dc087f5f3e&id=CCTV6&pp=1, From: subscribe, IPv_Type: ipv6, Location: 美国, ISP: CloudFlare Inc., Date: None, Delay: -1 ms, Speed: 0.00 M/s, Resolution: None
Name: CCTV-6, URL: http://k.061899.xyz/m.php?id=cctv6, From: subscribe, IPv_Type: ipv6, Location: 新加坡, ISP: Aceville Pte.Ltd., Date: None, Delay: -1 ms, Speed: 0.00 M/s, Resolution: None
Name: CCTV-6, URL: http://[2409:8087:1a15:10d1::34]/ottrrs.hl.chinamobile.com/PLTV/88888888/224/3221226010/index.m3u8, From: subscribe, IPv_Type: ipv6, Location: 中国, ISP: 中国移动, Date: None, Delay: -1 ms, Speed: 0.00 M/s, Resolution: None
Name: CCTV-6, URL: http://[2409:8087:1a15:10d1::39]/ottrrs.hl.chinamobile.com/PLTV/88888888/224/3221226010/index.m3u8, From: subscribe, IPv_Type: ipv6, Location: 中国, ISP: 中国移动, Date: None, Delay: -1 ms, Speed: 0.00 M/s, Resolution: None
Name: CCTV-6, URL: http://[2409:8087:5e08:25::16]:6610/200000001898/460000089800010214/1.m3u8, From: subscribe, IPv_Type: ipv6, Location: 中国, ISP: 中国移动, Date: None, Delay: -1 ms, Speed: 0.00 M/s, Resolution: None
Name: CCTV-6, URL: https://cc06.tv12.xyz/7.m3u8, From: subscribe, IPv_Type: ipv6, Location: 美国, ISP: CloudFlare Inc., Date: None, Delay: -1 ms, Speed: 0.00 M/s, Resolution: None
Name: CCTV-6, URL: http://gslbmgsplive.miguvideo.com/wd_r2/2018/ocn/cctv6hd/2000/index.m3u8?msisdn=20250919080130480f21cf32fc4fe5898e4491d39bc17c&mdspid=&spid=699004&netType=0&sid=5500212872&pid=2028597139&timestamp=20250919080130&Channel_ID=0116_2600000900-99000-201600010010027&ProgramID=624878396&ParentNodeID=-99&assertID=5500212872&client_ip=106.13.250.88&SecurityKey=20250919080130&promotionId=&mvid=5100001694&mcid=500020&playurlVersion=WX-A1-8.9.1-RELEASE&userid=&jmhm=&videocodec=h264&bean=mgspad&tid=android&conFee=0&puData=fe9871c95ea720eb4f8017d0367431ac&ddCalcu=cfaee191384470716c3905de7a170280fe4b, From: subscribe, IPv_Type: ipv6, Location: 中国, ISP: 中国移动, Date: None, Delay: -1 ms, Speed: 0.00 M/s, Resolution: None
Name: CCTV-6, URL: http://zjzcf.synology.me:35455/bptv/10000100000000050000000003870749.m3u8, From: subscribe, IPv_Type: ipv6, Location: 中国, ISP: 中国移动, Date: None, Delay: -1 ms, Speed: 0.00 M/s, Resolution: None
Name: CCTV-6, URL: https://jzb.wwkejishe.top/?id=584, From: subscribe, IPv_Type: ipv6, Location: 美国, ISP: CloudFlare Inc., Date: None, Delay: -1 ms, Speed: 0.00 M/s, Resolution: None
Name: CCTV-6, URL: https://iptv.catvod.com/live.php?id=CCTV6%E7%94%B5%E5%BD%B1, From: subscribe, IPv_Type: ipv6, Location: 美国, ISP: CloudFlare Inc., Date: None, Delay: -1 ms, Speed: 0.00 M/s, Resolution: None
Name: CCTV-6, URL: https://shyd.695847.xyz/cms001/ch00000090990000001188/index.m3u8?IASHttpSessionId=RR4967720251014100028031761&ispcode=12, From: subscribe, IPv_Type: ipv6, Location: 美国, ISP: CloudFlare Inc., Date: None, Delay: -1 ms, Speed: 0.00 M/s, Resolution: None
Name: CCTV-6, URL: https://live.chinacert.cftest5.cn/mg/?id=624878396, From: subscribe, IPv_Type: ipv6, Location: 中国, ISP: 中国联通, Date: None, Delay: -1 ms, Speed: 0.00 M/s, Resolution: None
Name: CCTV-6, URL: http://pull-hs-f5.flive.douyincdn.com/media/stream-695136636620505772/index.m3u8?arch_hrchy=w1&exp_hrchy=w1&expire=1769036350&major_anchor_level=common&sign=885e193653aa0618ba5e6cc9642df55e&t_id=037-20260115065909EE0FD10FEE16A7461774-rUFdkF&volcSecret=885e193653aa0618ba5e6cc9642df55e&volcTime=1769036350, From: subscribe, IPv_Type: ipv6, Location: 美国, ISP: , Date: None, Delay: -1 ms, Speed: 0.00 M/s, Resolution: None
Name: CCTV-6, URL: http://mgsp-ws2.live.miguvideo.com:8088/migu/kailu/cctv6hd265/54/20200407/index.m3u8?msisdn=e55e9ee71b42d2d7008a152c069625e3&mdspid=&spid=699004&netType=0&sid=5500212872&pid=2028597139&timestamp=20260216080220&Channel_ID=0116_2600034600-99000-201600010010028&ProgramID=624878396&ParentNodeID=-99&assertID=5500212872&client_ip=218.28.233.106&SecurityKey=20260216080220&promotionId=&mvid=5100001694&mcid=500020&playurlVersion=WX-A1-9.2.1-RELEASE&userid=&jmhm=&videocodec=h265&appCode=miguvideo_android&bean=mgspad&tid=android&conFee=0&encrypt=c18958084bddb7a5cc30e2647711408d&sv=10004&ct=android, From: subscribe, IPv_Type: ipv6, Location: 加拿大, ISP: , Date: None, Delay: -1 ms, Speed: 0.00 M/s, Resolution: None
Name: CCTV-6, URL: http://mgsp-zy2.live.miguvideo.com:8088/migu/kailu/cctv6hd265/54/20200407/index.m3u8?msisdn=2be6b2ec9fcf10d2c2457e2c710e172c&mdspid=&spid=699004&netType=0&sid=5500212872&pid=2028597139&timestamp=20260226080220&Channel_ID=0116_2600034600-99000-201600010010028&ProgramID=624878396&ParentNodeID=-99&assertID=5500212872&client_ip=218.28.233.106&SecurityKey=20260226080220&promotionId=&mvid=5100001694&mcid=500020&playurlVersion=WX-A1-9.2.1-RELEASE&userid=&jmhm=&videocodec=h265&appCode=miguvideo_android&bean=mgspad&tid=android&conFee=0&encrypt=4002eefb074d15c8e6112f6943d1ec62&sv=10004&ct=android, From: subscribe, IPv_Type: ipv6, Location: 中国, ISP: 中国电信, Date: None, Delay: -1 ms, Speed: 0.00 M/s, Resolution: None
Name: CCTV-6, URL: http://mgsp-yx2.live.miguvideo.com:8088/migu/kailu/cctv6hd265/54/20200407/index.m3u8?msisdn=2be6b2ec9fcf10d2c2457e2c710e172c&mdspid=&spid=699004&netType=0&sid=5500212872&pid=2028597139&timestamp=20260227080203&Channel_ID=0116_2600034600-99000-201600010010028&ProgramID=624878396&ParentNodeID=-99&assertID=5500212872&client_ip=218.28.233.106&SecurityKey=20260227080203&promotionId=&mvid=5100001694&mcid=500020&playurlVersion=WX-A1-9.2.1-RELEASE&userid=&jmhm=&videocodec=h265&appCode=miguvideo_android&bean=mgspad&tid=android&conFee=0&encrypt=abda86f0d00690673a89d605ab8f060a&sv=10004&ct=android, From: subscribe, IPv_Type: ipv6, Location: 中国, ISP: 中国电信, Date: None, Delay: -1 ms, Speed: 0.00 M/s, Resolution: None
Name: CCTV-6, URL: http://pull-hls-f11.douyincdn.com/media/stream-695550183385334444.m3u8?arch_hrchy=w1&exp_hrchy=w1&expire=1775212079&major_anchor_level=common&sign=df934e7ccd289742a9dcd9e796a21e73&t_id=037-20260327182759E3D672881FBE8BC84271-smZh1q, From: subscribe, IPv_Type: ipv6, Location: 中国, ISP: 中国联通, Date: None, Delay: -1 ms, Speed: 0.00 M/s, Resolution: None
Name: CCTV-7, URL: http://php.jdshipin.com/TVOD/hljyd.php?id=3221225733, From: subscribe, IPv_Type: ipv6, Location: 美国, ISP: CloudFlare Inc., Date: None, Delay: 0.1 ms, Speed: inf M/s, Resolution: 1920x1080
Name: CCTV-7, URL: http://goo.bkpcp.top/mg/CCTV7, From: subscribe, IPv_Type: ipv6, Location: 美国, ISP: CloudFlare Inc., Date: None, Delay: 0.1 ms, Speed: inf M/s, Resolution: 1920x1080
Name: CCTV-7, URL: http://iptv.huuc.edu.cn/hls/cctv7hd.m3u8, From: subscribe, IPv_Type: ipv6, Location: 中国, ISP: 教育网, Date: None, Delay: 0.1 ms, Speed: inf M/s, Resolution: 1920x1080
Name: CCTV-7, URL: https://smart.pendy.dpdns.org/Smart.php?id=cctv7, From: subscribe, IPv_Type: ipv6, Location: 美国, ISP: CloudFlare Inc., Date: None, Delay: 0.1 ms, Speed: inf M/s, Resolution: 1920x1080
Name: CCTV-7, URL: http://[2409:8087:1a0a:df::404b]/ottrrs.hl.chinamobile.com/TVOD/88888888/224/3221225733/index.m3u8, From: subscribe, IPv_Type: ipv6, Location: 中国, ISP: 中国移动, Date: None, Delay: 0.1 ms, Speed: inf M/s, Resolution: 1920x1080
Name: CCTV-7, URL: http://[2409:8087:1a01:df::4077]/ottrrs.hl.chinamobile.com/PLTV/88888888/224/3221225733/index.m3u8, From: subscribe, IPv_Type: ipv6, Location: 中国, ISP: 中国移动, Date: None, Delay: -1 ms, Speed: 0.00 M/s, Resolution: None
Name: CCTV-7, URL: http://[2409:8087:8:21::18]:6610/otttv.bj.chinamobile.com/PLTV/88888888/224/3221226234/1.m3u8, From: subscribe, IPv_Type: ipv6, Location: 中国, ISP: 中国移动, Date: None, Delay: 0.1 ms, Speed: inf M/s, Resolution: 1920x1080
Name: CCTV-7, URL: http://iptv.cdn.ha.chinamobile.com/PLTV/88888888/224/3221227180/index.m3u8, From: subscribe, IPv_Type: ipv6, Location: 中国, ISP: 中国移动, Date: None, Delay: 0.1 ms, Speed: inf M/s, Resolution: 1920x1080
Name: CCTV-7, URL: https://www.freetv.top/migu/673168121.m3u8?migutoken=44446ab398991313e6a822efdaec82f3b845a2e8f141c172aa857c477255724bbb28fc01d33f764c51106c446af1c57e8815b58822075b194f4cf55cde28fe55f54330d4586c92e75e8aa50a48, From: subscribe, IPv_Type: ipv6, Location: 美国-加利福尼亚州-圣克拉拉, ISP: DigitalOcean, Date: None, Delay: 0.1 ms, Speed: inf M/s, Resolution: 1920x1080
Name: CCTV-7, URL: http://www.freetv.top/migu/673168121.m3u8?migutoken=bea4d574a7f96c7e95fb2000e191d57743cfdadfa9a4819385a46bf2bf269d9cf13b9bcc1494158b5bc16ce7d6751825800030253b91daf31a298122a2511f45821009cbeca64d12349bc0227d, From: subscribe, IPv_Type: ipv6, Location: 美国-加利福尼亚州-圣克拉拉, ISP: DigitalOcean, Date: None, Delay: 0.1 ms, Speed: inf M/s, Resolution: 1920x1080
Name: CCTV-7, URL: http://yc.myds.me:35455/gaoma/cctv7.m3u8, From: subscribe, IPv_Type: ipv6, Location: 中国, ISP: 中国电信, Date: None, Delay: 0.1 ms, Speed: inf M/s, Resolution: 1920x1080
Name: CCTV-7, URL: http://nas.suntao.online:35455/itv/1000000005000265007.m3u8?cdn=ystenlive, From: subscribe, IPv_Type: ipv6, Location: 中国, ISP: 中国联通, Date: None, Delay: 0.1 ms, Speed: inf M/s, Resolution: 1920x1080
Name: CCTV-7, URL: https://stream1.freetv.fun/1ac4f534b2dbb039f6e3c6a98e44d0088fd1d34213687143a1ee521df16a4f90.m3u8, From: subscribe, IPv_Type: ipv6, Location: 美国, ISP: CloudFlare Inc., Date: None, Delay: 0.1 ms, Speed: inf M/s, Resolution: 1920x1080
Name: CCTV-7, URL: http://hwrr.jx.chinamobile.com:8080/PLTV/88888888/224/3221225624/index.m3u8, From: subscribe, IPv_Type: ipv6, Location: 中国, ISP: 中国移动, Date: None, Delay: 0.1 ms, Speed: inf M/s, Resolution: 1920x1080
Name: CCTV-7, URL: http://lu.wqwqwq.sbs/itv/1000000005000265007.m3u8?cdn=ystenlive, From: subscribe, IPv_Type: ipv6, Location: 美国, ISP: CloudFlare Inc., Date: None, Delay: 0.1 ms, Speed: inf M/s, Resolution: 1920x1080
Name: CCTV-7, URL: http://[2409:8087:5e01:34::23]:6610/ZTE_CMS/00000001000000060000000000000380/index.m3u8?IAS, From: subscribe, IPv_Type: ipv6, Location: 中国, ISP: 中国移动, Date: None, Delay: 0.1 ms, Speed: inf M/s, Resolution: 1920x1080
Name: CCTV-7, URL: http://[2409:8087:5e01:34::21]:6610/ZTE_CMS/00000001000000060000000000000380/index.m3u8?IAS, From: subscribe, IPv_Type: ipv6, Location: 中国, ISP: 中国移动, Date: None, Delay: 0.1 ms, Speed: inf M/s, Resolution: 1920x1080
Name: CCTV-7, URL: http://[2409:8087:5e01:34::22]:6610/ZTE_CMS/00000001000000060000000000000380/index.m3u8?IAS, From: subscribe, IPv_Type: ipv6, Location: 中国, ISP: 中国移动, Date: None, Delay: 0.1 ms, Speed: inf M/s, Resolution: 1920x1080
Name: CCTV-7, URL: http://dbiptv.sn.chinamobile.com/PLTV/88888890/224/3221226192/index.m3u8, From: subscribe, IPv_Type: ipv6, Location: 中国, ISP: 中国移动, Date: None, Delay: 0.1 ms, Speed: inf M/s, Resolution: 1920x1080
Name: CCTV-7, URL: http://zteres.sn.chinamobile.com:6060/000000001000/5000000011000031104/1.m3u8?channel-id=bestzb&Contentid=5000000011000031104&livemode=1&stbId=3, From: subscribe, IPv_Type: ipv6, Location: 中国, ISP: 中国移动, Date: None, Delay: 0.1 ms, Speed: inf M/s, Resolution: 1920x1080
Name: CCTV-7, URL: http://[2409:8087:4c0a:22:1::11]:6410/170000001115/UmaiCHAN5000038BESTVSMGSMG/index.m3u8?AuthInfo=9kOOdBn7MFF%2F2bWjKgahUSpr1AVNI633ampcuzdN%2BfHYKFve4MwNzRa0jPXeHjqnBjPmzSdKDNWNHhnZSaMGCXKmdx8d%2BnYdhVK5ge22ot4, From: subscribe, IPv_Type: ipv6, Location: 中国, ISP: 中国移动, Date: None, Delay: 0.1 ms, Speed: inf M/s, Resolution: 1920x1080
Name: CCTV-7, URL: http://[2409:8087:5e01:34::38]:6610/ZTE_CMS/00000001000000060000000000000380/index.m3u8, From: subscribe, IPv_Type: ipv6, Location: 中国, ISP: 中国移动, Date: None, Delay: 0.1 ms, Speed: inf M/s, Resolution: 1920x1080
Name: CCTV-7, URL: http://[2409:8087:5e00:24::1f]:6060/ZTE_CMS/00000001000000060000000000000380/index.m3u8, From: subscribe, IPv_Type: ipv6, Location: 中国, ISP: 中国移动, Date: None, Delay: 0.1 ms, Speed: inf M/s, Resolution: 1920x1080
Name: CCTV-7, URL: http://[2409:8087:5e00:24::1e]:6060/200000001898/460000089800010215/index.m3u8, From: subscribe, IPv_Type: ipv6, Location: 中国, ISP: 中国移动, Date: None, Delay: 0.1 ms, Speed: inf M/s, Resolution: 1920x1080
Name: CCTV-7, URL: http://[2409:8087:5e01:34::20]:6610/ZTE_CMS/00000001000000060000000000000380/index.m3u8?IAS, From: subscribe, IPv_Type: ipv6, Location: 中国, ISP: 中国移动, Date: None, Delay: 0.1 ms, Speed: inf M/s, Resolution: 1920x1080
Name: CCTV-7, URL: http://[2409:8087:74f0:22::4]:6410/270000001128/9900000504/index.m3u8, From: subscribe, IPv_Type: ipv6, Location: 中国, ISP: 中国移动, Date: None, Delay: 0.1 ms, Speed: inf M/s, Resolution: 1920x1080
Name: CCTV-7, URL: http://[2409:8087:1a01:df::7005]/ottrrs.hl.chinamobile.com/PLTV/88888888/224/3221225733/index.m3u8, From: subscribe, IPv_Type: ipv6, Location: 中国, ISP: 中国移动, Date: None, Delay: 0.1 ms, Speed: inf M/s, Resolution: 1920x1080
Name: CCTV-7, URL: http://[2409:8087:3869:8021:1001::e5]:6610/PLTV/88888910/224/3221225624/index.m3u8, From: subscribe, IPv_Type: ipv6, Location: 中国, ISP: 中国移动, Date: None, Delay: -1 ms, Speed: 0.00 M/s, Resolution: None
Name: CCTV-7, URL: http://rrs01.hw.gmcc.net:8088/PLTV/81/224/3221226721/1.m3u8, From: subscribe, IPv_Type: ipv6, Location: 中国, ISP: 中国移动, Date: None, Delay: -1 ms, Speed: 0.00 M/s, Resolution: None
Name: CCTV-7, URL: http://k.061899.xyz/m.php?id=cctv7, From: subscribe, IPv_Type: ipv6, Location: 新加坡, ISP: Aceville Pte.Ltd., Date: None, Delay: -1 ms, Speed: 0.00 M/s, Resolution: None
Name: CCTV-7, URL: http://[2409:8087:1a15:10d1::37]/ottrrs.hl.chinamobile.com/PLTV/88888888/224/3221226398/index.m3u8, From: subscribe, IPv_Type: ipv6, Location: 中国, ISP: 中国移动, Date: None, Delay: -1 ms, Speed: 0.00 M/s, Resolution: None
Name: CCTV-7, URL: http://[2409:8087:1a15:10d1::35]/ottrrs.hl.chinamobile.com/PLTV/88888888/224/3221225733/index.m3u8, From: subscribe, IPv_Type: ipv6, Location: 中国, ISP: 中国移动, Date: None, Delay: -1 ms, Speed: 0.00 M/s, Resolution: None
Name: CCTV-7, URL: http://[2409:8087:5e08:25::16]:6610/200000001898/460000089800010051/1.m3u8, From: subscribe, IPv_Type: ipv6, Location: 中国, ISP: 中国移动, Date: None, Delay: -1 ms, Speed: 0.00 M/s, Resolution: None
Name: CCTV-7, URL: https://cc06.tv12.xyz/8.m3u8, From: subscribe, IPv_Type: ipv6, Location: 美国, ISP: CloudFlare Inc., Date: None, Delay: -1 ms, Speed: 0.00 M/s, Resolution: None
Name: CCTV-7, URL: https://migu.188766.xyz/?migutoken=26c649aaf1b57dc8a11423eb32c5c38c&id=CCTV7&pp=1, From: subscribe, IPv_Type: ipv6, Location: 美国, ISP: CloudFlare Inc., Date: None, Delay: -1 ms, Speed: 0.00 M/s, Resolution: None
Name: CCTV-7, URL: http://gslbmgsplive.miguvideo.com/migu/kailu/20200324/cctv7hd/51/index.m3u8?msisdn=202510060800566770b971bae44b098e2983c75dd4f09c&mdspid=&spid=699004&netType=0&sid=5501083622&pid=2028597139&timestamp=20251006080056&Channel_ID=0116_2600000900-99000-201600010010027&ProgramID=673168121&ParentNodeID=-99&assertID=5501083622&client_ip=106.13.250.90&SecurityKey=20251006080056&promotionId=&mvid=5102910278&mcid=500020&playurlVersion=WX-A1-8.9.2-RELEASE&userid=&jmhm=&videocodec=h264&bean=mgspad&tid=android&conFee=0&puData=957396c7ce1ce4aa39ee47f83280ebe2&ddCalcu=29e5eb70e33090862c378cfe714ceee49a3a, From: subscribe, IPv_Type: ipv6, Location: 中国, ISP: 中国移动, Date: None, Delay: -1 ms, Speed: 0.00 M/s, Resolution: None
Name: CCTV-7, URL: https://jzb.wwkejishe.top/?id=585, From: subscribe, IPv_Type: ipv6, Location: 美国, ISP: CloudFlare Inc., Date: None, Delay: -1 ms, Speed: 0.00 M/s, Resolution: None
Name: CCTV-7, URL: https://iptv.catvod.com/live.php?id=CCTV7%E5%9B%BD%E9%98%B2%E5%86%9B%E4%BA%8B, From: subscribe, IPv_Type: ipv6, Location: 美国, ISP: CloudFlare Inc., Date: None, Delay: -1 ms, Speed: 0.00 M/s, Resolution: None
Name: CCTV-7, URL: https://shyd.695847.xyz/cms001/ch00000090990000001236/index.m3u8?IASHttpSessionId=RR4967720251014100028031761&ispcode=12, From: subscribe, IPv_Type: ipv6, Location: 美国, ISP: CloudFlare Inc., Date: None, Delay: -1 ms, Speed: 0.00 M/s, Resolution: None
Name: CCTV-7, URL: https://zby.130519.xyz/PLTV/11/224/3221226137/index.m3u8, From: subscribe, IPv_Type: ipv6, Location: 美国, ISP: CloudFlare Inc., Date: None, Delay: -1 ms, Speed: 0.00 M/s, Resolution: None
Name: CCTV-7, URL: https://live.chinacert.cftest5.cn/mg/?id=673168121, From: subscribe, IPv_Type: ipv6, Location: 中国, ISP: 中国电信, Date: None, Delay: -1 ms, Speed: 0.00 M/s, Resolution: None
Name: CCTV-8, URL: http://php.jdshipin.com/TVOD/hljyd.php?id=3221226008, From: subscribe, IPv_Type: ipv6, Location: 美国, ISP: CloudFlare Inc., Date: None, Delay: 0.1 ms, Speed: inf M/s, Resolution: 1920x1080
Name: CCTV-8, URL: http://goo.bkpcp.top/mg/cctv8, From: subscribe, IPv_Type: ipv6, Location: 美国, ISP: CloudFlare Inc., Date: None, Delay: 0.1 ms, Speed: inf M/s, Resolution: 1920x1080
Name: CCTV-8, URL: http://iptv.huuc.edu.cn/hls/cctv8hd.m3u8, From: subscribe, IPv_Type: ipv6, Location: 中国, ISP: 教育网, Date: None, Delay: 0.1 ms, Speed: inf M/s, Resolution: 1920x1080
Name: CCTV-8, URL: https://www.freetv.top/migu/624878356.m3u8?migutoken=170b73b07e0cf0d307afea3545da5b9609d7c15461a2f4ac0f43634101df9baf391a446b91e5f84446b6a3b0934bb4730e2f3c4a32a565f904f22c8ff745a094d45dfd49c54f31b0b78156a080, From: subscribe, IPv_Type: ipv6, Location: 美国-加利福尼亚州-圣克拉拉, ISP: DigitalOcean, Date: None, Delay: 0.1 ms, Speed: inf M/s, Resolution: 1920x1080
Name: CCTV-8, URL: http://[2409:8087:1a01:df::4051]:80/TVOD/88888888/224/3221225795/main.m3u8, From: subscribe, IPv_Type: ipv6, Location: 中国, ISP: 中国移动, Date: None, Delay: 0.1 ms, Speed: inf M/s, Resolution: 1920x1080
Name: CCTV-8, URL: https://smart.pendy.dpdns.org/Smart.php?id=cctv8hd, From: subscribe, IPv_Type: ipv6, Location: 美国, ISP: CloudFlare Inc., Date: None, Delay: 0.1 ms, Speed: inf M/s, Resolution: 1920x1080
Name: CCTV-8, URL: http://[2409:8087:1a01:df::4077]:80/ottrrs.hl.chinamobile.com/PLTV/88888888/224/3221226008/index.m3u8, From: subscribe, IPv_Type: ipv6, Location: 中国, ISP: 中国移动, Date: None, Delay: -1 ms, Speed: 0.00 M/s, Resolution: None
Name: CCTV-8, URL: http://[2409:8087:8:21::18]:6610/otttv.bj.chinamobile.com/PLTV/88888888/224/3221226451/1.m3u8, From: subscribe, IPv_Type: ipv6, Location: 中国, ISP: 中国移动, Date: None, Delay: 0.1 ms, Speed: inf M/s, Resolution: 1920x1080
Name: CCTV-8, URL: http://[2409:8087:1a0a:df::404b]/ottrrs.hl.chinamobile.com/TVOD/88888888/224/3221226008/index.m3u8, From: subscribe, IPv_Type: ipv6, Location: 中国, ISP: 中国移动, Date: None, Delay: 0.1 ms, Speed: inf M/s, Resolution: 1920x1080
Name: CCTV-8, URL: http://yc.myds.me:35455/gaoma/cctv8.m3u8, From: subscribe, IPv_Type: ipv6, Location: 中国, ISP: 中国电信, Date: None, Delay: 0.1 ms, Speed: inf M/s, Resolution: 1920x1080
Name: CCTV-8, URL: http://nas.suntao.online:35455/itv/6000000001000001070.m3u8?cdn=wasusyt, From: subscribe, IPv_Type: ipv6, Location: 中国, ISP: 中国联通, Date: None, Delay: 0.1 ms, Speed: inf M/s, Resolution: 1920x1080
Name: CCTV-8, URL: http://iptv.cdn.ha.chinamobile.com/PLTV/88888888/224/3221227327/index.m3u8, From: subscribe, IPv_Type: ipv6, Location: 中国, ISP: 中国移动, Date: None, Delay: 0.1 ms, Speed: inf M/s, Resolution: 1920x1080
Name: CCTV-8, URL: https://stream1.freetv.fun/d98b30c22ad09aa1358e0941e40eafbdf1e9cd179ee8b31a53f5a22ef1bf688b.m3u8, From: subscribe, IPv_Type: ipv6, Location: 美国, ISP: CloudFlare Inc., Date: None, Delay: 0.1 ms, Speed: inf M/s, Resolution: 1920x1080
Name: CCTV-8, URL: http://hwrr.jx.chinamobile.com:8080/PLTV/88888888/224/3221225631/index.m3u8, From: subscribe, IPv_Type: ipv6, Location: 中国, ISP: 中国移动, Date: None, Delay: 0.1 ms, Speed: inf M/s, Resolution: 1920x1080
Name: CCTV-8, URL: http://lu.wqwqwq.sbs/itv/1000000005000265008.m3u8?cdn=ystenlive, From: subscribe, IPv_Type: ipv6, Location: 美国, ISP: CloudFlare Inc., Date: None, Delay: 0.1 ms, Speed: inf M/s, Resolution: 1920x1080
Name: CCTV-8, URL: http://dbiptv.sn.chinamobile.com/PLTV/88888890/224/3221226391/index.m3u8, From: subscribe, IPv_Type: ipv6, Location: 中国, ISP: 中国移动, Date: None, Delay: 0.1 ms, Speed: inf M/s, Resolution: 1920x1080
Name: CCTV-8, URL: http://www.freetv.top/migu/624878356.m3u8?migutoken=e6e1b0f11b3900539ca13088ccf9da6d0a771d58a295315011db1676c607e4bfd4d2ecf8b5f89e888d98843c67f6657703a3192a098894da656341d37aaa2d4abf591b1a09d80e6fff894dd29d, From: subscribe, IPv_Type: ipv6, Location: 美国-加利福尼亚州-圣克拉拉, ISP: DigitalOcean, Date: None, Delay: 0.1 ms, Speed: inf M/s, Resolution: 1920x1080
Name: CCTV-8, URL: http://zteres.sn.chinamobile.com:6060/000000001000/5000000004000008888/1.m3u8?channel-id=bestzb&Contentid=5000000004000008888&livemode=1&stbId=3, From: subscribe, IPv_Type: ipv6, Location: 中国, ISP: 中国移动, Date: None, Delay: 0.1 ms, Speed: inf M/s, Resolution: 1920x1080
Name: CCTV-8, URL: http://[2409:8087:4c0a:22:1::11]:6410/170000001115/UmaiCHAN638728970aa82/index.m3u8?AuthInfo=9kOOdBn7MFF%2F2bWjKgahUdDh4EPdDnvGlSBkYaxFdaymid9ta2tVUW0%2FdVrFqszC1EVEkAbpip1IYxn%2Ba2aA%2BVAihIiw9D8ejUsDbfU0K68, From: subscribe, IPv_Type: ipv6, Location: 中国, ISP: 中国移动, Date: None, Delay: 0.1 ms, Speed: inf M/s, Resolution: 1920x1080
Name: CCTV-8, URL: http://[2409:8087:5e00:24::1f]:6060/ZTE_CMS/00000001000000060000000000000371/index.m3u8, From: subscribe, IPv_Type: ipv6, Location: 中国, ISP: 中国移动, Date: None, Delay: 0.1 ms, Speed: inf M/s, Resolution: 1920x1080
Name: CCTV-8, URL: http://[2409:8087:74f0:22::9]:6410/270000001111/1110000309/index.m3u8, From: subscribe, IPv_Type: ipv6, Location: 中国, ISP: 中国移动, Date: None, Delay: 0.1 ms, Speed: inf M/s, Resolution: 1920x1080
Name: CCTV-8, URL: http://[2409:8087:1a01:df::7005]/ottrrs.hl.chinamobile.com/PLTV/88888888/224/3221226008/index.m3u8, From: subscribe, IPv_Type: ipv6, Location: 中国, ISP: 中国移动, Date: None, Delay: 0.1 ms, Speed: inf M/s, Resolution: 1920x1080
Name: CCTV-8, URL: http://[2409:8087:3869:8021:1001::e5]:6610/PLTV/88888910/224/3221225631/index.m3u8, From: subscribe, IPv_Type: ipv6, Location: 中国, ISP: 中国移动, Date: None, Delay: 0.1 ms, Speed: inf M/s, Resolution: 1920x1080
Name: CCTV-8, URL: http://rrs01.hw.gmcc.net:8088/PLTV/81/224/3221226715/1.m3u8, From: subscribe, IPv_Type: ipv6, Location: 中国, ISP: 中国移动, Date: None, Delay: -1 ms, Speed: 0.00 M/s, Resolution: None
Name: CCTV-8, URL: https://hls-gateway.vpstv.net/streams/476892.m3u8, From: subscribe, IPv_Type: ipv6, Location: 美国, ISP: CloudFlare Inc., Date: None, Delay: -1 ms, Speed: 0.00 M/s, Resolution: None
Name: CCTV-8, URL: http://k.061899.xyz/m.php?id=cctv8, From: subscribe, IPv_Type: ipv6, Location: 新加坡, ISP: Aceville Pte.Ltd., Date: None, Delay: -1 ms, Speed: 0.00 M/s, Resolution: None
Name: CCTV-8, URL: http://[2409:8087:1a15:10d1::38]/ottrrs.hl.chinamobile.com/PLTV/88888888/224/3221226008/index.m3u8, From: subscribe, IPv_Type: ipv6, Location: 中国, ISP: 中国移动, Date: None, Delay: -1 ms, Speed: 0.00 M/s, Resolution: None
Name: CCTV-8, URL: http://[2409:8087:1a15:10d1::37]/ottrrs.hl.chinamobile.com/PLTV/88888888/224/3221226008/index.m3u8, From: subscribe, IPv_Type: ipv6, Location: 中国, ISP: 中国移动, Date: None, Delay: -1 ms, Speed: 0.00 M/s, Resolution: None
Name: CCTV-8, URL: http://[2409:8087:5e00:24::1e]:6060/200000001898/460000089800010216/1.m3u8, From: subscribe, IPv_Type: ipv6, Location: 中国, ISP: 中国移动, Date: None, Delay: -1 ms, Speed: 0.00 M/s, Resolution: None
Name: CCTV-8, URL: http://[2409:8087:5e08:25::16]:6610/200000001898/460000089800010216/1.m3u8, From: subscribe, IPv_Type: ipv6, Location: 中国, ISP: 中国移动, Date: None, Delay: -1 ms, Speed: 0.00 M/s, Resolution: None
Name: CCTV-8, URL: https://cc06.tv12.xyz/9.m3u8, From: subscribe, IPv_Type: ipv6, Location: 美国, ISP: CloudFlare Inc., Date: None, Delay: -1 ms, Speed: 0.00 M/s, Resolution: None
Name: CCTV-8, URL: https://migu.188766.xyz/?migutoken=3f6ec7a1794ffabc1f3517165a929346&id=CCTV8&pp=1, From: subscribe, IPv_Type: ipv6, Location: 美国, ISP: CloudFlare Inc., Date: None, Delay: -1 ms, Speed: 0.00 M/s, Resolution: None
Name: CCTV-8, URL: http://gslbmgsplive.miguvideo.com/wd_r2/2018/ocn/cctv8hd/2000/index.m3u8?msisdn=20250919080130953e73f6ba1642638994e65ca748052d&mdspid=&spid=699004&netType=0&sid=5500212868&pid=2028597139&timestamp=20250919080130&Channel_ID=0116_2600000900-99000-201600010010027&ProgramID=624878356&ParentNodeID=-99&assertID=5500212868&client_ip=106.13.250.88&SecurityKey=20250919080130&promotionId=&mvid=5100001695&mcid=500020&playurlVersion=WX-A1-8.9.1-RELEASE&userid=&jmhm=&videocodec=h264&bean=mgspad&tid=android&conFee=0&puData=fc36121ddb3b4f1219316ea39fcd6e42&ddCalcu=2f4cee31664d10c2f19d3dabe36b143f9112, From: subscribe, IPv_Type: ipv6, Location: 中国, ISP: 中国移动, Date: None, Delay: -1 ms, Speed: 0.00 M/s, Resolution: None
Name: CCTV-8, URL: https://jzb.wwkejishe.top/?id=586, From: subscribe, IPv_Type: ipv6, Location: 美国, ISP: CloudFlare Inc., Date: None, Delay: -1 ms, Speed: 0.00 M/s, Resolution: None
Name: CCTV-8, URL: https://iptv.catvod.com/live.php?id=CCTV8%E7%94%B5%E8%A7%86%E5%89%A7, From: subscribe, IPv_Type: ipv6, Location: 美国, ISP: CloudFlare Inc., Date: None, Delay: -1 ms, Speed: 0.00 M/s, Resolution: None
Name: CCTV-8, URL: https://shyd.695847.xyz/cms001/ch00000090990000001189/index.m3u8?IASHttpSessionId=RR4967720251014100028031761&ispcode=12, From: subscribe, IPv_Type: ipv6, Location: 美国, ISP: CloudFlare Inc., Date: None, Delay: -1 ms, Speed: 0.00 M/s, Resolution: None
Name: CCTV-8, URL: https://live.chinacert.cftest5.cn/mg/?id=624878356, From: subscribe, IPv_Type: ipv6, Location: 中国, ISP: 中国联通, Date: None, Delay: -1 ms, Speed: 0.00 M/s, Resolution: None
Name: CCTV-8, URL: http://mgsp-tx2.live.miguvideo.com:8088/migu/kailu/cctv8hd265/54/20200407/index.m3u8?msisdn=e55e9ee71b42d2d7008a152c069625e3&mdspid=&spid=699004&netType=0&sid=5500212868&pid=2028597139&timestamp=20260215080204&Channel_ID=0116_2600034600-99000-201600010010028&ProgramID=624878356&ParentNodeID=-99&assertID=5500212868&client_ip=218.28.233.106&SecurityKey=20260215080204&promotionId=&mvid=5100001695&mcid=500020&playurlVersion=WX-A1-9.2.1-RELEASE&userid=&jmhm=&videocodec=h265&appCode=miguvideo_android&bean=mgspad&tid=android&conFee=0&encrypt=f91911032bfaaf7a37226dee9216df4e&sv=10004&ct=android, From: subscribe, IPv_Type: ipv6, Location: 中国, ISP: 中国联通, Date: None, Delay: -1 ms, Speed: 0.00 M/s, Resolution: None
Name: CCTV-8, URL: http://mgsp-hs2.live.miguvideo.com:8088/migu/kailu/cctv8hd265/54/20200407/index.m3u8?msisdn=e55e9ee71b42d2d7008a152c069625e3&mdspid=&spid=699004&netType=0&sid=5500212868&pid=2028597139&timestamp=20260216080221&Channel_ID=0116_2600034600-99000-201600010010028&ProgramID=624878356&ParentNodeID=-99&assertID=5500212868&client_ip=218.28.233.106&SecurityKey=20260216080221&promotionId=&mvid=5100001695&mcid=500020&playurlVersion=WX-A1-9.2.1-RELEASE&userid=&jmhm=&videocodec=h265&appCode=miguvideo_android&bean=mgspad&tid=android&conFee=0&encrypt=0a516c8cc915ef14da41db1bd290bcbf&sv=10004&ct=android, From: subscribe, IPv_Type: ipv6, Location: 中国, ISP: 中国移动, Date: None, Delay: -1 ms, Speed: 0.00 M/s, Resolution: None
Name: CCTV-8, URL: http://mgsp-ws2.live.miguvideo.com:8088/migu/kailu/cctv8hd265/54/20200407/index.m3u8?msisdn=e55e9ee71b42d2d7008a152c069625e3&mdspid=&spid=699004&netType=0&sid=5500212868&pid=2028597139&timestamp=20260217084014&Channel_ID=0116_2600034600-99000-201600010010028&ProgramID=624878356&ParentNodeID=-99&assertID=5500212868&client_ip=218.28.233.106&SecurityKey=20260217084014&promotionId=&mvid=5100001695&mcid=500020&playurlVersion=WX-A1-9.2.1-RELEASE&userid=&jmhm=&videocodec=h265&appCode=miguvideo_android&bean=mgspad&tid=android&conFee=0&encrypt=934d298af111978de831b70ff0a36900&sv=10004&ct=android, From: subscribe, IPv_Type: ipv6, Location: 加拿大, ISP: , Date: None, Delay: -1 ms, Speed: 0.00 M/s, Resolution: None
Name: CCTV-8, URL: http://mgsp-zy2.live.miguvideo.com:8088/migu/kailu/cctv8hd265/54/20200407/index.m3u8?msisdn=2be6b2ec9fcf10d2c2457e2c710e172c&mdspid=&spid=699004&netType=0&sid=5500212868&pid=2028597139&timestamp=20260226080221&Channel_ID=0116_2600034600-99000-201600010010028&ProgramID=624878356&ParentNodeID=-99&assertID=5500212868&client_ip=218.28.233.106&SecurityKey=20260226080221&promotionId=&mvid=5100001695&mcid=500020&playurlVersion=WX-A1-9.2.1-RELEASE&userid=&jmhm=&videocodec=h265&appCode=miguvideo_android&bean=mgspad&tid=android&conFee=0&encrypt=42962da1f1079d771c8f8df337203bca&sv=10004&ct=android, From: subscribe, IPv_Type: ipv6, Location: 中国, ISP: 中国电信, Date: None, Delay: -1 ms, Speed: 0.00 M/s, Resolution: None
Name: CCTV-8, URL: http://mgsp-yx2.live.miguvideo.com:8088/migu/kailu/cctv8hd265/54/20200407/index.m3u8?msisdn=2be6b2ec9fcf10d2c2457e2c710e172c&mdspid=&spid=699004&netType=0&sid=5500212868&pid=2028597139&timestamp=20260228080220&Channel_ID=0116_2600034600-99000-201600010010028&ProgramID=624878356&ParentNodeID=-99&assertID=5500212868&client_ip=218.28.233.106&SecurityKey=20260228080220&promotionId=&mvid=5100001695&mcid=500020&playurlVersion=WX-A1-9.2.1-RELEASE&userid=&jmhm=&videocodec=h265&appCode=miguvideo_android&bean=mgspad&tid=android&conFee=0&encrypt=c4f73e317383ddc1684d78ca3b2d4597&sv=10004&ct=android, From: subscribe, IPv_Type: ipv6, Location: 中国, ISP: 中国电信, Date: None, Delay: -1 ms, Speed: 0.00 M/s, Resolution: None
Name: CCTV-8, URL: http://198.204.228.26/live/cctv8hd.m3u8, From: subscribe, IPv_Type: ipv4, Location: 美国, ISP: , Date: None, Delay: 830 ms, Speed: 4.91 M/s, Resolution: 1920x1080
Name: CCTV-9, URL: http://php.jdshipin.com/TVOD/hljyd.php?id=3221225734, From: subscribe, IPv_Type: ipv6, Location: 美国, ISP: CloudFlare Inc., Date: None, Delay: 0.1 ms, Speed: inf M/s, Resolution: 1920x1080
Name: CCTV-9, URL: http://iptv.huuc.edu.cn/hls/cctv9hd.m3u8, From: subscribe, IPv_Type: ipv6, Location: 中国, ISP: 教育网, Date: None, Delay: 0.1 ms, Speed: inf M/s, Resolution: 1920x1080
Name: CCTV-9, URL: https://www.freetv.top/migu/673168140.m3u8?migutoken=749c49cdc31bb395e0349adc81010adc8707f80e51e9d3491ad67bfa71388ad768f7b52c8064338a7ef45eb7ddb192fb4937b21681c82499a0c16653ad9a9bec98ff5ce6ab183e4029bbdf269e, From: subscribe, IPv_Type: ipv6, Location: 美国-加利福尼亚州-圣克拉拉, ISP: DigitalOcean, Date: None, Delay: 0.1 ms, Speed: inf M/s, Resolution: 1920x1080
Name: CCTV-9, URL: http://[2409:8087:1a01:df::4077]:80/ottrrs.hl.chinamobile.com/PLTV/88888888/224/3221225734/index.m3u8, From: subscribe, IPv_Type: ipv6, Location: 中国, ISP: 中国移动, Date: None, Delay: -1 ms, Speed: 0.00 M/s, Resolution: None
Name: CCTV-9, URL: https://smart.pendy.dpdns.org/Smart.php?id=cctv9hd, From: subscribe, IPv_Type: ipv6, Location: 美国, ISP: CloudFlare Inc., Date: None, Delay: 0.1 ms, Speed: inf M/s, Resolution: 1920x1080
Name: CCTV-9, URL: http://[2409:8087:8:21::18]:6610/otttv.bj.chinamobile.com/PLTV/88888888/224/3221226236/1.m3u8, From: subscribe, IPv_Type: ipv6, Location: 中国, ISP: 中国移动, Date: None, Delay: 0.1 ms, Speed: inf M/s, Resolution: 1920x1080
Name: CCTV-9, URL: http://[2409:8087:1a0a:df::404b]/ottrrs.hl.chinamobile.com/TVOD/88888888/224/3221225734/index.m3u8, From: subscribe, IPv_Type: ipv6, Location: 中国, ISP: 中国移动, Date: None, Delay: 0.1 ms, Speed: inf M/s, Resolution: 1920x1080
Name: CCTV-9, URL: http://www.freetv.top/migu/673168140.m3u8?migutoken=b6b3dff09079aa89b4ea1988e02de40fa003df2db6f755979b0c414bdfffe3225adf1ec44edf5934481e00ada14c3b23dc6e93bb72f70ed2319f17002205dc998b6ce2dde3d00bf5701f8261ec, From: subscribe, IPv_Type: ipv6, Location: 美国-加利福尼亚州-圣克拉拉, ISP: DigitalOcean, Date: None, Delay: 0.1 ms, Speed: inf M/s, Resolution: 1920x1080
Name: CCTV-9, URL: http://yc.myds.me:35455/gaoma/cctv9.m3u8, From: subscribe, IPv_Type: ipv6, Location: 中国, ISP: 中国电信, Date: None, Delay: 0.1 ms, Speed: inf M/s, Resolution: 1920x1080
Name: CCTV-9, URL: http://nas.suntao.online:35455/itv/1000000005000265009.m3u8?cdn=ystenlive, From: subscribe, IPv_Type: ipv6, Location: 中国, ISP: 中国联通, Date: None, Delay: 0.1 ms, Speed: inf M/s, Resolution: 1920x1080
Name: CCTV-9, URL: http://iptv.cdn.ha.chinamobile.com/PLTV/88888888/224/3221227182/index.m3u8, From: subscribe, IPv_Type: ipv6, Location: 中国, ISP: 中国移动, Date: None, Delay: 0.1 ms, Speed: inf M/s, Resolution: 1920x1080
Name: CCTV-9, URL: https://stream1.freetv.fun/b1441aafad046fdc14f8c74f647d28ce7841fef2633d1aedccf8c575d1e9668f.m3u8, From: subscribe, IPv_Type: ipv6, Location: 美国, ISP: CloudFlare Inc., Date: None, Delay: 0.1 ms, Speed: inf M/s, Resolution: 1920x1080
Name: CCTV-9, URL: http://lu.wqwqwq.sbs/itv/1000000005000265009.m3u8?cdn=ystenlive, From: subscribe, IPv_Type: ipv6, Location: 美国, ISP: CloudFlare Inc., Date: None, Delay: 0.1 ms, Speed: inf M/s, Resolution: 1920x1080
Name: CCTV-9, URL: http://[2409:8087:5e01:34::23]:6610/ZTE_CMS/00000001000000060000000000000373/index.m3u8?IAS, From: subscribe, IPv_Type: ipv6, Location: 中国, ISP: 中国移动, Date: None, Delay: 0.1 ms, Speed: inf M/s, Resolution: 1920x1080
Name: CCTV-9, URL: http://[2409:8087:5e01:34::20]:6610/ZTE_CMS/00000001000000060000000000000373/index.m3u8?IAS, From: subscribe, IPv_Type: ipv6, Location: 中国, ISP: 中国移动, Date: None, Delay: 0.1 ms, Speed: inf M/s, Resolution: 1920x1080
Name: CCTV-9, URL: http://dbiptv.sn.chinamobile.com/PLTV/88888890/224/3221226197/index.m3u8, From: subscribe, IPv_Type: ipv6, Location: 中国, ISP: 中国移动, Date: None, Delay: 0.1 ms, Speed: inf M/s, Resolution: 1920x1080
Name: CCTV-9, URL: http://hwrr.jx.chinamobile.com:8080/PLTV/88888888/224/3221225626/index.m3u8, From: subscribe, IPv_Type: ipv6, Location: 中国, ISP: 中国移动, Date: None, Delay: 0.1 ms, Speed: inf M/s, Resolution: 1920x1080
Name: CCTV-9, URL: http://zteres.sn.chinamobile.com:6060/000000001000/5000000010000018384/1.m3u8?channel-id=bestzb&Contentid=5000000010000018384&livemode=1&stbId=3, From: subscribe, IPv_Type: ipv6, Location: 中国, ISP: 中国移动, Date: None, Delay: 0.1 ms, Speed: inf M/s, Resolution: 1920x1080
Name: CCTV-9, URL: http://[2409:8087:4c0a:22:1::11]:6410/170000001115/UmaiCHAN5000039BESTVSMGSMG/index.m3u8?AuthInfo=9kOOdBn7MFF%2F2bWjKgahUSpr1AVNI633ampcuzdN%2BfHArfvJF2pWpm4RxcBNhZ7j9vEUeCQte%2BbQaOGNIUEEK%2B3RBE1BC9EUsM18gnb%2FyAA, From: subscribe, IPv_Type: ipv6, Location: 中国, ISP: 中国移动, Date: None, Delay: 0.1 ms, Speed: inf M/s, Resolution: 1920x1080
Name: CCTV-9, URL: http://[2409:8087:5e01:34::38]:6610/ZTE_CMS/00000001000000060000000000000373/index.m3u8, From: subscribe, IPv_Type: ipv6, Location: 中国, ISP: 中国移动, Date: None, Delay: 0.1 ms, Speed: inf M/s, Resolution: 1920x1080
Name: CCTV-9, URL: http://[2409:8087:5e00:24::1f]:6060/ZTE_CMS/00000001000000060000000000000373/index.m3u8, From: subscribe, IPv_Type: ipv6, Location: 中国, ISP: 中国移动, Date: None, Delay: 0.1 ms, Speed: inf M/s, Resolution: 1920x1080
Name: CCTV-9, URL: http://[2409:8087:5e01:34::21]:6610/ZTE_CMS/00000001000000060000000000000373/index.m3u8?IAS, From: subscribe, IPv_Type: ipv6, Location: 中国, ISP: 中国移动, Date: None, Delay: 0.1 ms, Speed: inf M/s, Resolution: 1920x1080
Name: CCTV-9, URL: http://[2409:8087:5e01:34::22]:6610/ZTE_CMS/00000001000000060000000000000373/index.m3u8?IAS, From: subscribe, IPv_Type: ipv6, Location: 中国, ISP: 中国移动, Date: None, Delay: 0.1 ms, Speed: inf M/s, Resolution: 1920x1080
Name: CCTV-9, URL: http://[2409:8087:74f0:22::4]:6410/270000001128/9900000505/index.m3u8, From: subscribe, IPv_Type: ipv6, Location: 中国, ISP: 中国移动, Date: None, Delay: 0.1 ms, Speed: inf M/s, Resolution: 1920x1080
Name: CCTV-9, URL: http://[2409:8087:1a01:df::7005]/ottrrs.hl.chinamobile.com/PLTV/88888888/224/3221225734/index.m3u8, From: subscribe, IPv_Type: ipv6, Location: 中国, ISP: 中国移动, Date: None, Delay: 0.1 ms, Speed: inf M/s, Resolution: 1920x1080
Name: CCTV-9, URL: http://[2409:8087:3869:8021:1001::e5]:6610/PLTV/88888910/224/3221225646/index.m3u8, From: subscribe, IPv_Type: ipv6, Location: 中国, ISP: 中国移动, Date: None, Delay: 0.1 ms, Speed: inf M/s, Resolution: 1920x1080
Name: CCTV-9, URL: http://rrs01.hw.gmcc.net:8088/PLTV/81/224/3221226651/1.m3u8, From: subscribe, IPv_Type: ipv6, Location: 中国, ISP: 中国移动, Date: None, Delay: -1 ms, Speed: 0.00 M/s, Resolution: None
Name: CCTV-9, URL: https://hls-gateway.vpstv.net/streams/476893.m3u8, From: subscribe, IPv_Type: ipv6, Location: 美国, ISP: CloudFlare Inc., Date: None, Delay: -1 ms, Speed: 0.00 M/s, Resolution: None
Name: CCTV-9, URL: http://k.061899.xyz/m.php?id=cctv9, From: subscribe, IPv_Type: ipv6, Location: 新加坡, ISP: Aceville Pte.Ltd., Date: None, Delay: -1 ms, Speed: 0.00 M/s, Resolution: None
Name: CCTV-9, URL: http://[2409:8087:1a15:10d1::34]/ottrrs.hl.chinamobile.com/PLTV/88888888/224/3221225734/index.m3u8, From: subscribe, IPv_Type: ipv6, Location: 中国, ISP: 中国移动, Date: None, Delay: -1 ms, Speed: 0.00 M/s, Resolution: None
Name: CCTV-9, URL: http://[2409:8087:1a15:10d1::39]/ottrrs.hl.chinamobile.com/PLTV/88888888/224/3221225734/index.m3u8, From: subscribe, IPv_Type: ipv6, Location: 中国, ISP: 中国移动, Date: None, Delay: -1 ms, Speed: 0.00 M/s, Resolution: None
Name: CCTV-9, URL: http://[2409:8087:5e00:24::1e]:6060/200000001898/460000089800010052/1.m3u8, From: subscribe, IPv_Type: ipv6, Location: 中国, ISP: 中国移动, Date: None, Delay: -1 ms, Speed: 0.00 M/s, Resolution: None
Name: CCTV-9, URL: http://[2409:8087:5e08:25::16]:6610/200000001898/460000089800010052/1.m3u8, From: subscribe, IPv_Type: ipv6, Location: 中国, ISP: 中国移动, Date: None, Delay: -1 ms, Speed: 0.00 M/s, Resolution: None
Name: CCTV-9, URL: https://cc06.tv12.xyz/10.m3u8, From: subscribe, IPv_Type: ipv6, Location: 美国, ISP: CloudFlare Inc., Date: None, Delay: -1 ms, Speed: 0.00 M/s, Resolution: None
Name: CCTV-9, URL: https://migu.188766.xyz/?migutoken=25be0346eb068e39c9b7c308b9b5cb1e&id=CCTV9&pp=1, From: subscribe, IPv_Type: ipv6, Location: 美国, ISP: CloudFlare Inc., Date: None, Delay: -1 ms, Speed: 0.00 M/s, Resolution: None
Name: CCTV-9, URL: http://gslbmgsplive.miguvideo.com/migu/kailu/20200324/cctv9hd/51/index.m3u8?msisdn=202509190801307fcdc152a0524697a447c56a11965049&mdspid=&spid=699004&netType=0&sid=5501083624&pid=2028597139&timestamp=20250919080130&Channel_ID=0116_2600000900-99000-201600010010027&ProgramID=673168140&ParentNodeID=-99&assertID=5501083624&client_ip=106.13.250.88&SecurityKey=20250919080130&promotionId=&mvid=5102910384&mcid=500020&playurlVersion=WX-A1-8.9.1-RELEASE&userid=&jmhm=&videocodec=h264&bean=mgspad&tid=android&conFee=0&puData=e8b150877bd0cec1c4adcc0dde9e411a&ddCalcu=ae18e1b1413e5090e8d7d70bcdc0dcae4cc1, From: subscribe, IPv_Type: ipv6, Location: 中国, ISP: 中国移动, Date: None, Delay: -1 ms, Speed: 0.00 M/s, Resolution: None
Name: CCTV-9, URL: https://jzb.wwkejishe.top/?id=587, From: subscribe, IPv_Type: ipv6, Location: 美国, ISP: CloudFlare Inc., Date: None, Delay: -1 ms, Speed: 0.00 M/s, Resolution: None
Name: CCTV-9, URL: https://iptv.catvod.com/live.php?id=CCTV9%E7%BA%AA%E5%BD%95, From: subscribe, IPv_Type: ipv6, Location: 美国, ISP: CloudFlare Inc., Date: None, Delay: -1 ms, Speed: 0.00 M/s, Resolution: None
Name: CCTV-9, URL: https://shyd.695847.xyz/cms001/ch00000090990000001237/index.m3u8?IAS, From: subscribe, IPv_Type: ipv6, Location: 美国, ISP: CloudFlare Inc., Date: None, Delay: -1 ms, Speed: 0.00 M/s, Resolution: None
Name: CCTV-9, URL: https://live.chinacert.cftest5.cn/mg/?id=673168140, From: subscribe, IPv_Type: ipv6, Location: 中国, ISP: 中国联通, Date: None, Delay: -1 ms, Speed: 0.00 M/s, Resolution: None
Name: CCTV-9, URL: http://mgsp-ws2.live.miguvideo.com:8088/migu/kailu/20200324/cctv9hd/51/index.m3u8?msisdn=e55e9ee71b42d2d7008a152c069625e3&mdspid=&spid=699004&netType=0&sid=5501083624&pid=2028597139&timestamp=20260215080204&Channel_ID=0116_2600034600-99000-201600010010028&ProgramID=673168140&ParentNodeID=-99&assertID=5501083624&client_ip=218.28.233.106&SecurityKey=20260215080204&promotionId=&mvid=5102910384&mcid=500020&playurlVersion=WX-A1-9.2.1-RELEASE&userid=&jmhm=&videocodec=h264&appCode=miguvideo_android&bean=mgspad&tid=android&conFee=0&encrypt=e8b5325449b108360b5342f2c57cd141&sv=10004&ct=android, From: subscribe, IPv_Type: ipv6, Location: 加拿大, ISP: , Date: None, Delay: -1 ms, Speed: 0.00 M/s, Resolution: None
Name: CCTV-9, URL: http://mgsp-yx2.live.miguvideo.com:8088/migu/kailu/20200324/cctv9hd/51/index.m3u8?msisdn=2be6b2ec9fcf10d2c2457e2c710e172c&mdspid=&spid=699004&netType=0&sid=5501083624&pid=2028597139&timestamp=20260226080221&Channel_ID=0116_2600034600-99000-201600010010028&ProgramID=673168140&ParentNodeID=-99&assertID=5501083624&client_ip=218.28.233.106&SecurityKey=20260226080221&promotionId=&mvid=5102910384&mcid=500020&playurlVersion=WX-A1-9.2.1-RELEASE&userid=&jmhm=&videocodec=h264&appCode=miguvideo_android&bean=mgspad&tid=android&conFee=0&encrypt=19fb19a19898dda7c1eba4e678224788&sv=10004&ct=android, From: subscribe, IPv_Type: ipv6, Location: 中国, ISP: 中国电信, Date: None, Delay: -1 ms, Speed: 0.00 M/s, Resolution: None
Name: CCTV-9, URL: http://mgsp-zy2.live.miguvideo.com:8088/migu/kailu/20200324/cctv9hd/51/index.m3u8?msisdn=2be6b2ec9fcf10d2c2457e2c710e172c&mdspid=&spid=699004&netType=0&sid=5501083624&pid=2028597139&timestamp=20260227080204&Channel_ID=0116_2600034600-99000-201600010010028&ProgramID=673168140&ParentNodeID=-99&assertID=5501083624&client_ip=218.28.233.106&SecurityKey=20260227080204&promotionId=&mvid=5102910384&mcid=500020&playurlVersion=WX-A1-9.2.1-RELEASE&userid=&jmhm=&videocodec=h264&appCode=miguvideo_android&bean=mgspad&tid=android&conFee=0&encrypt=f2b622f654d2f1a11bd76791612c0761&sv=10004&ct=android, From: subscribe, IPv_Type: ipv6, Location: 中国, ISP: 中国电信, Date: None, Delay: -1 ms, Speed: 0.00 M/s, Resolution: None
Name: CCTV-9, URL: https://t.freetv.fun/live/cctv9-1.php, From: subscribe, IPv_Type: ipv6, Location: 美国, ISP: CloudFlare Inc., Date: None, Delay: -1 ms, Speed: 0.00 M/s, Resolution: None
Name: CCTV-9, URL: https://xykt-fix.github.io/Y77.m3u8, From: subscribe, IPv_Type: ipv6, Location: 美国, ISP: , Date: None, Delay: -1 ms, Speed: 0.00 M/s, Resolution: None
Name: CCTV-10, URL: http://z.b.bkpcp.top/m.php?id=CCTV-10科教科教, From: subscribe, IPv_Type: ipv6, Location: 美国, ISP: CloudFlare Inc., Date: None, Delay: 0.1 ms, Speed: inf M/s, Resolution: 1920x1080
Name: CCTV-10, URL: http://goo.bkpcp.top/mg/cctv10, From: subscribe, IPv_Type: ipv6, Location: 美国, ISP: CloudFlare Inc., Date: None, Delay: 0.1 ms, Speed: inf M/s, Resolution: 1920x1080
Name: CCTV-10, URL: http://iptv.huuc.edu.cn/hls/cctv10hd.m3u8, From: subscribe, IPv_Type: ipv6, Location: 中国, ISP: 教育网, Date: None, Delay: 0.1 ms, Speed: inf M/s, Resolution: 1920x1080
Name: CCTV-10, URL: https://smart.pendy.dpdns.org/Smart.php?id=cctv10hd, From: subscribe, IPv_Type: ipv6, Location: 美国, ISP: CloudFlare Inc., Date: None, Delay: 0.1 ms, Speed: inf M/s, Resolution: 1920x1080
Name: CCTV-10, URL: http://[2409:8087:1a01:df::4077]/ottrrs.hl.chinamobile.com/PLTV/88888888/224/3221225730/index.m3u8, From: subscribe, IPv_Type: ipv6, Location: 中国, ISP: 中国移动, Date: None, Delay: -1 ms, Speed: 0.00 M/s, Resolution: None
Name: CCTV-10, URL: http://[2409:8087:8:21::18]:6610/otttv.bj.chinamobile.com/PLTV/88888888/224/3221226449/1.m3u8, From: subscribe, IPv_Type: ipv6, Location: 中国, ISP: 中国移动, Date: None, Delay: 0.1 ms, Speed: inf M/s, Resolution: 1920x1080
Name: CCTV-10, URL: http://[2409:8087:1a0a:df::404b]/ottrrs.hl.chinamobile.com/TVOD/88888888/224/3221225730/index.m3u8, From: subscribe, IPv_Type: ipv6, Location: 中国, ISP: 中国移动, Date: None, Delay: 0.1 ms, Speed: inf M/s, Resolution: 1920x1080
Name: CCTV-10, URL: https://www.freetv.top/migu/624878405.m3u8?migutoken=e7e8abe9ae322869a93e8450014e08c5949217331c53007abb9f6eee64b06cc42f81828befee8b129005bcdebf805a1bbd19f0949e8329cf7ff4ab9379e930cfb8185ddf66c83b972ea6481e86, From: subscribe, IPv_Type: ipv6, Location: 美国-加利福尼亚州-圣克拉拉, ISP: DigitalOcean, Date: None, Delay: 0.1 ms, Speed: inf M/s, Resolution: 1920x1080
Name: CCTV-10, URL: http://www.freetv.top/migu/624878405.m3u8?migutoken=994dc87ce4767211215bbc02fa208301259959a2d995deb9996c41b650e244fc75c3d5bae41d623bed5ba96aa38c7ea483d856771c119f74e8bb93fb60dc8304e146d0bf46405e88554d84e414, From: subscribe, IPv_Type: ipv6, Location: 美国-加利福尼亚州-圣克拉拉, ISP: DigitalOcean, Date: None, Delay: 0.1 ms, Speed: inf M/s, Resolution: 1920x1080
Name: CCTV-10, URL: http://yc.myds.me:35455/gaoma/cctv10.m3u8, From: subscribe, IPv_Type: ipv6, Location: 中国, ISP: 中国电信, Date: None, Delay: 0.1 ms, Speed: inf M/s, Resolution: 1920x1080
Name: CCTV-10, URL: http://nas.suntao.online:35455/itv/1000000005000265010.m3u8?cdn=ystenlive, From: subscribe, IPv_Type: ipv6, Location: 中国, ISP: 中国联通, Date: None, Delay: 0.1 ms, Speed: inf M/s, Resolution: 1920x1080
Name: CCTV-10, URL: http://iptv.cdn.ha.chinamobile.com/PLTV/88888888/224/3221227169/index.m3u8, From: subscribe, IPv_Type: ipv6, Location: 中国, ISP: 中国移动, Date: None, Delay: 0.1 ms, Speed: inf M/s, Resolution: 1920x1080
Name: CCTV-10, URL: https://stream1.freetv.fun/0097d6d3aaaae0d7ba50b88694af9eedac6c2c47f58f439b7df562d5d69db3b1.m3u8, From: subscribe, IPv_Type: ipv6, Location: 美国, ISP: CloudFlare Inc., Date: None, Delay: 0.1 ms, Speed: inf M/s, Resolution: 1920x1080
Name: CCTV-10, URL: http://hwrr.jx.chinamobile.com:8080/PLTV/88888888/224/3221225627/index.m3u8, From: subscribe, IPv_Type: ipv6, Location: 中国, ISP: 中国移动, Date: None, Delay: 0.1 ms, Speed: inf M/s, Resolution: 1920x1080
Name: CCTV-10, URL: http://lu.wqwqwq.sbs/itv/1000000005000265010.m3u8?cdn=ystenlive, From: subscribe, IPv_Type: ipv6, Location: 美国, ISP: CloudFlare Inc., Date: None, Delay: 0.1 ms, Speed: inf M/s, Resolution: 1920x1080
Name: CCTV-10, URL: http://[2409:8087:5e01:34::20]:6610/ZTE_CMS/00000001000000060000000000000375/index.m3u8?IAS, From: subscribe, IPv_Type: ipv6, Location: 中国, ISP: 中国移动, Date: None, Delay: 0.1 ms, Speed: inf M/s, Resolution: 1920x1080
Name: CCTV-10, URL: http://[2409:8087:5e01:34::22]:6610/ZTE_CMS/00000001000000060000000000000375/index.m3u8?IAS, From: subscribe, IPv_Type: ipv6, Location: 中国, ISP: 中国移动, Date: None, Delay: 0.1 ms, Speed: inf M/s, Resolution: 1920x1080
Name: CCTV-10, URL: http://[2409:8087:5e01:34::23]:6610/ZTE_CMS/00000001000000060000000000000375/index.m3u8?IAS, From: subscribe, IPv_Type: ipv6, Location: 中国, ISP: 中国移动, Date: None, Delay: 0.1 ms, Speed: inf M/s, Resolution: 1920x1080
Name: CCTV-10, URL: http://dbiptv.sn.chinamobile.com/PLTV/88888890/224/3221226189/index.m3u8, From: subscribe, IPv_Type: ipv6, Location: 中国, ISP: 中国移动, Date: None, Delay: 0.1 ms, Speed: inf M/s, Resolution: 1920x1080
Name: CCTV-10, URL: http://zteres.sn.chinamobile.com:6060/000000001000/5000000004000012827/1.m3u8?channel-id=bestzb&Contentid=5000000004000012827&livemode=1&stbId=3, From: subscribe, IPv_Type: ipv6, Location: 中国, ISP: 中国移动, Date: None, Delay: 0.1 ms, Speed: inf M/s, Resolution: 1920x1080
Name: CCTV-10, URL: http://[2409:8087:4c0a:22:1::11]:6410/170000001115/UmaiCHAN3949784BESTVSMGSMG/index.m3u8?AuthInfo=9kOOdBn7MFF%2F2bWjKgahUXt3TPFwzzdHCkOT9AjSv5OuXozn3alq9%2BUx7ZLG1w9aOfkLjZvYj56D3xkOAtSOIoLsdw8c1%2BCwLDg1aS4esN4, From: subscribe, IPv_Type: ipv6, Location: 中国, ISP: 中国移动, Date: None, Delay: 0.1 ms, Speed: inf M/s, Resolution: 1920x1080
Name: CCTV-10, URL: http://[2409:8087:5e01:34::38]:6610/ZTE_CMS/00000001000000060000000000000375/index.m3u8, From: subscribe, IPv_Type: ipv6, Location: 中国, ISP: 中国移动, Date: None, Delay: 0.1 ms, Speed: inf M/s, Resolution: 1920x1080
Name: CCTV-10, URL: http://[2409:8087:5e00:24::1f]:6060/ZTE_CMS/00000001000000060000000000000375/index.m3u8, From: subscribe, IPv_Type: ipv6, Location: 中国, ISP: 中国移动, Date: None, Delay: 0.1 ms, Speed: inf M/s, Resolution: 1920x1080
Name: CCTV-10, URL: http://[2409:8087:5e01:34::21]:6610/ZTE_CMS/00000001000000060000000000000375/index.m3u8?IAS, From: subscribe, IPv_Type: ipv6, Location: 中国, ISP: 中国移动, Date: None, Delay: 0.1 ms, Speed: inf M/s, Resolution: 1920x1080
Name: CCTV-10, URL: http://[2409:8087:74f0:22::4]:6410/270000001128/9900000506/index.m3u8, From: subscribe, IPv_Type: ipv6, Location: 中国, ISP: 中国移动, Date: None, Delay: 0.1 ms, Speed: inf M/s, Resolution: 1920x1080
Name: CCTV-10, URL: http://[2409:8087:1a01:df::7005]/ottrrs.hl.chinamobile.com/PLTV/88888888/224/3221226473/index.m3u8, From: subscribe, IPv_Type: ipv6, Location: 中国, ISP: 中国移动, Date: None, Delay: 0.1 ms, Speed: inf M/s, Resolution: 1920x1080
Name: CCTV-10, URL: http://[2409:8087:3869:8021:1001::e5]:6610/PLTV/88888910/224/3221225636/index.m3u8, From: subscribe, IPv_Type: ipv6, Location: 中国, ISP: 中国移动, Date: None, Delay: -1 ms, Speed: 0.00 M/s, Resolution: None
Name: CCTV-10, URL: http://rrs01.hw.gmcc.net:8088/PLTV/81/224/3221226708/1.m3u8, From: subscribe, IPv_Type: ipv6, Location: 中国, ISP: 中国移动, Date: None, Delay: -1 ms, Speed: 0.00 M/s, Resolution: None
Name: CCTV-10, URL: http://k.061899.xyz/m.php?id=cctv10, From: subscribe, IPv_Type: ipv6, Location: 新加坡, ISP: Aceville Pte.Ltd., Date: None, Delay: -1 ms, Speed: 0.00 M/s, Resolution: None
Name: CCTV-10, URL: http://[2409:8087:1a15:10d1::33]/ottrrs.hl.chinamobile.com/PLTV/88888888/224/3221225730/index.m3u8, From: subscribe, IPv_Type: ipv6, Location: 中国, ISP: 中国移动, Date: None, Delay: -1 ms, Speed: 0.00 M/s, Resolution: None
Name: CCTV-10, URL: http://[2409:8087:1a15:10d1::38]/ottrrs.hl.chinamobile.com/PLTV/88888888/224/3221225730/index.m3u8, From: subscribe, IPv_Type: ipv6, Location: 中国, ISP: 中国移动, Date: None, Delay: -1 ms, Speed: 0.00 M/s, Resolution: None
Name: CCTV-10, URL: http://[2409:8087:5e00:24::1e]:6060/200000001898/460000089800010046/1.m3u8, From: subscribe, IPv_Type: ipv6, Location: 中国, ISP: 中国移动, Date: None, Delay: -1 ms, Speed: 0.00 M/s, Resolution: None
Name: CCTV-10, URL: http://[2409:8087:5e08:25::16]:6610/200000001898/460000089800010046/1.m3u8, From: subscribe, IPv_Type: ipv6, Location: 中国, ISP: 中国移动, Date: None, Delay: -1 ms, Speed: 0.00 M/s, Resolution: None
Name: CCTV-10, URL: https://cc06.tv12.xyz/11.m3u8, From: subscribe, IPv_Type: ipv6, Location: 美国, ISP: CloudFlare Inc., Date: None, Delay: -1 ms, Speed: 0.00 M/s, Resolution: None
Name: CCTV-10, URL: https://migu.188766.xyz/?migutoken=3374e5c8ddcbddb0de5b275c44014151&id=CCTV10&pp=1, From: subscribe, IPv_Type: ipv6, Location: 美国, ISP: CloudFlare Inc., Date: None, Delay: -1 ms, Speed: 0.00 M/s, Resolution: None
Name: CCTV-10, URL: http://gslbmgsplive.miguvideo.com/wd_r2/2018/ocn/cctv10hd/2000/index.m3u8?msisdn=20250919080130be0f201daeef4284aaa4fd46aa1656b8&mdspid=&spid=699004&netType=0&sid=5500212874&pid=2028597139&timestamp=20250919080130&Channel_ID=0116_2600000900-99000-201600010010027&ProgramID=624878405&ParentNodeID=-99&assertID=5500212874&client_ip=106.13.250.88&SecurityKey=20250919080130&promotionId=&mvid=5100001696&mcid=500020&playurlVersion=WX-A1-8.9.1-RELEASE&userid=&jmhm=&videocodec=h264&bean=mgspad&tid=android&conFee=0&puData=48fc0bf9cfcaf223645c29909f38c27b&ddCalcu=b478e2f1cc48003bff990c9f9c2acf524263, From: subscribe, IPv_Type: ipv6, Location: 中国, ISP: 中国移动, Date: None, Delay: -1 ms, Speed: 0.00 M/s, Resolution: None
Name: CCTV-10, URL: https://jzb.wwkejishe.top/?id=588, From: subscribe, IPv_Type: ipv6, Location: 美国, ISP: CloudFlare Inc., Date: None, Delay: -1 ms, Speed: 0.00 M/s, Resolution: None
Name: CCTV-10, URL: https://iptv.catvod.com/live.php?id=CCTV-10%20%E7%A7%91%E6%95%99, From: subscribe, IPv_Type: ipv6, Location: 美国, ISP: CloudFlare Inc., Date: None, Delay: -1 ms, Speed: 0.00 M/s, Resolution: None
Name: CCTV-10, URL: https://zby.130519.xyz/PLTV/11/224/3221226169/index.m3u8, From: subscribe, IPv_Type: ipv6, Location: 美国, ISP: CloudFlare Inc., Date: None, Delay: -1 ms, Speed: 0.00 M/s, Resolution: None
Name: CCTV-10, URL: https://live.chinacert.cftest5.cn/mg/?id=624878405, From: subscribe, IPv_Type: ipv6, Location: 中国, ISP: 中国联通, Date: None, Delay: -1 ms, Speed: 0.00 M/s, Resolution: None
Name: CCTV-10, URL: https://t.freetv.fun/live/cctv-10-1.php, From: subscribe, IPv_Type: ipv6, Location: 美国, ISP: CloudFlare Inc., Date: None, Delay: -1 ms, Speed: 0.00 M/s, Resolution: None
Name: CCTV-10, URL: http://mgsp-hs2.live.miguvideo.com:8088/migu/kailu/cctv10hd265/54/20200407/index.m3u8?msisdn=e55e9ee71b42d2d7008a152c069625e3&mdspid=&spid=699004&netType=0&sid=5500212874&pid=2028597139&timestamp=20260215080204&Channel_ID=0116_2600034600-99000-201600010010028&ProgramID=624878405&ParentNodeID=-99&assertID=5500212874&client_ip=218.28.233.106&SecurityKey=20260215080204&promotionId=&mvid=5100001696&mcid=500020&playurlVersion=WX-A1-9.2.1-RELEASE&userid=&jmhm=&videocodec=h265&appCode=miguvideo_android&bean=mgspad&tid=android&conFee=0&encrypt=10435f48159255c71d97072e02ee6c1f&sv=10004&ct=android, From: subscribe, IPv_Type: ipv6, Location: 中国, ISP: 中国电信, Date: None, Delay: -1 ms, Speed: 0.00 M/s, Resolution: None
Name: CCTV-10, URL: http://mgsp-tx2.live.miguvideo.com:8088/migu/kailu/cctv10hd265/54/20200407/index.m3u8?msisdn=e55e9ee71b42d2d7008a152c069625e3&mdspid=&spid=699004&netType=0&sid=5500212874&pid=2028597139&timestamp=20260216080221&Channel_ID=0116_2600034600-99000-201600010010028&ProgramID=624878405&ParentNodeID=-99&assertID=5500212874&client_ip=218.28.233.106&SecurityKey=20260216080221&promotionId=&mvid=5100001696&mcid=500020&playurlVersion=WX-A1-9.2.1-RELEASE&userid=&jmhm=&videocodec=h265&appCode=miguvideo_android&bean=mgspad&tid=android&conFee=0&encrypt=78f6d16ffc36a37a0419850a658f689b&sv=10004&ct=android, From: subscribe, IPv_Type: ipv6, Location: 中国, ISP: 中国联通, Date: None, Delay: -1 ms, Speed: 0.00 M/s, Resolution: None
Name: CCTV-10, URL: http://mgsp-yx2.live.miguvideo.com:8088/migu/kailu/cctv10hd265/54/20200407/index.m3u8?msisdn=2be6b2ec9fcf10d2c2457e2c710e172c&mdspid=&spid=699004&netType=0&sid=5500212874&pid=2028597139&timestamp=20260226080221&Channel_ID=0116_2600034600-99000-201600010010028&ProgramID=624878405&ParentNodeID=-99&assertID=5500212874&client_ip=218.28.233.106&SecurityKey=20260226080221&promotionId=&mvid=5100001696&mcid=500020&playurlVersion=WX-A1-9.2.1-RELEASE&userid=&jmhm=&videocodec=h265&appCode=miguvideo_android&bean=mgspad&tid=android&conFee=0&encrypt=afe7b2af4c6255b8d839a17536f4ed94&sv=10004&ct=android, From: subscribe, IPv_Type: ipv6, Location: 中国, ISP: 中国电信, Date: None, Delay: -1 ms, Speed: 0.00 M/s, Resolution: None
Name: CCTV-10, URL: http://mgsp-zy2.live.miguvideo.com:8088/migu/kailu/cctv10hd265/54/20200407/index.m3u8?msisdn=2be6b2ec9fcf10d2c2457e2c710e172c&mdspid=&spid=699004&netType=0&sid=5500212874&pid=2028597139&timestamp=20260227080204&Channel_ID=0116_2600034600-99000-201600010010028&ProgramID=624878405&ParentNodeID=-99&assertID=5500212874&client_ip=218.28.233.106&SecurityKey=20260227080204&promotionId=&mvid=5100001696&mcid=500020&playurlVersion=WX-A1-9.2.1-RELEASE&userid=&jmhm=&videocodec=h265&appCode=miguvideo_android&bean=mgspad&tid=android&conFee=0&encrypt=2e53f0fc9578f874305a9f5166dbef92&sv=10004&ct=android, From: subscribe, IPv_Type: ipv6, Location: 中国, ISP: 中国电信, Date: None, Delay: -1 ms, Speed: 0.00 M/s, Resolution: None
Name: CCTV-10, URL: http://173.208.212.130:8181/1080p/cctv10.m3u8, From: subscribe, IPv_Type: ipv4, Location: 美国-密苏里州-杰克逊县, ISP: WholeSale互联网股份有限公司, Date: None, Delay: 745 ms, Speed: 4.64 M/s, Resolution: 1920x1080
Name: CCTV-11, URL: http://php.jdshipin.com/TVOD/hljyd.php?id=3221226565, From: subscribe, IPv_Type: ipv6, Location: 美国, ISP: CloudFlare Inc., Date: None, Delay: 0.1 ms, Speed: inf M/s, Resolution: 1920x1080
Name: CCTV-11, URL: http://iptv.huuc.edu.cn/hls/cctv11hd.m3u8, From: subscribe, IPv_Type: ipv6, Location: 中国, ISP: 教育网, Date: None, Delay: 0.1 ms, Speed: inf M/s, Resolution: 1920x1080
Name: CCTV-11, URL: https://smart.pendy.dpdns.org/Smart.php?id=cctv11, From: subscribe, IPv_Type: ipv6, Location: 美国, ISP: CloudFlare Inc., Date: None, Delay: 0.1 ms, Speed: inf M/s, Resolution: 1920x1080
Name: CCTV-11, URL: http://[2409:8087:1a01:df::4077]:80/ottrrs.hl.chinamobile.com/yinhe/88888888/224/3221225597/index.m3u8, From: subscribe, IPv_Type: ipv6, Location: 中国, ISP: 中国移动, Date: None, Delay: -1 ms, Speed: 0.00 M/s, Resolution: None
Name: CCTV-11, URL: http://[2409:8087:1a0a:df::404b]/ottrrs.hl.chinamobile.com/TVOD/88888888/224/3221225597/index.m3u8, From: subscribe, IPv_Type: ipv6, Location: 中国, ISP: 中国移动, Date: None, Delay: 0.1 ms, Speed: inf M/s, Resolution: 1920x1080
Name: CCTV-11, URL: http://[2409:8087:8:21::18]:6610/otttv.bj.chinamobile.com/PLTV/88888888/224/3221226334/1.m3u8, From: subscribe, IPv_Type: ipv6, Location: 中国, ISP: 中国移动, Date: None, Delay: 0.1 ms, Speed: inf M/s, Resolution: 1920x1080
Name: CCTV-11, URL: http://iptv.cdn.ha.chinamobile.com/PLTV/88888888/224/3221227171/index.m3u8, From: subscribe, IPv_Type: ipv6, Location: 中国, ISP: 中国移动, Date: None, Delay: 0.1 ms, Speed: inf M/s, Resolution: 1920x1080
Name: CCTV-11, URL: http://yc.myds.me:35455/gaoma/cctv11.m3u8, From: subscribe, IPv_Type: ipv6, Location: 中国, ISP: 中国电信, Date: None, Delay: 0.1 ms, Speed: inf M/s, Resolution: 1920x1080
Name: CCTV-11, URL: https://stream1.freetv.fun/522d8760b9c0e8172aefbf6b1aac7030daf6f613fabce8b1d00a15416ad0b052.m3u8, From: subscribe, IPv_Type: ipv6, Location: 美国, ISP: CloudFlare Inc., Date: None, Delay: 0.1 ms, Speed: inf M/s, Resolution: 1920x1080
Name: CCTV-11, URL: http://lu.wqwqwq.sbs/itv/1000000005000265011.m3u8?cdn=ystenlive, From: subscribe, IPv_Type: ipv6, Location: 美国, ISP: CloudFlare Inc., Date: None, Delay: 0.1 ms, Speed: inf M/s, Resolution: 1920x1080
Name: CCTV-11, URL: http://www.freetv.top/migu/667987558.m3u8?migutoken=00a21f1483e571da068c555e3eea928f7c6183b26d7acc2afe9bb5e115f0005e02b6118176789d76765ae297bd6dfe4e14966e64415f0781535d91ed266aac177d6ff10fa6358e0eedddc2223b, From: subscribe, IPv_Type: ipv6, Location: 美国-加利福尼亚州-圣克拉拉, ISP: DigitalOcean, Date: None, Delay: 0.1 ms, Speed: inf M/s, Resolution: 1920x1080
Name: CCTV-11, URL: http://[2409:8087:5e01:34::20]:6610/ZTE_CMS/00000001000000060000000000000497/index.m3u8?IAS, From: subscribe, IPv_Type: ipv6, Location: 中国, ISP: 中国移动, Date: None, Delay: 0.1 ms, Speed: inf M/s, Resolution: 1920x1080
Name: CCTV-11, URL: http://dbiptv.sn.chinamobile.com/PLTV/88888890/224/3221226240/index.m3u8, From: subscribe, IPv_Type: ipv6, Location: 中国, ISP: 中国移动, Date: None, Delay: 0.1 ms, Speed: inf M/s, Resolution: 1920x1080
Name: CCTV-11, URL: https://www.freetv.top/migu/667987558.m3u8?migutoken=dfda8acb7dfd1d1149e2e4a381e46a298c47e88f939d7deef7846d6e15f76fc596a0a58e349a64678edbb921fc353b458211c4bbf22e23bb75fd1dc9384d8c251c729958bddd28ec81d8c0922f, From: subscribe, IPv_Type: ipv6, Location: 美国-加利福尼亚州-圣克拉拉, ISP: DigitalOcean, Date: None, Delay: 0.1 ms, Speed: inf M/s, Resolution: 1920x1080
Name: CCTV-11, URL: http://zteres.sn.chinamobile.com:6060/000000001000/5000000011000031106/1.m3u8?channel-id=bestzb&Contentid=5000000011000031106&livemode=1&stbId=3, From: subscribe, IPv_Type: ipv6, Location: 中国, ISP: 中国移动, Date: None, Delay: 0.1 ms, Speed: inf M/s, Resolution: 1920x1080
Name: CCTV-11, URL: http://[2409:8087:4c0a:22:1::11]:6410/170000001115/UmaiCHAN6000053BESTVSMGSMG/index.m3u8?AuthInfo=9kOOdBn7MFF%2F2bWjKgahUTWDyIgRkFJBAHMhA2ayG0Qj2xHA4vdPGsjBbxSL3p%2FmAObVTfznR%2Fpc%2B76QYmLRMuL3Lj9iabhv8arW7kJe6%2F4, From: subscribe, IPv_Type: ipv6, Location: 中国, ISP: 中国移动, Date: None, Delay: 0.1 ms, Speed: inf M/s, Resolution: 1920x1080
Name: CCTV-11, URL: http://[2409:8087:5e01:34::38]:6610/ZTE_CMS/00000001000000060000000000000497/index.m3u8, From: subscribe, IPv_Type: ipv6, Location: 中国, ISP: 中国移动, Date: None, Delay: 0.1 ms, Speed: inf M/s, Resolution: 1920x1080
Name: CCTV-11, URL: http://[2409:8087:5e00:24::1f]:6060/ZTE_CMS/00000001000000060000000000000497/index.m3u8, From: subscribe, IPv_Type: ipv6, Location: 中国, ISP: 中国移动, Date: None, Delay: 0.1 ms, Speed: inf M/s, Resolution: 1920x1080
Name: CCTV-11, URL: http://[2409:8087:5e01:34::22]:6610/ZTE_CMS/00000001000000060000000000000497/index.m3u8?IAS, From: subscribe, IPv_Type: ipv6, Location: 中国, ISP: 中国移动, Date: None, Delay: 0.1 ms, Speed: inf M/s, Resolution: 1920x1080
Name: CCTV-11, URL: http://[2409:8087:5e01:34::21]:6610/ZTE_CMS/00000001000000060000000000000497/index.m3u8?IAS, From: subscribe, IPv_Type: ipv6, Location: 中国, ISP: 中国移动, Date: None, Delay: 0.1 ms, Speed: inf M/s, Resolution: 1920x1080
Name: CCTV-11, URL: http://[2409:8087:5e01:34::23]:6610/ZTE_CMS/00000001000000060000000000000497/index.m3u8?IAS, From: subscribe, IPv_Type: ipv6, Location: 中国, ISP: 中国移动, Date: None, Delay: 0.1 ms, Speed: inf M/s, Resolution: 1920x1080
Name: CCTV-11, URL: http://[2409:8087:74f0:22::4]:6410/270000001128/9900000508/index.m3u8, From: subscribe, IPv_Type: ipv6, Location: 中国, ISP: 中国移动, Date: None, Delay: 0.1 ms, Speed: inf M/s, Resolution: 1920x1080
Name: CCTV-11, URL: http://[2409:8087:1a01:df::7005]/ottrrs.hl.chinamobile.com/PLTV/88888888/224/3221226565/index.m3u8, From: subscribe, IPv_Type: ipv6, Location: 中国, ISP: 中国移动, Date: None, Delay: 0.1 ms, Speed: inf M/s, Resolution: 1920x1080
Name: CCTV-11, URL: http://[2409:8087:3869:8021:1001::e5]:6610/PLTV/88888910/224/3221225628/index.m3u8, From: subscribe, IPv_Type: ipv6, Location: 中国, ISP: 中国移动, Date: None, Delay: -1 ms, Speed: 0.00 M/s, Resolution: None
Name: CCTV-11, URL: http://rrs01.hw.gmcc.net:8088/PLTV/81/224/3221226714/1.m3u8, From: subscribe, IPv_Type: ipv6, Location: 中国, ISP: 中国移动, Date: None, Delay: -1 ms, Speed: 0.00 M/s, Resolution: None
Name: CCTV-11, URL: http://k.061899.xyz/m.php?id=cctv11, From: subscribe, IPv_Type: ipv6, Location: 新加坡, ISP: Aceville Pte.Ltd., Date: None, Delay: -1 ms, Speed: 0.00 M/s, Resolution: None
Name: CCTV-11, URL: http://[2409:8087:1a15:10d1::34]/ottrrs.hl.chinamobile.com/PLTV/88888888/224/3221226565/index.m3u8, From: subscribe, IPv_Type: ipv6, Location: 中国, ISP: 中国移动, Date: None, Delay: -1 ms, Speed: 0.00 M/s, Resolution: None
Name: CCTV-11, URL: http://[2409:8087:1a15:10d1::35]/ottrrs.hl.chinamobile.com/PLTV/88888888/224/3221226565/index.m3u8, From: subscribe, IPv_Type: ipv6, Location: 中国, ISP: 中国移动, Date: None, Delay: -1 ms, Speed: 0.00 M/s, Resolution: None
Name: CCTV-11, URL: http://[2409:8087:5e00:24::1e]:6060/200000001898/460000089800010092/1.m3u8, From: subscribe, IPv_Type: ipv6, Location: 中国, ISP: 中国移动, Date: None, Delay: -1 ms, Speed: 0.00 M/s, Resolution: None
Name: CCTV-11, URL: http://[2409:8087:5e08:25::16]:6610/200000001898/460000089800010092/1.m3u8, From: subscribe, IPv_Type: ipv6, Location: 中国, ISP: 中国移动, Date: None, Delay: -1 ms, Speed: 0.00 M/s, Resolution: None
Name: CCTV-11, URL: https://cc06.tv12.xyz/12.m3u8, From: subscribe, IPv_Type: ipv6, Location: 美国, ISP: CloudFlare Inc., Date: None, Delay: -1 ms, Speed: 0.00 M/s, Resolution: None
Name: CCTV-11, URL: https://migu.188766.xyz/?migutoken=7161126eb697caf582490927b3d3abde&id=CCTV11&pp=1, From: subscribe, IPv_Type: ipv6, Location: 美国, ISP: CloudFlare Inc., Date: None, Delay: -1 ms, Speed: 0.00 M/s, Resolution: None
Name: CCTV-11, URL: http://gslbmgsplive.miguvideo.com/migu/kailu/cctv11hd/51/20200103/index.m3u8?msisdn=20250919080130c1fe0d6b584b40d49983bb267d5ace05&mdspid=&spid=699004&netType=0&sid=5500988610&pid=2028597139&timestamp=20250919080130&Channel_ID=0116_2600000900-99000-201600010010027&ProgramID=667987558&ParentNodeID=-99&assertID=5500988610&client_ip=106.13.250.88&SecurityKey=20250919080130&promotionId=&mvid=5102751362&mcid=500020&playurlVersion=WX-A1-8.9.1-RELEASE&userid=&jmhm=&videocodec=h264&bean=mgspad&tid=android&conFee=0&puData=5d8e7ba8974c1c0f5168f13b53c20302&ddCalcu=250de3810e7270cb3a58b93714fc816c105f, From: subscribe, IPv_Type: ipv6, Location: 中国, ISP: 中国移动, Date: None, Delay: -1 ms, Speed: 0.00 M/s, Resolution: None
Name: CCTV-11, URL: https://jzb.wwkejishe.top/?id=589, From: subscribe, IPv_Type: ipv6, Location: 美国, ISP: CloudFlare Inc., Date: None, Delay: -1 ms, Speed: 0.00 M/s, Resolution: None
Name: CCTV-11, URL: https://iptv.catvod.com/live.php?id=CCTV11%E6%88%8F%E6%9B%B2, From: subscribe, IPv_Type: ipv6, Location: 美国, ISP: CloudFlare Inc., Date: None, Delay: -1 ms, Speed: 0.00 M/s, Resolution: None
Name: CCTV-11, URL: https://shyd.695847.xyz/cms001/ch00000090990000001309/index.m3u8?IASHttpSessionId=RR4967720251014100028031761&ispcode=12, From: subscribe, IPv_Type: ipv6, Location: 美国, ISP: CloudFlare Inc., Date: None, Delay: -1 ms, Speed: 0.00 M/s, Resolution: None
Name: CCTV-11, URL: https://live.chinacert.cftest5.cn/mg/?id=667987558, From: subscribe, IPv_Type: ipv6, Location: 中国, ISP: 中国联通, Date: None, Delay: -1 ms, Speed: 0.00 M/s, Resolution: None
Name: CCTV-11, URL: http://mgsp-hs2.live.miguvideo.com:8088/migu/kailu/cctv11hd265/54/20200407/index.m3u8?msisdn=e55e9ee71b42d2d7008a152c069625e3&mdspid=&spid=699004&netType=0&sid=5500988610&pid=2028597139&timestamp=20260215080204&Channel_ID=0116_2600034600-99000-201600010010028&ProgramID=667987558&ParentNodeID=-99&assertID=5500988610&client_ip=218.28.233.106&SecurityKey=20260215080204&promotionId=&mvid=5102751362&mcid=500020&playurlVersion=WX-A1-9.2.1-RELEASE&userid=&jmhm=&videocodec=h265&appCode=miguvideo_android&bean=mgspad&tid=android&conFee=0&encrypt=b1dad7d89614a943a1e8cbefed7b0a42&sv=10004&ct=android, From: subscribe, IPv_Type: ipv6, Location: 中国, ISP: 中国电信, Date: None, Delay: -1 ms, Speed: 0.00 M/s, Resolution: None
Name: CCTV-11, URL: http://mgsp-ws2.live.miguvideo.com:8088/migu/kailu/cctv11hd265/54/20200407/index.m3u8?msisdn=e55e9ee71b42d2d7008a152c069625e3&mdspid=&spid=699004&netType=0&sid=5500988610&pid=2028597139&timestamp=20260216080221&Channel_ID=0116_2600034600-99000-201600010010028&ProgramID=667987558&ParentNodeID=-99&assertID=5500988610&client_ip=218.28.233.106&SecurityKey=20260216080221&promotionId=&mvid=5102751362&mcid=500020&playurlVersion=WX-A1-9.2.1-RELEASE&userid=&jmhm=&videocodec=h265&appCode=miguvideo_android&bean=mgspad&tid=android&conFee=0&encrypt=21512c1ee254e9f24f87b8ae627cac4c&sv=10004&ct=android, From: subscribe, IPv_Type: ipv6, Location: 加拿大, ISP: , Date: None, Delay: -1 ms, Speed: 0.00 M/s, Resolution: None
Name: CCTV-11, URL: http://mgsp-zy2.live.miguvideo.com:8088/migu/kailu/cctv11hd265/54/20200407/index.m3u8?msisdn=e55e9ee71b42d2d7008a152c069625e3&mdspid=&spid=699004&netType=0&sid=5500988610&pid=2028597139&timestamp=20260217084014&Channel_ID=0116_2600034600-99000-201600010010028&ProgramID=667987558&ParentNodeID=-99&assertID=5500988610&client_ip=218.28.233.106&SecurityKey=20260217084014&promotionId=&mvid=5102751362&mcid=500020&playurlVersion=WX-A1-9.2.1-RELEASE&userid=&jmhm=&videocodec=h265&appCode=miguvideo_android&bean=mgspad&tid=android&conFee=0&encrypt=25bec36dcc421a595ef3d9498a70b531&sv=10004&ct=android, From: subscribe, IPv_Type: ipv6, Location: 中国, ISP: 中国电信, Date: None, Delay: -1 ms, Speed: 0.00 M/s, Resolution: None
Name: CCTV-11, URL: http://mgsp-yx2.live.miguvideo.com:8088/migu/kailu/cctv11hd265/54/20200407/index.m3u8?msisdn=2be6b2ec9fcf10d2c2457e2c710e172c&mdspid=&spid=699004&netType=0&sid=5500988610&pid=2028597139&timestamp=20260301080204&Channel_ID=0116_2600034600-99000-201600010010028&ProgramID=667987558&ParentNodeID=-99&assertID=5500988610&client_ip=218.28.233.106&SecurityKey=20260301080204&promotionId=&mvid=5102751362&mcid=500020&playurlVersion=WX-A1-9.2.1-RELEASE&userid=&jmhm=&videocodec=h265&appCode=miguvideo_android&bean=mgspad&tid=android&conFee=0&encrypt=366bd490e618291e29ee55d3bf1cb0e1&sv=10004&ct=android, From: subscribe, IPv_Type: ipv6, Location: 中国, ISP: 中国电信, Date: None, Delay: -1 ms, Speed: 0.00 M/s, Resolution: None
Name: CCTV-11, URL: https://t.freetv.fun/live/cctv11-3.m3u8, From: subscribe, IPv_Type: ipv6, Location: 美国, ISP: CloudFlare Inc., Date: None, Delay: -1 ms, Speed: 0.00 M/s, Resolution: None
Name: CCTV-11, URL: https://xykt-fix.github.io/play/a02b/index.m3u8, From: subscribe, IPv_Type: ipv6, Location: 美国, ISP: , Date: None, Delay: -1 ms, Speed: 0.00 M/s, Resolution: None
Name: CCTV-11, URL: http://198.204.228.26/live/cctv11hd.m3u8, From: subscribe, IPv_Type: ipv4, Location: 美国, ISP: , Date: None, Delay: 827 ms, Speed: 4.93 M/s, Resolution: 1920x1080
Name: CCTV-11, URL: http://182.114.48.172:9901/tsfile/live/0011_1.m3u8?key=txiptv&playlive=1&authid=0, From: subscribe, IPv_Type: ipv4, Location: 中国-河南-三门峡, ISP: 联通, Date: None, Delay: 2228 ms, Speed: 0.00 M/s, Resolution: None
Name: CCTV-12, URL: http://php.jdshipin.com/TVOD/hljyd.php?id=3221225731, From: subscribe, IPv_Type: ipv6, Location: 美国, ISP: CloudFlare Inc., Date: None, Delay: 0.1 ms, Speed: inf M/s, Resolution: 1920x1080
Name: CCTV-12, URL: http://z.b.bkpcp.top/m.php?id=CCTV-12社会与法社会与法, From: subscribe, IPv_Type: ipv6, Location: 美国, ISP: CloudFlare Inc., Date: None, Delay: 0.1 ms, Speed: inf M/s, Resolution: 1920x1080
Name: CCTV-12, URL: http://iptv.huuc.edu.cn/hls/cctv12hd.m3u8, From: subscribe, IPv_Type: ipv6, Location: 中国, ISP: 教育网, Date: None, Delay: 0.1 ms, Speed: inf M/s, Resolution: 1920x1080
Name: CCTV-12, URL: https://www.freetv.top/migu/673168185.m3u8?migutoken=37acadb43b1d7932b0a1e8a4f2d01a06b42a10c31f3ccb417bae200ac3028f30a8110509f2cd6cd130aee4b21c85693aa49817f3381e4d28e140d8db1a20b6fecea22fec17a70ff1341efe6081, From: subscribe, IPv_Type: ipv6, Location: 美国-加利福尼亚州-圣克拉拉, ISP: DigitalOcean, Date: None, Delay: 0.1 ms, Speed: inf M/s, Resolution: 1920x1080
Name: CCTV-12, URL: https://smart.pendy.dpdns.org/Smart.php?id=cctv12, From: subscribe, IPv_Type: ipv6, Location: 美国, ISP: CloudFlare Inc., Date: None, Delay: 0.1 ms, Speed: inf M/s, Resolution: 1920x1080
Name: CCTV-12, URL: http://[2409:8087:1:20:20::29]/otttv.bj.chinamobile.com/PLTV/88888888/224/3221226228/1.m3u8?GuardEncType=2&accountinfo=%7E%7EV2.0%7E2knJCFLHz_HqfBZXNGeA1A%7E_eNUb, From: subscribe, IPv_Type: ipv6, Location: 中国, ISP: 中国移动, Date: None, Delay: 0.1 ms, Speed: inf M/s, Resolution: 1920x1080
Name: CCTV-12, URL: http://[2409:8087:1a01:df::4077]:80/ottrrs.hl.chinamobile.com/PLTV/88888888/224/3221225731/index.m3u8, From: subscribe, IPv_Type: ipv6, Location: 中国, ISP: 中国移动, Date: None, Delay: -1 ms, Speed: 0.00 M/s, Resolution: None
Name: CCTV-12, URL: http://[2409:8087:8:21::18]:6610/otttv.bj.chinamobile.com/PLTV/88888888/224/3221226228/1.m3u8, From: subscribe, IPv_Type: ipv6, Location: 中国, ISP: 中国移动, Date: None, Delay: 0.1 ms, Speed: inf M/s, Resolution: 1920x1080
Name: CCTV-12, URL: http://[2409:8087:1a0a:df::404b]/ottrrs.hl.chinamobile.com/TVOD/88888888/224/3221225731/index.m3u8, From: subscribe, IPv_Type: ipv6, Location: 中国, ISP: 中国移动, Date: None, Delay: 0.1 ms, Speed: inf M/s, Resolution: 1920x1080
Name: CCTV-12, URL: http://www.freetv.top/migu/673168185.m3u8?migutoken=21a3954b28c73a4240272889ec94c3318c23068f666c79e61379cb154a890e4e7e3c998a578b29a381972f128751898531cb713221ff95385afec91149321ad772e31489fa01e553c8223e976a, From: subscribe, IPv_Type: ipv6, Location: 美国-加利福尼亚州-圣克拉拉, ISP: DigitalOcean, Date: None, Delay: 0.1 ms, Speed: inf M/s, Resolution: 1920x1080
Name: CCTV-12, URL: http://yc.myds.me:35455/gaoma/cctv12.m3u8, From: subscribe, IPv_Type: ipv6, Location: 中国, ISP: 中国电信, Date: None, Delay: 0.1 ms, Speed: inf M/s, Resolution: 1920x1080
Name: CCTV-12, URL: http://nas.suntao.online:35455/itv/1000000005000265012.m3u8?cdn=ystenlive, From: subscribe, IPv_Type: ipv6, Location: 中国, ISP: 中国联通, Date: None, Delay: 0.1 ms, Speed: inf M/s, Resolution: 1920x1080
Name: CCTV-12, URL: http://iptv.cdn.ha.chinamobile.com/PLTV/88888888/224/3221227184/index.m3u8, From: subscribe, IPv_Type: ipv6, Location: 中国, ISP: 中国移动, Date: None, Delay: 0.1 ms, Speed: inf M/s, Resolution: 1920x1080
Name: CCTV-12, URL: https://stream1.freetv.fun/3b7ab12e53d8940f11425a003775b632c1f36e38a900011df46af87afe869e85.m3u8, From: subscribe, IPv_Type: ipv6, Location: 美国, ISP: CloudFlare Inc., Date: None, Delay: 0.1 ms, Speed: inf M/s, Resolution: 1920x1080
Name: CCTV-12, URL: http://hwrr.jx.chinamobile.com:8080/PLTV/88888888/224/3221225495/index.m3u8?fmt=ts2hls, From: subscribe, IPv_Type: ipv6, Location: 中国, ISP: 中国移动, Date: None, Delay: 0.1 ms, Speed: inf M/s, Resolution: 1920x1080
Name: CCTV-12, URL: http://lu.wqwqwq.sbs/itv/1000000005000265012.m3u8?cdn=ystenlive, From: subscribe, IPv_Type: ipv6, Location: 美国, ISP: CloudFlare Inc., Date: None, Delay: 0.1 ms, Speed: inf M/s, Resolution: 1920x1080
Name: CCTV-12, URL: http://[2409:8087:74F1:0021::0008]:80/270000001322/69900158041111100000002147/1.m3u8, From: subscribe, IPv_Type: ipv6, Location: 中国, ISP: 中国移动, Date: None, Delay: 0.1 ms, Speed: inf M/s, Resolution: 1920x1080
Name: CCTV-12, URL: http://[2409:8087:5e00:24::1e]:6060/200000001898/460000089800010205/1.m3u8, From: subscribe, IPv_Type: ipv6, Location: 中国, ISP: 中国移动, Date: None, Delay: 0.1 ms, Speed: inf M/s, Resolution: 1920x1080
Name: CCTV-12, URL: http://[2409:8087:5e01:34::21]:6610/ZTE_CMS/00000001000000060000000000000377/index.m3u8?IAS, From: subscribe, IPv_Type: ipv6, Location: 中国, ISP: 中国移动, Date: None, Delay: 0.1 ms, Speed: inf M/s, Resolution: 1920x1080
Name: CCTV-12, URL: http://[2409:8087:5e01:34::23]:6610/ZTE_CMS/00000001000000060000000000000377/index.m3u8?IAS, From: subscribe, IPv_Type: ipv6, Location: 中国, ISP: 中国移动, Date: None, Delay: 0.1 ms, Speed: inf M/s, Resolution: 1920x1080
Name: CCTV-12, URL: http://[2409:8087:5e01:34::22]:6610/ZTE_CMS/00000001000000060000000000000377/index.m3u8?IAS, From: subscribe, IPv_Type: ipv6, Location: 中国, ISP: 中国移动, Date: None, Delay: 0.1 ms, Speed: inf M/s, Resolution: 1920x1080
Name: CCTV-12, URL: http://[2409:8087:5e01:34::20]:6610/ZTE_CMS/00000001000000060000000000000377/index.m3u8?IAS, From: subscribe, IPv_Type: ipv6, Location: 中国, ISP: 中国移动, Date: None, Delay: 0.1 ms, Speed: inf M/s, Resolution: 1920x1080
Name: CCTV-12, URL: http://dbiptv.sn.chinamobile.com/PLTV/88888890/224/3221226190/index.m3u8, From: subscribe, IPv_Type: ipv6, Location: 中国, ISP: 中国移动, Date: None, Delay: 0.1 ms, Speed: inf M/s, Resolution: 1920x1080
Name: CCTV-12, URL: https://epg.pw/stream/aedb71e61961cd2a5a5b9a8a83b8ae489c9408e6b420593aecb92cc36de628fe.m3u8, From: subscribe, IPv_Type: ipv6, Location: 美国, ISP: CloudFlare Inc., Date: None, Delay: 0.1 ms, Speed: inf M/s, Resolution: 1920x1080
Name: CCTV-12, URL: http://zteres.sn.chinamobile.com:6060/000000001000/5000000011000031107/1.m3u8?channel-id=bestzb&Contentid=5000000011000031107&livemode=1&stbId=3, From: subscribe, IPv_Type: ipv6, Location: 中国, ISP: 中国移动, Date: None, Delay: 0.1 ms, Speed: inf M/s, Resolution: 1920x1080
Name: CCTV-12, URL: http://[2409:8087:4c0a:22:1::11]:6410/170000001115/UmaiCHAN5000040BESTVSMGSMG/index.m3u8?AuthInfo=9kOOdBn7MFF%2F2bWjKgahUd3JM2PCgDefrKOVZLNt0QMAmpLefguRLiOPXiDRWhxHg8yim2giTBA8RILsb%2B8Y5pkFUyZBE%2FkNJAbwncEegkU, From: subscribe, IPv_Type: ipv6, Location: 中国, ISP: 中国移动, Date: None, Delay: 0.1 ms, Speed: inf M/s, Resolution: 1920x1080
Name: CCTV-12, URL: http://[2409:8087:5e01:34::38]:6610/ZTE_CMS/00000001000000060000000000000377/index.m3u8, From: subscribe, IPv_Type: ipv6, Location: 中国, ISP: 中国移动, Date: None, Delay: 0.1 ms, Speed: inf M/s, Resolution: 1920x1080
Name: CCTV-12, URL: http://[2409:8087:5e00:24::1f]:6060/ZTE_CMS/00000001000000060000000000000377/index.m3u8, From: subscribe, IPv_Type: ipv6, Location: 中国, ISP: 中国移动, Date: None, Delay: 0.1 ms, Speed: inf M/s, Resolution: 1920x1080
Name: CCTV-12, URL: http://[2409:8087:74f0:22::4]:6410/270000001128/9900000509/index.m3u8, From: subscribe, IPv_Type: ipv6, Location: 中国, ISP: 中国移动, Date: None, Delay: 0.1 ms, Speed: inf M/s, Resolution: 1920x1080
Name: CCTV-12, URL: http://[2409:8087:1a01:df::7005]/ottrrs.hl.chinamobile.com/PLTV/88888888/224/3221226568/index.m3u8, From: subscribe, IPv_Type: ipv6, Location: 中国, ISP: 中国移动, Date: None, Delay: 0.1 ms, Speed: inf M/s, Resolution: 1920x1080
Name: CCTV-12, URL: http://[2409:8087:3869:8021:1001::e5]:6610/PLTV/88888910/224/3221225637/index.m3u8, From: subscribe, IPv_Type: ipv6, Location: 中国, ISP: 中国移动, Date: None, Delay: -1 ms, Speed: 0.00 M/s, Resolution: None
Name: CCTV-12, URL: http://rrs01.hw.gmcc.net:8088/PLTV/81/224/3221226723/1.m3u8, From: subscribe, IPv_Type: ipv6, Location: 中国, ISP: 中国移动, Date: None, Delay: -1 ms, Speed: 0.00 M/s, Resolution: None
Name: CCTV-12, URL: https://migu.188766.xyz/?migutoken=081e492d91f322784e7a210a96fafc93&id=CCTV12&pp=1, From: subscribe, IPv_Type: ipv6, Location: 美国, ISP: CloudFlare Inc., Date: None, Delay: -1 ms, Speed: 0.00 M/s, Resolution: None
Name: CCTV-12, URL: http://k.061899.xyz/m.php?id=cctv12, From: subscribe, IPv_Type: ipv6, Location: 新加坡, ISP: Aceville Pte.Ltd., Date: None, Delay: -1 ms, Speed: 0.00 M/s, Resolution: None
Name: CCTV-12, URL: http://[2409:8087:1a15:10d1::34]/ottrrs.hl.chinamobile.com/PLTV/88888888/224/3221225731/index.m3u8, From: subscribe, IPv_Type: ipv6, Location: 中国, ISP: 中国移动, Date: None, Delay: -1 ms, Speed: 0.00 M/s, Resolution: None
Name: CCTV-12, URL: http://[2409:8087:1a15:10d1::36]/ottrrs.hl.chinamobile.com/PLTV/88888888/224/3221226568/index.m3u8, From: subscribe, IPv_Type: ipv6, Location: 中国, ISP: 中国移动, Date: None, Delay: -1 ms, Speed: 0.00 M/s, Resolution: None
Name: CCTV-12, URL: http://[2409:8087:5e08:25::16]:6610/200000001898/460000089800010205/1.m3u8, From: subscribe, IPv_Type: ipv6, Location: 中国, ISP: 中国移动, Date: None, Delay: -1 ms, Speed: 0.00 M/s, Resolution: None
Name: CCTV-12, URL: https://mursor.ottiptv.cc/migu/673168185.m3u8?migutoken=a803c5816215db51a2786442dbf12584fbb956e9004f55850e60e7e9f05f9c64432db9341c81e949e5775d901fd08389ca07926381b98c737513a72fe74381dc4c097c90550a157d6834b5be83, From: subscribe, IPv_Type: ipv6, Location: 美国, ISP: Oracle Corporation, Date: None, Delay: -1 ms, Speed: 0.00 M/s, Resolution: None
Name: CCTV-12, URL: https://cc06.tv12.xyz/13.m3u8, From: subscribe, IPv_Type: ipv6, Location: 美国, ISP: CloudFlare Inc., Date: None, Delay: -1 ms, Speed: 0.00 M/s, Resolution: None
Name: CCTV-12, URL: https://mgtv.ottiptv.cc/migu/673168185.m3u8?migutoken=ec6556fba740bc9c1874c491f470ddeaabdbb696e08816ea6ed1f0224008b4f3fcf4abba43dd7afd0d9af9d571fe631c78eccf94b4f964e1511a09bce673adafaadd8c825628be0fbd9a7cd548, From: subscribe, IPv_Type: ipv6, Location: 美国-新泽西州-巴赛克, ISP: DigitalOcean, Date: None, Delay: -1 ms, Speed: 0.00 M/s, Resolution: None
Name: CCTV-12, URL: http://gslbmgsplive.miguvideo.com/migu/kailu/20200324/cctv12hd/51/index.m3u8?msisdn=2025091908013191239f05d1094285bf8d1e13b39f285f&mdspid=&spid=699004&netType=0&sid=5501083627&pid=2028597139&timestamp=20250919080131&Channel_ID=0116_2600000900-99000-201600010010027&ProgramID=673168185&ParentNodeID=-99&assertID=5501083627&client_ip=106.13.250.88&SecurityKey=20250919080131&promotionId=&mvid=5102910389&mcid=500020&playurlVersion=WX-A1-8.9.1-RELEASE&userid=&jmhm=&videocodec=h264&bean=mgspad&tid=android&conFee=0&puData=0b899ed0422794f4cb3c6664234a18e9&ddCalcu=90ebe881193a904e3d2044626267c934bfc4, From: subscribe, IPv_Type: ipv6, Location: 中国, ISP: 中国移动, Date: None, Delay: -1 ms, Speed: 0.00 M/s, Resolution: None
Name: CCTV-12, URL: https://jzb.wwkejishe.top/?id=590, From: subscribe, IPv_Type: ipv6, Location: 美国, ISP: CloudFlare Inc., Date: None, Delay: -1 ms, Speed: 0.00 M/s, Resolution: None
Name: CCTV-12, URL: https://iptv.catvod.com/live.php?id=CCTV12%E7%A4%BE%E4%BC%9A%E4%B8%8E%E6%B3%95, From: subscribe, IPv_Type: ipv6, Location: 美国, ISP: CloudFlare Inc., Date: None, Delay: -1 ms, Speed: 0.00 M/s, Resolution: None
Name: CCTV-12, URL: https://shyd.695847.xyz/cms001/ch00000090990000001239/index.m3u8?IASHttpSessionId=RR4967720251014100028031761&ispcode=12, From: subscribe, IPv_Type: ipv6, Location: 美国, ISP: CloudFlare Inc., Date: None, Delay: -1 ms, Speed: 0.00 M/s, Resolution: None
Name: CCTV-12, URL: https://live.chinacert.cftest5.cn/mg/?id=673168185, From: subscribe, IPv_Type: ipv6, Location: 中国, ISP: 中国联通, Date: None, Delay: -1 ms, Speed: 0.00 M/s, Resolution: None
Name: CCTV-12, URL: http://mgsp-zy2.live.miguvideo.com:8088/migu/kailu/20200324/cctv12hd/51/index.m3u8?msisdn=e55e9ee71b42d2d7008a152c069625e3&mdspid=&spid=699004&netType=0&sid=5501083627&pid=2028597139&timestamp=20260215080204&Channel_ID=0116_2600034600-99000-201600010010028&ProgramID=673168185&ParentNodeID=-99&assertID=5501083627&client_ip=218.28.233.106&SecurityKey=20260215080204&promotionId=&mvid=5102910389&mcid=500020&playurlVersion=WX-A1-9.2.1-RELEASE&userid=&jmhm=&videocodec=h264&appCode=miguvideo_android&bean=mgspad&tid=android&conFee=0&encrypt=bac71bde9812ebf8a0a38f6626d1021b&sv=10004&ct=android, From: subscribe, IPv_Type: ipv6, Location: 中国, ISP: 中国电信, Date: None, Delay: -1 ms, Speed: 0.00 M/s, Resolution: None
Name: CCTV-12, URL: http://mgsp-yx2.live.miguvideo.com:8088/migu/kailu/20200324/cctv12hd/51/index.m3u8?msisdn=2be6b2ec9fcf10d2c2457e2c710e172c&mdspid=&spid=699004&netType=0&sid=5501083627&pid=2028597139&timestamp=20260228080221&Channel_ID=0116_2600034600-99000-201600010010028&ProgramID=673168185&ParentNodeID=-99&assertID=5501083627&client_ip=218.28.233.106&SecurityKey=20260228080221&promotionId=&mvid=5102910389&mcid=500020&playurlVersion=WX-A1-9.2.1-RELEASE&userid=&jmhm=&videocodec=h264&appCode=miguvideo_android&bean=mgspad&tid=android&conFee=0&encrypt=cabf543bf3628e2a542b8f06c1a69f41&sv=10004&ct=android, From: subscribe, IPv_Type: ipv6, Location: 中国, ISP: 中国电信, Date: None, Delay: -1 ms, Speed: 0.00 M/s, Resolution: None
Name: CCTV-12, URL: https://t.freetv.fun/live/cctv12-2.php, From: subscribe, IPv_Type: ipv6, Location: 美国, ISP: CloudFlare Inc., Date: None, Delay: -1 ms, Speed: 0.00 M/s, Resolution: None
Name: CCTV-12, URL: http://192.151.150.154/live/cctv12hd.m3u8, From: subscribe, IPv_Type: ipv4, Location: 美国-密苏里州-杰克逊县, ISP: Datashack公司, Date: None, Delay: 626 ms, Speed: 7.15 M/s, Resolution: 1920x1080
Name: CCTV-12, URL: http://198.204.228.26/live/cctv12hd.m3u8, From: subscribe, IPv_Type: ipv4, Location: 美国, ISP: , Date: None, Delay: 581 ms, Speed: 7.03 M/s, Resolution: 1920x1080
Name: CCTV-13, URL: https://event.pull.hebtv.com/jishi/cp1.m3u8, From: subscribe, IPv_Type: ipv6, Location: 中国, ISP: 中国电信, Date: None, Delay: 0.1 ms, Speed: inf M/s, Resolution: 1920x1080
Name: CCTV-13, URL: http://z.b.bkpcp.top/m.php?id=cctv13, From: subscribe, IPv_Type: ipv6, Location: 美国, ISP: CloudFlare Inc., Date: None, Delay: 0.1 ms, Speed: inf M/s, Resolution: 1920x1080
Name: CCTV-13, URL: http://j.x.bkpcp.top/jx/CCTV13HD, From: subscribe, IPv_Type: ipv6, Location: 美国, ISP: CloudFlare Inc., Date: None, Delay: 0.1 ms, Speed: inf M/s, Resolution: 1920x1080
Name: CCTV-13, URL: http://ali-m-l.cztv.com/channels/lantian/channel21/1080p.m3u8, From: subscribe, IPv_Type: ipv6, Location: 中国-广西-防城港, ISP: 电信, Date: None, Delay: 0.1 ms, Speed: inf M/s, Resolution: 1920x1080
Name: CCTV-13, URL: http://jwplay.hebyun.com.cn/live/cctv13/1500k/tzwj_video.m3u8, From: subscribe, IPv_Type: ipv6, Location: 中国, ISP: 中国联通, Date: None, Delay: 0.1 ms, Speed: inf M/s, Resolution: 1920x1080
Name: CCTV-13, URL: https://ldncctvwbcdcnc.v.wscdns.com/ldncctvwbcd/cdrmldcctv13_1/index.m3u8, From: subscribe, IPv_Type: ipv6, Location: 中国, ISP: 中国电信, Date: None, Delay: 0.1 ms, Speed: inf M/s, Resolution: 1920x1080
Name: CCTV-13, URL: http://iptv.huuc.edu.cn/hls/cctv13hd.m3u8, From: subscribe, IPv_Type: ipv6, Location: 中国, ISP: 教育网, Date: None, Delay: 0.1 ms, Speed: inf M/s, Resolution: 1920x1080
Name: CCTV-13, URL: https://www.freetv.top/migu/608807423.m3u8?migutoken=ac19a58805588401a8e818b6dd00df9b327912af3611ba95f89235e7020821668a2b6dc65ccc3904967da59d0a9742565c56ea582baf8915d068035054818ef0f369dab64705a6a7f7120529ec, From: subscribe, IPv_Type: ipv6, Location: 美国-加利福尼亚州-圣克拉拉, ISP: DigitalOcean, Date: None, Delay: 0.1 ms, Speed: inf M/s, Resolution: 1920x1080
Name: CCTV-13, URL: https://smart.pendy.dpdns.org/Smart.php?id=cctv13, From: subscribe, IPv_Type: ipv6, Location: 美国, ISP: CloudFlare Inc., Date: None, Delay: 0.1 ms, Speed: inf M/s, Resolution: 1920x1080
Name: CCTV-13, URL: http://[2409:8087:1a01:df::4077]/ottrrs.hl.chinamobile.com/PLTV/88888888/224/3221226011/index.m3u8, From: subscribe, IPv_Type: ipv6, Location: 中国, ISP: 中国移动, Date: None, Delay: -1 ms, Speed: 0.00 M/s, Resolution: None
Name: CCTV-13, URL: http://[2409:8087:8:21::18]:6610/otttv.bj.chinamobile.com/PLTV/88888888/224/3221226316/1.m3u8, From: subscribe, IPv_Type: ipv6, Location: 中国, ISP: 中国移动, Date: None, Delay: 0.1 ms, Speed: inf M/s, Resolution: 1920x1080
Name: CCTV-13, URL: http://[2409:8087:1a0a:df::404b]/ottrrs.hl.chinamobile.com/TVOD/88888888/224/3221226011/index.m3u8, From: subscribe, IPv_Type: ipv6, Location: 中国, ISP: 中国移动, Date: None, Delay: 0.1 ms, Speed: inf M/s, Resolution: 1920x1080
Name: CCTV-13, URL: https://epg.pw/stream/5d3d047c64e44d0a24dc33e5700e579457201d2960036b43819bd930a0bb76a7.m3u8, From: subscribe, IPv_Type: ipv6, Location: 美国, ISP: CloudFlare Inc., Date: None, Delay: 0.1 ms, Speed: inf M/s, Resolution: 1920x1080
Name: CCTV-13, URL: http://yc.myds.me:35455/gaoma/cctv13.m3u8, From: subscribe, IPv_Type: ipv6, Location: 中国, ISP: 中国电信, Date: None, Delay: 0.1 ms, Speed: inf M/s, Resolution: 1920x1080
Name: CCTV-13, URL: http://iptv.cdn.ha.chinamobile.com/PLTV/88888888/224/3221227266/index.m3u8, From: subscribe, IPv_Type: ipv6, Location: 中国, ISP: 中国移动, Date: None, Delay: 0.1 ms, Speed: inf M/s, Resolution: 1920x1080
Name: CCTV-13, URL: https://stream1.freetv.fun/3de70449cde3176a3ee598bc26020f02bd97aa698aaf148c0a9acd4a11e56d7e.ctv, From: subscribe, IPv_Type: ipv6, Location: 美国, ISP: CloudFlare Inc., Date: None, Delay: 0.1 ms, Speed: inf M/s, Resolution: 1920x1080
Name: CCTV-13, URL: http://[2409:8087:5e01:34::22]:6610/ZTE_CMS/00000001000000060000000000000516/index.m3u8?IAS, From: subscribe, IPv_Type: ipv6, Location: 中国, ISP: 中国移动, Date: None, Delay: 0.1 ms, Speed: inf M/s, Resolution: 1920x1080
Name: CCTV-13, URL: http://[2409:8087:5e01:34::20]:6610/ZTE_CMS/00000001000000060000000000000516/index.m3u8?IAS, From: subscribe, IPv_Type: ipv6, Location: 中国, ISP: 中国移动, Date: None, Delay: 0.1 ms, Speed: inf M/s, Resolution: 1920x1080
Name: CCTV-13, URL: http://[2409:8087:5e01:34::21]:6610/ZTE_CMS/00000001000000060000000000000516/index.m3u8?IAS, From: subscribe, IPv_Type: ipv6, Location: 中国, ISP: 中国移动, Date: None, Delay: 0.1 ms, Speed: inf M/s, Resolution: 1920x1080
Name: CCTV-13, URL: http://dbiptv.sn.chinamobile.com/PLTV/88888890/224/3221226233/index.m3u8, From: subscribe, IPv_Type: ipv6, Location: 中国, ISP: 中国移动, Date: None, Delay: 0.1 ms, Speed: inf M/s, Resolution: 1920x1080
Name: CCTV-13, URL: http://www.freetv.top/migu/608807423.m3u8?migutoken=d8e7d5104925c13570533f5db2f808b4613be4d2901d3d406a67fca92ee219bc3692dff97d63d38123fde519465b77404b0a2c0c59bec5e83ad2be42019845acc7e59290159021d585352689cc, From: subscribe, IPv_Type: ipv6, Location: 美国-加利福尼亚州-圣克拉拉, ISP: DigitalOcean, Date: None, Delay: 0.1 ms, Speed: inf M/s, Resolution: 1920x1080
Name: CCTV-13, URL: http://zteres.sn.chinamobile.com:6060/000000001000/5000000011000031108/1.m3u8?channel-id=bestzb&Contentid=5000000011000031108&livemode=1&stbId=3, From: subscribe, IPv_Type: ipv6, Location: 中国, ISP: 中国移动, Date: None, Delay: 0.1 ms, Speed: inf M/s, Resolution: 1920x1080
Name: CCTV-13, URL: http://[2409:8087:4c0a:22:1::11]:6410/170000001115/UmaiCHAN6000054BESTVSMGSMG/index.m3u8?AuthInfo=9kOOdBn7MFF%2F2bWjKgahUTWDyIgRkFJBAHMhA2ayG0SuXozn3alq9%2BUx7ZLG1w9awc14iEUxQ5VsTsr5pEBsmF56tXUfsukRUpygmTCKvAI, From: subscribe, IPv_Type: ipv6, Location: 中国, ISP: 中国移动, Date: None, Delay: 0.1 ms, Speed: inf M/s, Resolution: 1920x1080
Name: CCTV-13, URL: http://[2409:8087:5e01:34::38]:6610/ZTE_CMS/00000001000000060000000000000516/index.m3u8, From: subscribe, IPv_Type: ipv6, Location: 中国, ISP: 中国移动, Date: None, Delay: 0.1 ms, Speed: inf M/s, Resolution: 1920x1080
Name: CCTV-13, URL: http://[2409:8087:5e01:34::23]:6610/ZTE_CMS/00000001000000060000000000000516/index.m3u8?IAS, From: subscribe, IPv_Type: ipv6, Location: 中国, ISP: 中国移动, Date: None, Delay: 0.1 ms, Speed: inf M/s, Resolution: 1920x1080
Name: CCTV-13, URL: http://[2409:8087:74f0:22::4]:6410/270000001128/9900000510/index.m3u8, From: subscribe, IPv_Type: ipv6, Location: 中国, ISP: 中国移动, Date: None, Delay: 0.1 ms, Speed: inf M/s, Resolution: 1920x1080
Name: CCTV-13, URL: http://[2409:8087:1a01:df::7005]/ottrrs.hl.chinamobile.com/PLTV/88888888/224/3221226537/index.m3u8, From: subscribe, IPv_Type: ipv6, Location: 中国, ISP: 中国移动, Date: None, Delay: 0.1 ms, Speed: inf M/s, Resolution: 1920x1080
Name: CCTV-13, URL: http://[2409:8087:3869:8021:1001::e5]:6610/PLTV/88888910/224/3221225638/index.m3u8, From: subscribe, IPv_Type: ipv6, Location: 中国, ISP: 中国移动, Date: None, Delay: -1 ms, Speed: 0.00 M/s, Resolution: None
Name: CCTV-13, URL: http://rrs01.hw.gmcc.net:8088/PLTV/81/224/3221226717/1.m3u8, From: subscribe, IPv_Type: ipv6, Location: 中国, ISP: 中国移动, Date: None, Delay: -1 ms, Speed: 0.00 M/s, Resolution: None
Name: CCTV-13, URL: https://hls-gateway.vpstv.net/streams/476899.m3u8, From: subscribe, IPv_Type: ipv6, Location: 美国, ISP: CloudFlare Inc., Date: None, Delay: -1 ms, Speed: 0.00 M/s, Resolution: None
Name: CCTV-13, URL: http://k.061899.xyz/m.php?id=cctv13, From: subscribe, IPv_Type: ipv6, Location: 新加坡, ISP: Aceville Pte.Ltd., Date: None, Delay: -1 ms, Speed: 0.00 M/s, Resolution: None
Name: CCTV-13, URL: http://[2409:8087:1a15:10d1::35]/ottrrs.hl.chinamobile.com/PLTV/88888888/224/3221226537/index.m3u8, From: subscribe, IPv_Type: ipv6, Location: 中国, ISP: 中国移动, Date: None, Delay: -1 ms, Speed: 0.00 M/s, Resolution: None
Name: CCTV-13, URL: http://[2409:8087:1a15:10d1::37]/ottrrs.hl.chinamobile.com/PLTV/88888888/224/3221226537/index.m3u8, From: subscribe, IPv_Type: ipv6, Location: 中国, ISP: 中国移动, Date: None, Delay: -1 ms, Speed: 0.00 M/s, Resolution: None
Name: CCTV-13, URL: http://[2409:8087:5e00:24::1e]:6060/200000001898/460000089800010093/1.m3u8, From: subscribe, IPv_Type: ipv6, Location: 中国, ISP: 中国移动, Date: None, Delay: -1 ms, Speed: 0.00 M/s, Resolution: None
Name: CCTV-13, URL: http://[2409:8087:5e08:25::16]:6610/200000001898/460000089800010093/1.m3u8, From: subscribe, IPv_Type: ipv6, Location: 中国, ISP: 中国移动, Date: None, Delay: -1 ms, Speed: 0.00 M/s, Resolution: None
Name: CCTV-13, URL: https://cc06.tv12.xyz/14.m3u8, From: subscribe, IPv_Type: ipv6, Location: 美国, ISP: CloudFlare Inc., Date: None, Delay: -1 ms, Speed: 0.00 M/s, Resolution: None
Name: CCTV-13, URL: https://migu.188766.xyz/?migutoken=1ee98da4a6c690d99fec9c342fc29fca&id=CCTV13&pp=1, From: subscribe, IPv_Type: ipv6, Location: 美国, ISP: CloudFlare Inc., Date: None, Delay: -1 ms, Speed: 0.00 M/s, Resolution: None
Name: CCTV-13, URL: http://gslbmgsplive.miguvideo.com/envivo_x/2018/SD/cctv13/2000/index.m3u8?msisdn=20250919080131e5c6c61fbe3548c0b9ee7a157b45b6bc&mdspid=&spid=699004&netType=0&sid=2202208864&pid=2028597139&timestamp=20250919080131&Channel_ID=0116_2600000900-99000-201600010010027&ProgramID=608807423&ParentNodeID=-99&assertID=2202208864&client_ip=106.13.250.88&SecurityKey=20250919080131&promotionId=&mvid=2202208864&mcid=500020&playurlVersion=WX-A1-8.9.1-RELEASE&userid=&jmhm=&videocodec=h264&bean=mgspad&tid=android&conFee=0&puData=04a2858caff7fc4fe2d2fecbd52049c7&ddCalcu=70c4e9a14280802558dcbacfeff72fdc24ef, From: subscribe, IPv_Type: ipv6, Location: 中国, ISP: 中国移动, Date: None, Delay: -1 ms, Speed: 0.00 M/s, Resolution: None
Name: CCTV-13, URL: https://jzb.wwkejishe.top/?id=591, From: subscribe, IPv_Type: ipv6, Location: 美国, ISP: CloudFlare Inc., Date: None, Delay: -1 ms, Speed: 0.00 M/s, Resolution: None
Name: CCTV-13, URL: https://iptv.catvod.com/live.php?id=CCTV13%E6%96%B0%E9%97%BB, From: subscribe, IPv_Type: ipv6, Location: 美国, ISP: CloudFlare Inc., Date: None, Delay: -1 ms, Speed: 0.00 M/s, Resolution: None
Name: CCTV-13, URL: https://shyd.695847.xyz/cms001/ch00000090990000001328/index.m3u8?IASHttpSessionId=RR4967720251014100028031761&ispcode=12, From: subscribe, IPv_Type: ipv6, Location: 美国, ISP: CloudFlare Inc., Date: None, Delay: -1 ms, Speed: 0.00 M/s, Resolution: None
Name: CCTV-13, URL: https://live.chinacert.cftest5.cn/mg/?id=608807423, From: subscribe, IPv_Type: ipv6, Location: 中国, ISP: 中国联通, Date: None, Delay: -1 ms, Speed: 0.00 M/s, Resolution: None
Name: CCTV-13, URL: https://cdn3.163189.xyz/163189/cctv13, From: subscribe, IPv_Type: ipv6, Location: 美国, ISP: CloudFlare Inc., Date: None, Delay: -1 ms, Speed: 0.00 M/s, Resolution: None
Name: CCTV-13, URL: http://pull-hs-f5.flive.douyincdn.com/media/stream-695161386435347116/index.m3u8?arch_hrchy=w1&exp_hrchy=w1&expire=1769399632&major_anchor_level=common&sign=9187b14d05855967b7a316320a1085ce&t_id=037-202601191153519CA1DA2812B4E30F9D02-KO6UcR&volcSecret=9187b14d05855967b7a316320a1085ce&volcTime=1769399632, From: subscribe, IPv_Type: ipv6, Location: 美国, ISP: , Date: None, Delay: -1 ms, Speed: 0.00 M/s, Resolution: None
Name: CCTV-13, URL: https://t.freetv.fun/live/cctv13-21.m3u8, From: subscribe, IPv_Type: ipv6, Location: 美国, ISP: CloudFlare Inc., Date: None, Delay: -1 ms, Speed: 0.00 M/s, Resolution: None
Name: CCTV-13, URL: http://pull-hls-f11.douyincdn.com/media/stream-695306571565499052.m3u8?arch_hrchy=w1&exp_hrchy=w1&expire=1771549191&major_anchor_level=common&sign=63aedeb26c2ad0e08c696b215d55f9fa&t_id=037-2026021308595043BF4B99B05679FF056D-K8NBow, From: subscribe, IPv_Type: ipv6, Location: 中国, ISP: 中国联通, Date: None, Delay: -1 ms, Speed: 0.00 M/s, Resolution: None
Name: CCTV-13, URL: http://mgsp-zy2.live.miguvideo.com:8088/envivo_x/2018/SD/cctv13/2000/index.m3u8?msisdn=e55e9ee71b42d2d7008a152c069625e3&mdspid=&spid=699004&netType=0&sid=2202208864&pid=2028597139&timestamp=20260216080221&Channel_ID=0116_2600034600-99000-201600010010028&ProgramID=608807423&ParentNodeID=-99&assertID=2202208864&client_ip=218.28.233.106&SecurityKey=20260216080221&promotionId=&mvid=2202208864&mcid=500020&playurlVersion=WX-A1-9.2.1-RELEASE&userid=&jmhm=&videocodec=h264&appCode=miguvideo_android&bean=mgspad&tid=android&conFee=0&encrypt=f0c913985829707b7db79db3522bffe1&sv=10004&ct=android, From: subscribe, IPv_Type: ipv6, Location: 中国, ISP: 中国电信, Date: None, Delay: -1 ms, Speed: 0.00 M/s, Resolution: None
Name: CCTV-13, URL: http://pull-hls-f26.douyincdn.com/media/stream-695365261486195372.m3u8?arch_hrchy=w1&exp_hrchy=w1&expire=69a51f8d&major_anchor_level=common&sign=00fe806b764fde7b38cb69969b504b17&t_id=037-20260223132636F024807154720635E0DC-xeIubJ, From: subscribe, IPv_Type: ipv6, Location: 墨西哥-墨西哥城, ISP: 靠谱云, Date: None, Delay: -1 ms, Speed: 0.00 M/s, Resolution: None
Name: CCTV-13, URL: http://mgsp-yx2.live.miguvideo.com:8088/envivo_x/2018/SD/cctv13/2000/index.m3u8?msisdn=2be6b2ec9fcf10d2c2457e2c710e172c&mdspid=&spid=699004&netType=0&sid=2202208864&pid=2028597139&timestamp=20260228080221&Channel_ID=0116_2600034600-99000-201600010010028&ProgramID=608807423&ParentNodeID=-99&assertID=2202208864&client_ip=218.28.233.106&SecurityKey=20260228080221&promotionId=&mvid=2202208864&mcid=500020&playurlVersion=WX-A1-9.2.1-RELEASE&userid=&jmhm=&videocodec=h264&appCode=miguvideo_android&bean=mgspad&tid=android&conFee=0&encrypt=c14d8690fe2cc1533dc4102ad60e607b&sv=10004&ct=android, From: subscribe, IPv_Type: ipv6, Location: 中国, ISP: 中国电信, Date: None, Delay: -1 ms, Speed: 0.00 M/s, Resolution: None
Name: CCTV-13, URL: http://pull-f5.douyinliving.com/media/stream-695910577918968658.flv?expire=1780564780&sign=ebb59e73ca90b4a2b1145c2119c27037&volcSecret=ebb59e73ca90b4a2b1145c2119c27037&volcTime=1780564780&arch_hrchy=s2&major_anchor_level=vip&s_anchor=1&unique_id=stream-695910577918968658_850_flv&t_id=037-202605281719407F41169D2C67DC3AB647-6ZbQfN, From: subscribe, IPv_Type: ipv6, Location: 美国, ISP: , Date: None, Delay: -1 ms, Speed: 0.00 M/s, Resolution: None
Name: CCTV-14, URL: https://event.pull.hebtv.com/jishi/cp2.m3u8#rtsp://103.251.96.71/PLTV/88888888/224/3221225783/10000100000000060000000000726027_0.smil?icpid=SSPID&amp;accounttype=1&amp;limitflux=-1&amp;limitdur=-1&amp;accountinfo=:20240213104135, From: subscribe, IPv_Type: ipv6, Location: 中国, ISP: 中国电信, Date: None, Delay: -1 ms, Speed: 0.00 M/s, Resolution: None
Name: CCTV-14, URL: http://php.jdshipin.com/TVOD/hljyd.php?id=3221225732, From: subscribe, IPv_Type: ipv6, Location: 美国, ISP: CloudFlare Inc., Date: None, Delay: 0.1 ms, Speed: inf M/s, Resolution: 1920x1080
Name: CCTV-14, URL: http://iptv.huuc.edu.cn/hls/cctv14hd.m3u8, From: subscribe, IPv_Type: ipv6, Location: 中国, ISP: 教育网, Date: None, Delay: 0.1 ms, Speed: inf M/s, Resolution: 1920x1080
Name: CCTV-14, URL: https://www.freetv.top/migu/624878440.m3u8?migutoken=239edad94ac0bbff14f123c7f8996ed7639110bd6cf64ec8ba8cf85842224956d452ec8b683385cb27f8a7685224a03e3aa4d914b8fe33249da9df699351b105c795452d03f2be0a1f1e39adb0, From: subscribe, IPv_Type: ipv6, Location: 美国-加利福尼亚州-圣克拉拉, ISP: DigitalOcean, Date: None, Delay: 0.1 ms, Speed: inf M/s, Resolution: 1920x1080
Name: CCTV-14, URL: https://smart.pendy.dpdns.org/Smart.php?id=cctv14, From: subscribe, IPv_Type: ipv6, Location: 美国, ISP: CloudFlare Inc., Date: None, Delay: 0.1 ms, Speed: inf M/s, Resolution: 1920x1080
Name: CCTV-14, URL: http://[2409:8087:1a01:df::4077]:80/ottrrs.hl.chinamobile.com/TVOD/88888888/224/3221225732/index.m3u8, From: subscribe, IPv_Type: ipv6, Location: 中国, ISP: 中国移动, Date: None, Delay: -1 ms, Speed: 0.00 M/s, Resolution: None
Name: CCTV-14, URL: http://[2409:8087:8:21::18]:6610/otttv.bj.chinamobile.com/PLTV/88888888/224/3221226229/1.m3u8, From: subscribe, IPv_Type: ipv6, Location: 中国, ISP: 中国移动, Date: None, Delay: 0.1 ms, Speed: inf M/s, Resolution: 1920x1080
Name: CCTV-14, URL: http://[2409:8087:1a0a:df::404b]/ottrrs.hl.chinamobile.com/TVOD/88888888/224/3221225732/index.m3u8, From: subscribe, IPv_Type: ipv6, Location: 中国, ISP: 中国移动, Date: None, Delay: 0.1 ms, Speed: inf M/s, Resolution: 1920x1080
Name: CCTV-14, URL: http://www.freetv.top/migu/624878440.m3u8?migutoken=303d044cf07163e1e2e8e4ecc8b6696ed836301cf573b626d3c00ec50cd362cc5e6a93afc2fd102cb883155554597d14eaa697edc9b0a30e56fc0115f81d8fbb8b87129e5bedad7d2173178f03, From: subscribe, IPv_Type: ipv6, Location: 美国-加利福尼亚州-圣克拉拉, ISP: DigitalOcean, Date: None, Delay: 0.1 ms, Speed: inf M/s, Resolution: 1920x1080
Name: CCTV-14, URL: http://yc.myds.me:35455/gaoma/cctv14.m3u8, From: subscribe, IPv_Type: ipv6, Location: 中国, ISP: 中国电信, Date: None, Delay: 0.1 ms, Speed: inf M/s, Resolution: 1920x1080
Name: CCTV-14, URL: http://nas.suntao.online:35455/itv/1000000005000265013.m3u8?cdn=ystenlive, From: subscribe, IPv_Type: ipv6, Location: 中国, ISP: 中国联通, Date: None, Delay: 0.1 ms, Speed: inf M/s, Resolution: 1920x1080
Name: CCTV-14, URL: http://iptv.cdn.ha.chinamobile.com/PLTV/88888888/224/3221227173/index.m3u8, From: subscribe, IPv_Type: ipv6, Location: 中国, ISP: 中国移动, Date: None, Delay: 0.1 ms, Speed: inf M/s, Resolution: 1920x1080
Name: CCTV-14, URL: http://hwrr.jx.chinamobile.com:8080/PLTV/88888888/224/3221225640/index.m3u8, From: subscribe, IPv_Type: ipv6, Location: 中国, ISP: 中国移动, Date: None, Delay: 0.1 ms, Speed: inf M/s, Resolution: 1920x1080
Name: CCTV-14, URL: http://lu.wqwqwq.sbs/itv/1000000005000265013.m3u8?cdn=ystenlive, From: subscribe, IPv_Type: ipv6, Location: 美国, ISP: CloudFlare Inc., Date: None, Delay: 0.1 ms, Speed: inf M/s, Resolution: 1920x1080
Name: CCTV-14, URL: http://[2409:8087:5e01:34::23]:6610/ZTE_CMS/00000001000000060000000000000378/index.m3u8?IAS, From: subscribe, IPv_Type: ipv6, Location: 中国, ISP: 中国移动, Date: None, Delay: 0.1 ms, Speed: inf M/s, Resolution: 1920x1080
Name: CCTV-14, URL: http://[2409:8087:5e01:34::21]:6610/ZTE_CMS/00000001000000060000000000000378/index.m3u8?IAS, From: subscribe, IPv_Type: ipv6, Location: 中国, ISP: 中国移动, Date: None, Delay: 0.1 ms, Speed: inf M/s, Resolution: 1920x1080
Name: CCTV-14, URL: http://[2409:8087:5e01:34::20]:6610/ZTE_CMS/00000001000000060000000000000378/index.m3u8?IAS, From: subscribe, IPv_Type: ipv6, Location: 中国, ISP: 中国移动, Date: None, Delay: 0.1 ms, Speed: inf M/s, Resolution: 1920x1080
Name: CCTV-14, URL: http://dbiptv.sn.chinamobile.com/PLTV/88888890/224/3221226193/index.m3u8, From: subscribe, IPv_Type: ipv6, Location: 中国, ISP: 中国移动, Date: None, Delay: 0.1 ms, Speed: inf M/s, Resolution: 1920x1080
Name: CCTV-14, URL: https://stream1.freetv.fun/cctv-14-shao-er-2.m3u8, From: subscribe, IPv_Type: ipv6, Location: 美国, ISP: CloudFlare Inc., Date: None, Delay: 0.1 ms, Speed: inf M/s, Resolution: 1920x1080
Name: CCTV-14, URL: http://zteres.sn.chinamobile.com:6060/000000001000/5000000004000006673/1.m3u8?channel-id=bestzb&Contentid=5000000004000006673&livemode=1&stbId=3, From: subscribe, IPv_Type: ipv6, Location: 中国, ISP: 中国移动, Date: None, Delay: 0.1 ms, Speed: inf M/s, Resolution: 1920x1080
Name: CCTV-14, URL: http://[2409:8087:4c0a:22:1::11]:6410/170000001115/UmaiCHAN3949788BESTVSMGSMG/index.m3u8?AuthInfo=9kOOdBn7MFF%2F2bWjKgahUXt3TPFwzzdHCkOT9AjSv5PYKFve4MwNzRa0jPXeHjqnp7khdLaCMP6L4QpTf84Oz6DvCG1%2BJ81QvStkxO%2FoGm8, From: subscribe, IPv_Type: ipv6, Location: 中国, ISP: 中国移动, Date: None, Delay: 0.1 ms, Speed: inf M/s, Resolution: 1920x1080
Name: CCTV-14, URL: http://[2409:8087:5e01:34::38]:6610/ZTE_CMS/00000001000000060000000000000378/index.m3u8, From: subscribe, IPv_Type: ipv6, Location: 中国, ISP: 中国移动, Date: None, Delay: 0.1 ms, Speed: inf M/s, Resolution: 1920x1080
Name: CCTV-14, URL: http://[2409:8087:5e01:34::22]:6610/ZTE_CMS/00000001000000060000000000000378/index.m3u8?IAS, From: subscribe, IPv_Type: ipv6, Location: 中国, ISP: 中国移动, Date: None, Delay: 0.1 ms, Speed: inf M/s, Resolution: 1920x1080
Name: CCTV-14, URL: http://[2409:8087:74f0:22::4]:6410/270000001128/9900000511/index.m3u8, From: subscribe, IPv_Type: ipv6, Location: 中国, ISP: 中国移动, Date: None, Delay: 0.1 ms, Speed: inf M/s, Resolution: 1920x1080
Name: CCTV-14, URL: http://[2409:8087:1a01:df::7005]/ottrrs.hl.chinamobile.com/PLTV/88888888/224/3221226591/index.m3u8, From: subscribe, IPv_Type: ipv6, Location: 中国, ISP: 中国移动, Date: None, Delay: 0.1 ms, Speed: inf M/s, Resolution: 1920x1080
Name: CCTV-14, URL: http://[2409:8087:3869:8021:1001::e5]:6610/PLTV/88888910/224/3221225640/index.m3u8, From: subscribe, IPv_Type: ipv6, Location: 中国, ISP: 中国移动, Date: None, Delay: -1 ms, Speed: 0.00 M/s, Resolution: None
Name: CCTV-14, URL: http://rrs01.hw.gmcc.net:8088/PLTV/81/224/3221226645/1.m3u8, From: subscribe, IPv_Type: ipv6, Location: 中国, ISP: 中国移动, Date: None, Delay: -1 ms, Speed: 0.00 M/s, Resolution: None
Name: CCTV-14, URL: http://[2409:8087:1a01:df::4033]:80/TVOD/88888888/224/3221226127/main.m3u8, From: subscribe, IPv_Type: ipv6, Location: 中国, ISP: 中国移动, Date: None, Delay: -1 ms, Speed: 0.00 M/s, Resolution: None
Name: CCTV-14, URL: https://hls-gateway.vpstv.net/streams/476900.m3u8, From: subscribe, IPv_Type: ipv6, Location: 美国, ISP: CloudFlare Inc., Date: None, Delay: -1 ms, Speed: 0.00 M/s, Resolution: None
Name: CCTV-14, URL: http://k.061899.xyz/m.php?id=cctv14, From: subscribe, IPv_Type: ipv6, Location: 新加坡, ISP: Aceville Pte.Ltd., Date: None, Delay: -1 ms, Speed: 0.00 M/s, Resolution: None
Name: CCTV-14, URL: http://[2409:8087:1a15:10d1::36]/ottrrs.hl.chinamobile.com/PLTV/88888888/224/3221226591/index.m3u8, From: subscribe, IPv_Type: ipv6, Location: 中国, ISP: 中国移动, Date: None, Delay: -1 ms, Speed: 0.00 M/s, Resolution: None
Name: CCTV-14, URL: http://[2409:8087:1a15:10d1::37]/ottrrs.hl.chinamobile.com/PLTV/88888888/224/3221226591/index.m3u8, From: subscribe, IPv_Type: ipv6, Location: 中国, ISP: 中国移动, Date: None, Delay: -1 ms, Speed: 0.00 M/s, Resolution: None
Name: CCTV-14, URL: http://[2409:8087:5e00:24::1e]:6060/200000001898/460000089800010207/1.m3u8, From: subscribe, IPv_Type: ipv6, Location: 中国, ISP: 中国移动, Date: None, Delay: -1 ms, Speed: 0.00 M/s, Resolution: None
Name: CCTV-14, URL: http://[2409:8087:5e08:25::16]:6610/200000001898/460000089800010207/1.m3u8, From: subscribe, IPv_Type: ipv6, Location: 中国, ISP: 中国移动, Date: None, Delay: -1 ms, Speed: 0.00 M/s, Resolution: None
Name: CCTV-14, URL: https://cc06.tv12.xyz/15.m3u8, From: subscribe, IPv_Type: ipv6, Location: 美国, ISP: CloudFlare Inc., Date: None, Delay: -1 ms, Speed: 0.00 M/s, Resolution: None
Name: CCTV-14, URL: https://migu.188766.xyz/?migutoken=dd2200c51353378e90881f228861aba7&id=CCTV14&pp=1, From: subscribe, IPv_Type: ipv6, Location: 美国, ISP: CloudFlare Inc., Date: None, Delay: -1 ms, Speed: 0.00 M/s, Resolution: None
Name: CCTV-14, URL: http://gslbmgsplive.miguvideo.com/wd_r2/2018/ocn/cctv14hd/2000/index.m3u8?msisdn=20250919080131f2f45050458e4184b42ff160a6b6e3f9&mdspid=&spid=699004&netType=0&sid=5500212875&pid=2028597139&timestamp=20250919080131&Channel_ID=0116_2600000900-99000-201600010010027&ProgramID=624878440&ParentNodeID=-99&assertID=5500212875&client_ip=106.13.250.88&SecurityKey=20250919080131&promotionId=&mvid=5100001697&mcid=500020&playurlVersion=WX-A1-8.9.1-RELEASE&userid=&jmhm=&videocodec=h264&bean=mgspad&tid=android&conFee=0&puData=900144cb15a91509c276909c6dd858cb&ddCalcu=b9c0e801514840d4dc6bc1950a99617520c9, From: subscribe, IPv_Type: ipv6, Location: 中国, ISP: 中国移动, Date: None, Delay: -1 ms, Speed: 0.00 M/s, Resolution: None
Name: CCTV-14, URL: https://jzb.wwkejishe.top/?id=592, From: subscribe, IPv_Type: ipv6, Location: 美国, ISP: CloudFlare Inc., Date: None, Delay: -1 ms, Speed: 0.00 M/s, Resolution: None
Name: CCTV-14, URL: https://iptv.catvod.com/live.php?id=CCTV14%E5%B0%91%E5%84%BF, From: subscribe, IPv_Type: ipv6, Location: 美国, ISP: CloudFlare Inc., Date: None, Delay: -1 ms, Speed: 0.00 M/s, Resolution: None
Name: CCTV-14, URL: https://shyd.695847.xyz/cms001/ch00000090990000001240/index.m3u8?IASHttpSessionId=RR4967720251014100028031761&ispcode=12, From: subscribe, IPv_Type: ipv6, Location: 美国, ISP: CloudFlare Inc., Date: None, Delay: -1 ms, Speed: 0.00 M/s, Resolution: None
Name: CCTV-14, URL: https://live.chinacert.cftest5.cn/mg/?id=624878440, From: subscribe, IPv_Type: ipv6, Location: 中国, ISP: 中国联通, Date: None, Delay: -1 ms, Speed: 0.00 M/s, Resolution: None
Name: CCTV-14, URL: https://t.freetv.fun/live/cctv14shao-er-1.php, From: subscribe, IPv_Type: ipv6, Location: 美国, ISP: CloudFlare Inc., Date: None, Delay: -1 ms, Speed: 0.00 M/s, Resolution: None
Name: CCTV-14, URL: http://mgsp-zy2.live.miguvideo.com:8088/migu/kailu/cctv14hd265/54/20200407/index.m3u8?msisdn=2be6b2ec9fcf10d2c2457e2c710e172c&mdspid=&spid=699004&netType=0&sid=5500212875&pid=2028597139&timestamp=20260227080204&Channel_ID=0116_2600034600-99000-201600010010028&ProgramID=624878440&ParentNodeID=-99&assertID=5500212875&client_ip=218.28.233.106&SecurityKey=20260227080204&promotionId=&mvid=5100001697&mcid=500020&playurlVersion=WX-A1-9.2.1-RELEASE&userid=&jmhm=&videocodec=h265&appCode=miguvideo_android&bean=mgspad&tid=android&conFee=0&encrypt=a5dc5395e654f38e282c052aec779736&sv=10004&ct=android, From: subscribe, IPv_Type: ipv6, Location: 中国, ISP: 中国电信, Date: None, Delay: -1 ms, Speed: 0.00 M/s, Resolution: None
Name: CCTV-14, URL: http://mgsp-ws2.live.miguvideo.com:8088/migu/kailu/cctv14hd265/54/20200407/index.m3u8?msisdn=2be6b2ec9fcf10d2c2457e2c710e172c&mdspid=&spid=699004&netType=0&sid=5500212875&pid=2028597139&timestamp=20260301080204&Channel_ID=0116_2600034600-99000-201600010010028&ProgramID=624878440&ParentNodeID=-99&assertID=5500212875&client_ip=218.28.233.106&SecurityKey=20260301080204&promotionId=&mvid=5100001697&mcid=500020&playurlVersion=WX-A1-9.2.1-RELEASE&userid=&jmhm=&videocodec=h265&appCode=miguvideo_android&bean=mgspad&tid=android&conFee=0&encrypt=1e0fc9ef2dfcb768f0758297c1d6f159&sv=10004&ct=android, From: subscribe, IPv_Type: ipv6, Location: 加拿大, ISP: , Date: None, Delay: -1 ms, Speed: 0.00 M/s, Resolution: None
Name: CCTV-14, URL: http://mgsp-yx2.live.miguvideo.com:8088/migu/kailu/cctv14hd265/54/20200407/index.m3u8?msisdn=2be6b2ec9fcf10d2c2457e2c710e172c&mdspid=&spid=699004&netType=0&sid=5500212875&pid=2028597139&timestamp=20260303080204&Channel_ID=0116_2600034600-99000-201600010010028&ProgramID=624878440&ParentNodeID=-99&assertID=5500212875&client_ip=218.28.233.106&SecurityKey=20260303080204&promotionId=&mvid=5100001697&mcid=500020&playurlVersion=WX-A1-9.2.2-RELEASE&userid=&jmhm=&videocodec=h265&appCode=miguvideo_android&bean=mgspad&tid=android&conFee=0&encrypt=4d46151adf1911059577405e78c32dd8&sv=10004&ct=android, From: subscribe, IPv_Type: ipv6, Location: 中国, ISP: 中国电信, Date: None, Delay: -1 ms, Speed: 0.00 M/s, Resolution: None
Name: CCTV-14, URL: https://v.iill.top/api/CCTV14/index.m3u8, From: subscribe, IPv_Type: ipv6, Location: 美国, ISP: CloudFlare Inc., Date: None, Delay: -1 ms, Speed: 0.00 M/s, Resolution: None
Name: CCTV-14, URL: http://198.204.228.26/live/cctv14hd.m3u8, From: subscribe, IPv_Type: ipv4, Location: 美国, ISP: , Date: None, Delay: 556 ms, Speed: 6.84 M/s, Resolution: 1920x1080
Name: CCTV-15, URL: http://hwrr.jx.chinamobile.com:8080/PLTV/88888888/224/3221225641/index.m3u8, From: subscribe, IPv_Type: ipv6, Location: 中国, ISP: 中国移动, Date: None, Delay: 0.1 ms, Speed: inf M/s, Resolution: 1920x1080
Name: CCTV-15, URL: https://www.freetv.top/migu/673168223.m3u8?migutoken=4e8d5766579c6bef231494cabd07e5b49d965804790214280c9791e4c331fd90311cb62ea43d3a1899229bfa57be4afe5a567b32a6b78153fc9a9801e28a39435e078b48c211e71d6083519be4, From: subscribe, IPv_Type: ipv6, Location: 美国-加利福尼亚州-圣克拉拉, ISP: DigitalOcean, Date: None, Delay: 0.1 ms, Speed: inf M/s, Resolution: 1920x1080
Name: CCTV-15, URL: https://smart.pendy.dpdns.org/Smart.php?id=cctv15, From: subscribe, IPv_Type: ipv6, Location: 美国, ISP: CloudFlare Inc., Date: None, Delay: 0.1 ms, Speed: inf M/s, Resolution: 1920x1080
Name: CCTV-15, URL: http://[2409:8087:1a01:df::4033]:80/TVOD/88888888/224/3221226127/main.m3u8, From: subscribe, IPv_Type: ipv6, Location: 中国, ISP: 中国移动, Date: None, Delay: 0.1 ms, Speed: inf M/s, Resolution: 1920x1080
Name: CCTV-15, URL: http://[2409:8087:1a0a:df::404b]/ottrrs.hl.chinamobile.com/TVOD/88888888/224/3221225601/index.m3u8, From: subscribe, IPv_Type: ipv6, Location: 中国, ISP: 中国移动, Date: None, Delay: 0.1 ms, Speed: inf M/s, Resolution: 1920x1080
Name: CCTV-15, URL: http://[2409:8087:1a01:df::4077]/ottrrs.hl.chinamobile.com/PLTV/88888888/224/3221225601/index.m3u8, From: subscribe, IPv_Type: ipv6, Location: 中国, ISP: 中国移动, Date: None, Delay: -1 ms, Speed: 0.00 M/s, Resolution: None
Name: CCTV-15, URL: http://[2409:8087:8:21::18]:6610/otttv.bj.chinamobile.com/PLTV/88888888/224/3221226333/1.m3u8, From: subscribe, IPv_Type: ipv6, Location: 中国, ISP: 中国移动, Date: None, Delay: 0.1 ms, Speed: inf M/s, Resolution: 1920x1080
Name: CCTV-15, URL: http://iptv.cdn.ha.chinamobile.com/PLTV/88888888/224/3221227175/index.m3u8, From: subscribe, IPv_Type: ipv6, Location: 中国, ISP: 中国移动, Date: None, Delay: 0.1 ms, Speed: inf M/s, Resolution: 1920x1080
Name: CCTV-15, URL: http://yc.myds.me:35455/gaoma/cctv15.m3u8, From: subscribe, IPv_Type: ipv6, Location: 中国, ISP: 中国电信, Date: None, Delay: 0.1 ms, Speed: inf M/s, Resolution: 1920x1080
Name: CCTV-15, URL: https://stream1.freetv.fun/d8c678257099a8f24e3bb33a4f9059014ddf1de229ef366a1870f56c11b57c90.m3u8, From: subscribe, IPv_Type: ipv6, Location: 美国, ISP: CloudFlare Inc., Date: None, Delay: 0.1 ms, Speed: inf M/s, Resolution: 1920x1080
Name: CCTV-15, URL: http://lu.wqwqwq.sbs/itv/1000000005000265014.m3u8?cdn=ystenlive, From: subscribe, IPv_Type: ipv6, Location: 美国, ISP: CloudFlare Inc., Date: None, Delay: 0.1 ms, Speed: inf M/s, Resolution: 1920x1080
Name: CCTV-15, URL: http://www.freetv.top/migu/673168223.m3u8?migutoken=81268e3d4f684bb5f7e3f9be9524d419c9c649ab0f8f8d3416c7e7535e0b219459b129f4be677a98cf66de546e2d7a78ebe50703d98eb67703adee341cd46d7d39c14bfc907da3a20534d07396, From: subscribe, IPv_Type: ipv6, Location: 美国-加利福尼亚州-圣克拉拉, ISP: DigitalOcean, Date: None, Delay: 0.1 ms, Speed: inf M/s, Resolution: 1920x1080
Name: CCTV-15, URL: http://[2409:8087:5e00:24::1e]:6060/200000001898/460000089800010094/1.m3u8, From: subscribe, IPv_Type: ipv6, Location: 中国, ISP: 中国移动, Date: None, Delay: 0.1 ms, Speed: inf M/s, Resolution: 1920x1080
Name: CCTV-15, URL: http://[2409:8087:5e01:34::20]:6610/ZTE_CMS/00000001000000060000000000000501/index.m3u8?IAS, From: subscribe, IPv_Type: ipv6, Location: 中国, ISP: 中国移动, Date: None, Delay: 0.1 ms, Speed: inf M/s, Resolution: 1920x1080
Name: CCTV-15, URL: http://dbiptv.sn.chinamobile.com/PLTV/88888890/224/3221225785/index.m3u8, From: subscribe, IPv_Type: ipv6, Location: 中国, ISP: 中国移动, Date: None, Delay: 0.1 ms, Speed: inf M/s, Resolution: 1920x1080
Name: CCTV-15, URL: http://zteres.sn.chinamobile.com:6060/000000001000/5000000011000031109/1.m3u8?channel-id=bestzb&Contentid=5000000011000031109&livemode=1&stbId=3, From: subscribe, IPv_Type: ipv6, Location: 中国, ISP: 中国移动, Date: None, Delay: 0.1 ms, Speed: inf M/s, Resolution: 1920x1080
Name: CCTV-15, URL: http://[2409:8087:4c0a:22:1::11]:6410/170000001115/UmaiCHAN6000055BESTVSMGSMG/index.m3u8?AuthInfo=9kOOdBn7MFF%2F2bWjKgahUTWDyIgRkFJBAHMhA2ayG0Tdo%2FUL80msfbhDYvoWpNl31Dy7jHvMl%2FzVUrNxhL1ek1YEGVDZ7lCg0LtKJY4Ku%2B8, From: subscribe, IPv_Type: ipv6, Location: 中国, ISP: 中国移动, Date: None, Delay: 0.1 ms, Speed: inf M/s, Resolution: 1920x1080
Name: CCTV-15, URL: http://[2409:8087:5e01:34::38]:6610/ZTE_CMS/00000001000000060000000000000501/index.m3u8, From: subscribe, IPv_Type: ipv6, Location: 中国, ISP: 中国移动, Date: None, Delay: 0.1 ms, Speed: inf M/s, Resolution: 1920x1080
Name: CCTV-15, URL: http://[2409:8087:5e01:34::23]:6610/ZTE_CMS/00000001000000060000000000000501/index.m3u8?IAS, From: subscribe, IPv_Type: ipv6, Location: 中国, ISP: 中国移动, Date: None, Delay: 0.1 ms, Speed: inf M/s, Resolution: 1920x1080
Name: CCTV-15, URL: http://[2409:8087:5e01:34::21]:6610/ZTE_CMS/00000001000000060000000000000501/index.m3u8?IAS, From: subscribe, IPv_Type: ipv6, Location: 中国, ISP: 中国移动, Date: None, Delay: 0.1 ms, Speed: inf M/s, Resolution: 1920x1080
Name: CCTV-15, URL: http://[2409:8087:5e01:34::22]:6610/ZTE_CMS/00000001000000060000000000000501/index.m3u8?IAS, From: subscribe, IPv_Type: ipv6, Location: 中国, ISP: 中国移动, Date: None, Delay: 0.1 ms, Speed: inf M/s, Resolution: 1920x1080
Name: CCTV-15, URL: http://[2409:8087:74f0:22::4]:6410/270000001128/9900000512/index.m3u8, From: subscribe, IPv_Type: ipv6, Location: 中国, ISP: 中国移动, Date: None, Delay: 0.1 ms, Speed: inf M/s, Resolution: 1920x1080
Name: CCTV-15, URL: http://[2409:8087:1a01:df::7005]/ottrrs.hl.chinamobile.com/PLTV/88888888/224/3221226476/index.m3u8, From: subscribe, IPv_Type: ipv6, Location: 中国, ISP: 中国移动, Date: None, Delay: 0.1 ms, Speed: inf M/s, Resolution: 1920x1080
Name: CCTV-15, URL: http://[2409:8087:3869:8021:1001::e5]:6610/PLTV/88888910/224/3221225641/index.m3u8, From: subscribe, IPv_Type: ipv6, Location: 中国, ISP: 中国移动, Date: None, Delay: -1 ms, Speed: 0.00 M/s, Resolution: None
Name: CCTV-15, URL: http://rrs01.hw.gmcc.net:8088/PLTV/81/224/3221226648/1.m3u8, From: subscribe, IPv_Type: ipv6, Location: 中国, ISP: 中国移动, Date: None, Delay: -1 ms, Speed: 0.00 M/s, Resolution: None
Name: CCTV-15, URL: https://hls-gateway.vpstv.net/streams/476901.m3u8, From: subscribe, IPv_Type: ipv6, Location: 美国, ISP: CloudFlare Inc., Date: None, Delay: -1 ms, Speed: 0.00 M/s, Resolution: None
Name: CCTV-15, URL: http://k.061899.xyz/m.php?id=cctv15, From: subscribe, IPv_Type: ipv6, Location: 新加坡, ISP: Aceville Pte.Ltd., Date: None, Delay: -1 ms, Speed: 0.00 M/s, Resolution: None
Name: CCTV-15, URL: http://[2409:8087:1a15:10d1::36]/ottrrs.hl.chinamobile.com/PLTV/88888888/224/3221225601/index.m3u8, From: subscribe, IPv_Type: ipv6, Location: 中国, ISP: 中国移动, Date: None, Delay: -1 ms, Speed: 0.00 M/s, Resolution: None
Name: CCTV-15, URL: http://[2409:8087:1a15:10d1::35]/ottrrs.hl.chinamobile.com/PLTV/88888888/224/3221225601/index.m3u8, From: subscribe, IPv_Type: ipv6, Location: 中国, ISP: 中国移动, Date: None, Delay: -1 ms, Speed: 0.00 M/s, Resolution: None
Name: CCTV-15, URL: http://[2409:8087:5e08:25::16]:6610/200000001898/460000089800010094/1.m3u8, From: subscribe, IPv_Type: ipv6, Location: 中国, ISP: 中国移动, Date: None, Delay: -1 ms, Speed: 0.00 M/s, Resolution: None
Name: CCTV-15, URL: http://iptv.huuc.edu.cn/hls/cctv15hd.m3u8, From: subscribe, IPv_Type: ipv6, Location: 中国, ISP: 教育网, Date: None, Delay: -1 ms, Speed: 0.00 M/s, Resolution: None
Name: CCTV-15, URL: https://cc06.tv12.xyz/16.m3u8, From: subscribe, IPv_Type: ipv6, Location: 美国, ISP: CloudFlare Inc., Date: None, Delay: -1 ms, Speed: 0.00 M/s, Resolution: None
Name: CCTV-15, URL: https://migu.188766.xyz/?migutoken=462f398c31753fa3d7231a45c8092db5&id=CCTV15&pp=1, From: subscribe, IPv_Type: ipv6, Location: 美国, ISP: CloudFlare Inc., Date: None, Delay: -1 ms, Speed: 0.00 M/s, Resolution: None
Name: CCTV-15, URL: http://gslbmgsplive.miguvideo.com/migu/kailu/20200324/cctv15hd/51/index.m3u8?msisdn=2025091908013193dcdb7ac04347e8a5ce101dd8f6aa89&mdspid=&spid=699004&netType=0&sid=5501083628&pid=2028597139&timestamp=20250919080131&Channel_ID=0116_2600000900-99000-201600010010027&ProgramID=673168223&ParentNodeID=-99&assertID=5501083628&client_ip=106.13.250.88&SecurityKey=20250919080131&promotionId=&mvid=5102910391&mcid=500020&playurlVersion=WX-A1-8.9.1-RELEASE&userid=&jmhm=&videocodec=h264&bean=mgspad&tid=android&conFee=0&puData=3c5d598fbbfd3b6046119ff26bc4df5b&ddCalcu=b35cef51dd3450c9b86f2bfbff9d131b6640, From: subscribe, IPv_Type: ipv6, Location: 中国, ISP: 中国移动, Date: None, Delay: -1 ms, Speed: 0.00 M/s, Resolution: None
Name: CCTV-15, URL: https://jzb.wwkejishe.top/?id=593, From: subscribe, IPv_Type: ipv6, Location: 美国, ISP: CloudFlare Inc., Date: None, Delay: -1 ms, Speed: 0.00 M/s, Resolution: None
Name: CCTV-15, URL: https://iptv.catvod.com/live.php?id=CCTV15%E9%9F%B3%E4%B9%90, From: subscribe, IPv_Type: ipv6, Location: 美国, ISP: CloudFlare Inc., Date: None, Delay: -1 ms, Speed: 0.00 M/s, Resolution: None
Name: CCTV-15, URL: https://shyd.695847.xyz/cms001/ch00000090990000001338/index.m3u8?IASHttpSessionId=RR4967720251014100028031761&ispcode=12, From: subscribe, IPv_Type: ipv6, Location: 美国, ISP: CloudFlare Inc., Date: None, Delay: -1 ms, Speed: 0.00 M/s, Resolution: None
Name: CCTV-15, URL: https://live.chinacert.cftest5.cn/mg/?id=673168223, From: subscribe, IPv_Type: ipv6, Location: 中国, ISP: 中国联通, Date: None, Delay: -1 ms, Speed: 0.00 M/s, Resolution: None
Name: CCTV-15, URL: http://mgsp-yx2.live.miguvideo.com:8088/migu/kailu/20200324/cctv15hd/51/index.m3u8?msisdn=e55e9ee71b42d2d7008a152c069625e3&mdspid=&spid=699004&netType=0&sid=5501083628&pid=2028597139&timestamp=20260216080222&Channel_ID=0116_2600034600-99000-201600010010028&ProgramID=673168223&ParentNodeID=-99&assertID=5501083628&client_ip=218.28.233.106&SecurityKey=20260216080222&promotionId=&mvid=5102910391&mcid=500020&playurlVersion=WX-A1-9.2.1-RELEASE&userid=&jmhm=&videocodec=h264&appCode=miguvideo_android&bean=mgspad&tid=android&conFee=0&encrypt=3117c2a0f9b45eee51af687ceb7c144d&sv=10004&ct=android, From: subscribe, IPv_Type: ipv6, Location: 中国, ISP: 中国电信, Date: None, Delay: -1 ms, Speed: 0.00 M/s, Resolution: None
Name: CCTV-15, URL: http://mgsp-zy2.live.miguvideo.com:8088/migu/kailu/20200324/cctv15hd/51/index.m3u8?msisdn=2be6b2ec9fcf10d2c2457e2c710e172c&mdspid=&spid=699004&netType=0&sid=5501083628&pid=2028597139&timestamp=20260225080205&Channel_ID=0116_2600034600-99000-201600010010028&ProgramID=673168223&ParentNodeID=-99&assertID=5501083628&client_ip=218.28.233.106&SecurityKey=20260225080205&promotionId=&mvid=5102910391&mcid=500020&playurlVersion=WX-A1-9.2.1-RELEASE&userid=&jmhm=&videocodec=h264&appCode=miguvideo_android&bean=mgspad&tid=android&conFee=0&encrypt=912026a1dcbfd6cb6213b1ab7b476697&sv=10004&ct=android, From: subscribe, IPv_Type: ipv6, Location: 中国, ISP: 中国电信, Date: None, Delay: -1 ms, Speed: 0.00 M/s, Resolution: None
Name: CCTV-15, URL: http://mgsp-hs2.live.miguvideo.com:8088/migu/kailu/20200324/cctv15hd/51/index.m3u8?msisdn=2be6b2ec9fcf10d2c2457e2c710e172c&mdspid=&spid=699004&netType=0&sid=5501083628&pid=2028597139&timestamp=20260302080222&Channel_ID=0116_2600034600-99000-201600010010028&ProgramID=673168223&ParentNodeID=-99&assertID=5501083628&client_ip=218.28.233.106&SecurityKey=20260302080222&promotionId=&mvid=5102910391&mcid=500020&playurlVersion=WX-A1-9.2.1-RELEASE&userid=&jmhm=&videocodec=h264&appCode=miguvideo_android&bean=mgspad&tid=android&conFee=0&encrypt=89b7b0da30cee3c73dd2fc622746c58d&sv=10004&ct=android, From: subscribe, IPv_Type: ipv6, Location: 中国, ISP: 中国联通, Date: None, Delay: -1 ms, Speed: 0.00 M/s, Resolution: None
Name: CCTV-15, URL: https://xykt-fix.github.io/play/a02e/index.m3u8, From: subscribe, IPv_Type: ipv6, Location: 美国, ISP: , Date: None, Delay: -1 ms, Speed: 0.00 M/s, Resolution: None
Name: CCTV-15, URL: http://192.151.150.154/live/cctv15hd.m3u8, From: subscribe, IPv_Type: ipv4, Location: 美国-密苏里州-杰克逊县, ISP: Datashack公司, Date: None, Delay: 508 ms, Speed: 4.85 M/s, Resolution: 1920x1080
Name: CCTV-16, URL: http://php.jdshipin.com/TVOD/hljyd.php?id=3221226100, From: subscribe, IPv_Type: ipv6, Location: 美国, ISP: CloudFlare Inc., Date: None, Delay: 0.1 ms, Speed: inf M/s, Resolution: 1920x1080
Name: CCTV-16, URL: http://livetv.wqwqwq.sbs/gaoma/cctv4k16.m3u8, From: subscribe, IPv_Type: ipv6, Location: 美国, ISP: CloudFlare Inc., Date: None, Delay: 0.1 ms, Speed: inf M/s, Resolution: 1920x1080
Name: CCTV-16, URL: http://[2409:8087:1a01:df::4077]:80/ottrrs.hl.chinamobile.com/yinhe/88888888/224/3221226100/index.m3u8, From: subscribe, IPv_Type: ipv6, Location: 中国, ISP: 中国移动, Date: None, Delay: -1 ms, Speed: 0.00 M/s, Resolution: None
Name: CCTV-16, URL: http://[2409:8087:8:21::18]:6610/otttv.bj.chinamobile.com/PLTV/88888888/224/3221226887/1.m3u8, From: subscribe, IPv_Type: ipv6, Location: 中国, ISP: 中国移动, Date: None, Delay: 0.1 ms, Speed: inf M/s, Resolution: 1920x1080
Name: CCTV-16, URL: http://[2409:8087:1a0a:df::404b]/ottrrs.hl.chinamobile.com/TVOD/88888888/224/3221226100/index.m3u8, From: subscribe, IPv_Type: ipv6, Location: 中国, ISP: 中国移动, Date: None, Delay: 0.1 ms, Speed: inf M/s, Resolution: 1920x1080
Name: CCTV-16, URL: http://[2409:8087:74f0:22::4]:6410/270000001128/9900000016/index.m3u8, From: subscribe, IPv_Type: ipv6, Location: 中国, ISP: 中国移动, Date: None, Delay: 0.1 ms, Speed: inf M/s, Resolution: 1920x1080
Name: CCTV-16, URL: http://yc.myds.me:35455/gaoma/cctv16.m3u8, From: subscribe, IPv_Type: ipv6, Location: 中国, ISP: 中国电信, Date: None, Delay: 0.1 ms, Speed: inf M/s, Resolution: 1920x1080
Name: CCTV-16, URL: http://hwrr.jx.chinamobile.com:8080/PLTV/88888888/224/3221226233/index.m3u8, From: subscribe, IPv_Type: ipv6, Location: 中国, ISP: 中国移动, Date: None, Delay: 0.1 ms, Speed: inf M/s, Resolution: 1920x1080
Name: CCTV-16, URL: https://stream1.freetv.fun/87de3fae6db73a08904421488de7b0ba39e5eccf12a85ec47f8ccfb0985d2fa7.m3u8, From: subscribe, IPv_Type: ipv6, Location: 美国, ISP: CloudFlare Inc., Date: None, Delay: 0.1 ms, Speed: inf M/s, Resolution: 1920x1080
Name: CCTV-16, URL: http://dbiptv.sn.chinamobile.com/PLTV/88888890/224/3221226921/index.m3u8, From: subscribe, IPv_Type: ipv6, Location: 中国, ISP: 中国移动, Date: None, Delay: 0.1 ms, Speed: inf M/s, Resolution: 1920x1080
Name: CCTV-16, URL: https://yunmei.tv/main/cctv-16.m3u8, From: subscribe, IPv_Type: ipv6, Location: 美国, ISP: CloudFlare Inc., Date: None, Delay: 0.1 ms, Speed: inf M/s, Resolution: 1920x1080
Name: CCTV-16, URL: http://lu.wqwqwq.sbs/itv/1000000006000233002.m3u8?cdn=ystenlive, From: subscribe, IPv_Type: ipv6, Location: 美国, ISP: CloudFlare Inc., Date: None, Delay: 0.1 ms, Speed: inf M/s, Resolution: 1920x1080
Name: CCTV-16, URL: https://epg.pw/stream/c1beb2abcba5aef09c2f58efc3ca84b76de2c7b9cf60762b0d79772d9e70d454.m3u8, From: subscribe, IPv_Type: ipv6, Location: 美国, ISP: CloudFlare Inc., Date: None, Delay: 0.1 ms, Speed: inf M/s, Resolution: 1920x1080
Name: CCTV-16, URL: http://zteres.sn.chinamobile.com:6060/000000001000/5000000008000023253/1.m3u8?channel-id=bestzb&Contentid=5000000008000023253&livemode=1&stbId=3, From: subscribe, IPv_Type: ipv6, Location: 中国, ISP: 中国移动, Date: None, Delay: 0.1 ms, Speed: inf M/s, Resolution: 1920x1080
Name: CCTV-16, URL: http://nas.suntao.online:35455/itv/5000000008000023254.m3u8?cdn=bestzb, From: subscribe, IPv_Type: ipv6, Location: 中国, ISP: 中国联通, Date: None, Delay: 0.1 ms, Speed: inf M/s, Resolution: 1920x1080
Name: CCTV-16, URL: http://[2409:8087:1a01:df::7005]/ottrrs.hl.chinamobile.com/PLTV/88888888/224/3221226100/index.m3u8, From: subscribe, IPv_Type: ipv6, Location: 中国, ISP: 中国移动, Date: None, Delay: 0.1 ms, Speed: inf M/s, Resolution: 1920x1080
Name: CCTV-16, URL: http://[2409:8087:3869:8021:1001::e5]:6610/PLTV/88888910/224/3221226230/index.m3u8, From: subscribe, IPv_Type: ipv6, Location: 中国, ISP: 中国移动, Date: None, Delay: -1 ms, Speed: 0.00 M/s, Resolution: None
Name: CCTV-16, URL: http://rrs01.hw.gmcc.net:8088/PLTV/81/224/3221226825/1.m3u8, From: subscribe, IPv_Type: ipv6, Location: 中国, ISP: 中国移动, Date: None, Delay: -1 ms, Speed: 0.00 M/s, Resolution: None
Name: CCTV-16, URL: https://migu.188766.xyz/?migutoken=eda82b340e2efaedc007fddfaf1c7c28&id=CCTV16&pp=1, From: subscribe, IPv_Type: ipv6, Location: 美国, ISP: CloudFlare Inc., Date: None, Delay: -1 ms, Speed: 0.00 M/s, Resolution: None
Name: CCTV-16, URL: https://hls-gateway.vpstv.net/streams/709089.m3u8, From: subscribe, IPv_Type: ipv6, Location: 美国, ISP: CloudFlare Inc., Date: None, Delay: -1 ms, Speed: 0.00 M/s, Resolution: None
Name: CCTV-16, URL: http://k.061899.xyz/m.php?id=cctv16, From: subscribe, IPv_Type: ipv6, Location: 新加坡, ISP: Aceville Pte.Ltd., Date: None, Delay: -1 ms, Speed: 0.00 M/s, Resolution: None
Name: CCTV-16, URL: http://[2409:8087:1a15:10d1::33]/ottrrs.hl.chinamobile.com/PLTV/88888888/224/3221226100/index.m3u8, From: subscribe, IPv_Type: ipv6, Location: 中国, ISP: 中国移动, Date: None, Delay: -1 ms, Speed: 0.00 M/s, Resolution: None
Name: CCTV-16, URL: http://[2409:8087:1a15:10d1::35]/ottrrs.hl.chinamobile.com/PLTV/88888888/224/3221226100/index.m3u8, From: subscribe, IPv_Type: ipv6, Location: 中国, ISP: 中国移动, Date: None, Delay: -1 ms, Speed: 0.00 M/s, Resolution: None
Name: CCTV-16, URL: http://[2409:8087:5e00:24::1e]:6060/200000001898/460000089800010142/1.m3u8, From: subscribe, IPv_Type: ipv6, Location: 中国, ISP: 中国移动, Date: None, Delay: -1 ms, Speed: 0.00 M/s, Resolution: None
Name: CCTV-16, URL: http://[2409:8087:5e08:25::16]:6610/200000001898/460000089800010142/1.m3u8, From: subscribe, IPv_Type: ipv6, Location: 中国, ISP: 中国移动, Date: None, Delay: -1 ms, Speed: 0.00 M/s, Resolution: None
Name: CCTV-16, URL: http://iptv.huuc.edu.cn/hls/cctv16hd.m3u8, From: subscribe, IPv_Type: ipv6, Location: 中国, ISP: 教育网, Date: None, Delay: -1 ms, Speed: 0.00 M/s, Resolution: None
Name: CCTV-16, URL: https://mursor.ottiptv.cc/mst/cctv16.m3u8, From: subscribe, IPv_Type: ipv6, Location: 美国, ISP: Oracle Corporation, Date: None, Delay: -1 ms, Speed: 0.00 M/s, Resolution: None
Name: CCTV-16, URL: https://shyd.695847.xyz/cms001/ch00000090990000001248/index.m3u8?IASHttpSessionId=RR4967720251014100028031761&ispcode=12, From: subscribe, IPv_Type: ipv6, Location: 美国, ISP: CloudFlare Inc., Date: None, Delay: -1 ms, Speed: 0.00 M/s, Resolution: None
Name: CCTV-16, URL: https://iptv.catvod.com/live.php?id=CCTV16, From: subscribe, IPv_Type: ipv6, Location: 美国, ISP: CloudFlare Inc., Date: None, Delay: -1 ms, Speed: 0.00 M/s, Resolution: None
Name: CCTV-16, URL: http://ott.mobaibox.com/PLTV/3/224/3221228168/index.m3u8, From: subscribe, IPv_Type: ipv6, Location: 中国, ISP: 中国移动, Date: None, Delay: -1 ms, Speed: 0.00 M/s, Resolution: None
Name: CCTV-16, URL: http://hwottcdn.ln.chinamobile.com/PLTV/11/224/3221227071/index.m3u8, From: subscribe, IPv_Type: ipv6, Location: 中国, ISP: 中国移动, Date: None, Delay: -1 ms, Speed: 0.00 M/s, Resolution: None
Name: CCTV-16, URL: http://hwltc.tv.cdn.zj.chinamobile.com/PLTV/88888888/224/3221236181/index.m3u8, From: subscribe, IPv_Type: ipv6, Location: 中国, ISP: 中国移动, Date: None, Delay: -1 ms, Speed: 0.00 M/s, Resolution: None
Name: CCTV-16, URL: https://t.freetv.fun/live/cctv16-5.php, From: subscribe, IPv_Type: ipv6, Location: 美国, ISP: CloudFlare Inc., Date: None, Delay: -1 ms, Speed: 0.00 M/s, Resolution: None
Name: CCTV-16, URL: https://live.264788.xyz/channel/cctv16?streamid=cc85018b83212f71155d47ecd19d745e&livekey=01WgOR41rriMmMkzNsd0UoaxJRwetZdxIvtVk, From: subscribe, IPv_Type: ipv4, Location: 美国, ISP: CloudFlare节点, Date: None, Delay: 10111 ms, Speed: 1.90 M/s, Resolution: 1920x1080
Name: CCTV-17, URL: http://php.jdshipin.com/TVOD/hljyd.php?id=3221225765, From: subscribe, IPv_Type: ipv6, Location: 美国, ISP: CloudFlare Inc., Date: None, Delay: 0.1 ms, Speed: inf M/s, Resolution: 1920x1080
Name: CCTV-17, URL: http://[2409:8087:1a01:df::4025]:80/TVOD/88888888/224/3221225708/main.m3u8, From: subscribe, IPv_Type: ipv6, Location: 中国, ISP: 中国移动, Date: None, Delay: 0.1 ms, Speed: inf M/s, Resolution: 1920x1080
Name: CCTV-17, URL: http://[2409:8087:1a01:df::4077]/ottrrs.hl.chinamobile.com/PLTV/88888888/224/3221225765/1.m3u8?icpid=88888888&from=1&hms_devid=1012&vqe=3, From: subscribe, IPv_Type: ipv6, Location: 中国, ISP: 中国移动, Date: None, Delay: -1 ms, Speed: 0.00 M/s, Resolution: None
Name: CCTV-17, URL: http://[2409:8087:8:21::18]:6610/otttv.bj.chinamobile.com/PLTV/88888888/224/3221226318/1.m3u8, From: subscribe, IPv_Type: ipv6, Location: 中国, ISP: 中国移动, Date: None, Delay: 0.1 ms, Speed: inf M/s, Resolution: 1920x1080
Name: CCTV-17, URL: http://[2409:8087:1a0a:df::404b]/ottrrs.hl.chinamobile.com/TVOD/88888888/224/3221225765/index.m3u8, From: subscribe, IPv_Type: ipv6, Location: 中国, ISP: 中国移动, Date: None, Delay: 0.1 ms, Speed: inf M/s, Resolution: 1920x1080
Name: CCTV-17, URL: https://www.freetv.top/migu/673168256.m3u8?migutoken=e7dc493273bb331a8b7e0d3c475924ad4706b90f18fd4775c1c134103274e9ad9d59015289e02877b65420a149fcae4f793ded0177cc600ac79d9a95a234e4a8db198072e6973c4a14c05c9dc6, From: subscribe, IPv_Type: ipv6, Location: 美国-加利福尼亚州-圣克拉拉, ISP: DigitalOcean, Date: None, Delay: 0.1 ms, Speed: inf M/s, Resolution: 1920x1080
Name: CCTV-17, URL: http://yc.myds.me:35455/gaoma/cctv17.m3u8, From: subscribe, IPv_Type: ipv6, Location: 中国, ISP: 中国电信, Date: None, Delay: 0.1 ms, Speed: inf M/s, Resolution: 1920x1080
Name: CCTV-17, URL: http://nas.suntao.online:35455/itv/1000000005000265015.m3u8?cdn=ystenlive, From: subscribe, IPv_Type: ipv6, Location: 中国, ISP: 中国联通, Date: None, Delay: 0.1 ms, Speed: inf M/s, Resolution: 1920x1080
Name: CCTV-17, URL: http://iptv.cdn.ha.chinamobile.com/PLTV/88888888/224/3221227188/index.m3u8, From: subscribe, IPv_Type: ipv6, Location: 中国, ISP: 中国移动, Date: None, Delay: 0.1 ms, Speed: inf M/s, Resolution: 1920x1080
Name: CCTV-17, URL: https://stream1.freetv.fun/b6866815f985fb51d1a8c195ef73afbd858d740c62358e35b9f665896b40dd91.m3u8, From: subscribe, IPv_Type: ipv6, Location: 美国, ISP: CloudFlare Inc., Date: None, Delay: 0.1 ms, Speed: inf M/s, Resolution: 1920x1080
Name: CCTV-17, URL: http://hwrr.jx.chinamobile.com:8080/PLTV/88888888/224/3221225907/index.m3u8, From: subscribe, IPv_Type: ipv6, Location: 中国, ISP: 中国移动, Date: None, Delay: 0.1 ms, Speed: inf M/s, Resolution: 1920x1080
Name: CCTV-17, URL: http://lu.wqwqwq.sbs/itv/1000000005000265015.m3u8?cdn=ystenlive, From: subscribe, IPv_Type: ipv6, Location: 美国, ISP: CloudFlare Inc., Date: None, Delay: 0.1 ms, Speed: inf M/s, Resolution: 1920x1080
Name: CCTV-17, URL: http://[2409:8087:5e00:24::1e]:6060/200000001898/460000089800010210/1.m3u8, From: subscribe, IPv_Type: ipv6, Location: 中国, ISP: 中国移动, Date: None, Delay: 0.1 ms, Speed: inf M/s, Resolution: 1920x1080
Name: CCTV-17, URL: http://[2409:8087:5e01:34::22]:6610/ZTE_CMS/00000001000000060000000000000494/index.m3u8?IAS, From: subscribe, IPv_Type: ipv6, Location: 中国, ISP: 中国移动, Date: None, Delay: 0.1 ms, Speed: inf M/s, Resolution: 1920x1080
Name: CCTV-17, URL: http://[2409:8087:5e01:34::20]:6610/ZTE_CMS/00000001000000060000000000000494/index.m3u8?IAS, From: subscribe, IPv_Type: ipv6, Location: 中国, ISP: 中国移动, Date: None, Delay: 0.1 ms, Speed: inf M/s, Resolution: 1920x1080
Name: CCTV-17, URL: http://dbiptv.sn.chinamobile.com/PLTV/88888890/224/3221226198/index.m3u8, From: subscribe, IPv_Type: ipv6, Location: 中国, ISP: 中国移动, Date: None, Delay: 0.1 ms, Speed: inf M/s, Resolution: 1920x1080
Name: CCTV-17, URL: http://www.freetv.top/migu/673168256.m3u8?migutoken=698e0ff1ba47e7b3e38326199e2ee0a1b7bd0b0dd192935d111a196fb0a283c3070537cce6951301b2cc3e6f7de31ffdb9b7c4095d6c008d8333e21e5070375ca86124640133c9fa4c6ffa847f, From: subscribe, IPv_Type: ipv6, Location: 美国-加利福尼亚州-圣克拉拉, ISP: DigitalOcean, Date: None, Delay: 0.1 ms, Speed: inf M/s, Resolution: 1920x1080
Name: CCTV-17, URL: http://zteres.sn.chinamobile.com:6060/000000001000/2000000003000000038/1.m3u8?channel-id=hnbblive&Contentid=2000000003000000038&livemode=1&stbId=3, From: subscribe, IPv_Type: ipv6, Location: 中国, ISP: 中国移动, Date: None, Delay: 0.1 ms, Speed: inf M/s, Resolution: 1920x1080
Name: CCTV-17, URL: http://[2409:8087:4c0a:22:1::11]:6410/170000001115/UmaiCHAN638728afa13b4/index.m3u8?AuthInfo=9kOOdBn7MFF%2F2bWjKgahUdDh4EPdDnvGlSBkYaxFdaz%2FyAI9to%2FMBBt%2FivcdSfljJ1%2FqqamWUjAiBAxNssfyBlZUDSXAIMtStS86hRHFuJM, From: subscribe, IPv_Type: ipv6, Location: 中国, ISP: 中国移动, Date: None, Delay: 0.1 ms, Speed: inf M/s, Resolution: 1920x1080
Name: CCTV-17, URL: http://[2409:8087:5e01:34::38]:6610/ZTE_CMS/00000001000000060000000000000494/index.m3u8, From: subscribe, IPv_Type: ipv6, Location: 中国, ISP: 中国移动, Date: None, Delay: 0.1 ms, Speed: inf M/s, Resolution: 1920x1080
Name: CCTV-17, URL: http://[2409:8087:5e00:24::1f]:6060/ZTE_CMS/00000001000000060000000000000494/index.m3u8, From: subscribe, IPv_Type: ipv6, Location: 中国, ISP: 中国移动, Date: None, Delay: 0.1 ms, Speed: inf M/s, Resolution: 1920x1080
Name: CCTV-17, URL: http://[2409:8087:5e01:34::21]:6610/ZTE_CMS/00000001000000060000000000000494/index.m3u8?IAS, From: subscribe, IPv_Type: ipv6, Location: 中国, ISP: 中国移动, Date: None, Delay: 0.1 ms, Speed: inf M/s, Resolution: 1920x1080
Name: CCTV-17, URL: http://[2409:8087:5e01:34::23]:6610/ZTE_CMS/00000001000000060000000000000494/index.m3u8?IAS, From: subscribe, IPv_Type: ipv6, Location: 中国, ISP: 中国移动, Date: None, Delay: 0.1 ms, Speed: inf M/s, Resolution: 1920x1080
Name: CCTV-17, URL: http://[2409:8087:74f0:22::4]:6410/270000001128/9900000513/index.m3u8, From: subscribe, IPv_Type: ipv6, Location: 中国, ISP: 中国移动, Date: None, Delay: 0.1 ms, Speed: inf M/s, Resolution: 1920x1080
Name: CCTV-17, URL: http://[2409:8087:1a01:df::7005]/ottrrs.hl.chinamobile.com/PLTV/88888888/224/3221225765/index.m3u8, From: subscribe, IPv_Type: ipv6, Location: 中国, ISP: 中国移动, Date: None, Delay: 0.1 ms, Speed: inf M/s, Resolution: 1920x1080
Name: CCTV-17, URL: http://[2409:8087:3869:8021:1001::e5]:6610/PLTV/88888910/224/3221225909/index.m3u8, From: subscribe, IPv_Type: ipv6, Location: 中国, ISP: 中国移动, Date: None, Delay: -1 ms, Speed: 0.00 M/s, Resolution: None
Name: CCTV-17, URL: http://rrs01.hw.gmcc.net:8088/PLTV/81/224/3221226660/1.m3u8, From: subscribe, IPv_Type: ipv6, Location: 中国, ISP: 中国移动, Date: None, Delay: -1 ms, Speed: 0.00 M/s, Resolution: None
Name: CCTV-17, URL: http://k.061899.xyz/m.php?id=cctv17, From: subscribe, IPv_Type: ipv6, Location: 新加坡, ISP: Aceville Pte.Ltd., Date: None, Delay: -1 ms, Speed: 0.00 M/s, Resolution: None
Name: CCTV-17, URL: http://[2409:8087:1a15:10d1::36]/ottrrs.hl.chinamobile.com/PLTV/88888888/224/3221225765/index.m3u8, From: subscribe, IPv_Type: ipv6, Location: 中国, ISP: 中国移动, Date: None, Delay: -1 ms, Speed: 0.00 M/s, Resolution: None
Name: CCTV-17, URL: http://[2409:8087:1a15:10d1::37]/ottrrs.hl.chinamobile.com/PLTV/88888888/224/3221225765/index.m3u8, From: subscribe, IPv_Type: ipv6, Location: 中国, ISP: 中国移动, Date: None, Delay: -1 ms, Speed: 0.00 M/s, Resolution: None
Name: CCTV-17, URL: http://[2409:8087:5e08:25::16]:6610/200000001898/460000089800010049/1.m3u8, From: subscribe, IPv_Type: ipv6, Location: 中国, ISP: 中国移动, Date: None, Delay: -1 ms, Speed: 0.00 M/s, Resolution: None
Name: CCTV-17, URL: http://iptv.huuc.edu.cn/hls/cctv17hd.m3u8, From: subscribe, IPv_Type: ipv6, Location: 中国, ISP: 教育网, Date: None, Delay: -1 ms, Speed: 0.00 M/s, Resolution: None
Name: CCTV-17, URL: https://mursor.ottiptv.cc/migu/673168256.m3u8?migutoken=e36f3bbfb79f8f97823a18af05f0611e6a96af6cb7133f069de793f17d7bbe83d1cd317367044a0345b4be635d6b63fdc1aaa030cfd1dc148ae377f387ae327f50e484d7b20a6c642faf378904, From: subscribe, IPv_Type: ipv6, Location: 美国, ISP: Oracle Corporation, Date: None, Delay: -1 ms, Speed: 0.00 M/s, Resolution: None
Name: CCTV-17, URL: https://migu.188766.xyz/?migutoken=4c710737207adeea17ac77e603bd2514&id=CCTV17&pp=1, From: subscribe, IPv_Type: ipv6, Location: 美国, ISP: CloudFlare Inc., Date: None, Delay: -1 ms, Speed: 0.00 M/s, Resolution: None
Name: CCTV-17, URL: https://cc06.tv12.xyz/17.m3u8, From: subscribe, IPv_Type: ipv6, Location: 美国, ISP: CloudFlare Inc., Date: None, Delay: -1 ms, Speed: 0.00 M/s, Resolution: None
Name: CCTV-17, URL: https://mgtv.ottiptv.cc/migu/673168256.m3u8?migutoken=549f447a71760fff3b00bc77e20b635782f8f1b649484af222d8b84873e49ef422088e12f72be410b13fcc2bc2b13116a000270e46fef922109f32f7c7e667093cd1f09a3c6d24484f34ab9287, From: subscribe, IPv_Type: ipv6, Location: 美国-新泽西州-巴赛克, ISP: DigitalOcean, Date: None, Delay: -1 ms, Speed: 0.00 M/s, Resolution: None
Name: CCTV-17, URL: http://gslbmgsplive.miguvideo.com/migu/kailu/20200324/cctv17hd/51/index.m3u8?msisdn=202509190801317f2e999c5d84485590fa868100c8a04e&mdspid=&spid=699004&netType=0&sid=5501083631&pid=2028597139&timestamp=20250919080131&Channel_ID=0116_2600000900-99000-201600010010027&ProgramID=673168256&ParentNodeID=-99&assertID=5501083631&client_ip=106.13.250.88&SecurityKey=20250919080131&promotionId=&mvid=5102910396&mcid=500020&playurlVersion=WX-A1-8.9.1-RELEASE&userid=&jmhm=&videocodec=h264&bean=mgspad&tid=android&conFee=0&puData=d795e9c879810e53acb9781d15dc56ef&ddCalcu=fde7e691553ce0d95c18d719887190bec5a3, From: subscribe, IPv_Type: ipv6, Location: 中国, ISP: 中国移动, Date: None, Delay: -1 ms, Speed: 0.00 M/s, Resolution: None
Name: CCTV-17, URL: https://jzb.wwkejishe.top/?id=594, From: subscribe, IPv_Type: ipv6, Location: 美国, ISP: CloudFlare Inc., Date: None, Delay: -1 ms, Speed: 0.00 M/s, Resolution: None
Name: CCTV-17, URL: https://iptv.catvod.com/live.php?id=CCTV17%E5%86%9C%E4%B8%9A%E5%86%9C%E6%9D%91, From: subscribe, IPv_Type: ipv6, Location: 美国, ISP: CloudFlare Inc., Date: None, Delay: -1 ms, Speed: 0.00 M/s, Resolution: None
Name: CCTV-17, URL: https://shyd.695847.xyz/cms001/ch00000090990000001241/index.m3u8?IASHttpSessionId=RR4967720251014100028031761&ispcode=12, From: subscribe, IPv_Type: ipv6, Location: 美国, ISP: CloudFlare Inc., Date: None, Delay: -1 ms, Speed: 0.00 M/s, Resolution: None
Name: CCTV-17, URL: https://live.chinacert.cftest5.cn/mg/?id=673168256, From: subscribe, IPv_Type: ipv6, Location: 中国, ISP: 中国联通, Date: None, Delay: -1 ms, Speed: 0.00 M/s, Resolution: None
Name: CCTV-17, URL: http://pull-hls-f26.douyincdn.com/media/stream-118704554834395820.m3u8?arch_hrchy=w1&exp_hrchy=w1&expire=69780e69&major_anchor_level=common&sign=3110e51e78d0ef28cef8b792af1560fa&t_id=037-20260120090129CB135EAED6411C70974A-WTvAu3, From: subscribe, IPv_Type: ipv6, Location: 墨西哥-墨西哥城, ISP: 靠谱云, Date: None, Delay: -1 ms, Speed: 0.00 M/s, Resolution: None
Name: CCTV-17, URL: http://pull-hs-f5.flive.douyincdn.com/media/stream-695234889566126764/index.m3u8?arch_hrchy=w1&exp_hrchy=w1&expire=1770510943&major_anchor_level=common&sign=dd29a839e4c1695baa854e62d1520175&t_id=037-20260201083542E2A9E7FA3B89F8A17BA8-arf6Qh&volcSecret=dd29a839e4c1695baa854e62d1520175&volcTime=1770510943, From: subscribe, IPv_Type: ipv6, Location: 美国, ISP: , Date: None, Delay: -1 ms, Speed: 0.00 M/s, Resolution: None
Name: CCTV-17, URL: http://pull-hls-f11.douyincdn.com/media/stream-695298859153752748.m3u8?arch_hrchy=w1&exp_hrchy=w1&expire=1771463708&major_anchor_level=common&sign=708998c737cbaa4a6c56a71ad9384156&t_id=037-202602120915076A7E8CC5831E48650F02-GFlq4b, From: subscribe, IPv_Type: ipv6, Location: 中国, ISP: 中国联通, Date: None, Delay: -1 ms, Speed: 0.00 M/s, Resolution: None
Name: CCTV-17, URL: http://mgsp-ws2.live.miguvideo.com:8088/migu/kailu/20200324/cctv17hd/51/index.m3u8?msisdn=e55e9ee71b42d2d7008a152c069625e3&mdspid=&spid=699004&netType=0&sid=5501083631&pid=2028597139&timestamp=20260215080205&Channel_ID=0116_2600034600-99000-201600010010028&ProgramID=673168256&ParentNodeID=-99&assertID=5501083631&client_ip=218.28.233.106&SecurityKey=20260215080205&promotionId=&mvid=5102910396&mcid=500020&playurlVersion=WX-A1-9.2.1-RELEASE&userid=&jmhm=&videocodec=h264&appCode=miguvideo_android&bean=mgspad&tid=android&conFee=0&encrypt=e2b175242321eef543bf92f4894f55f9&sv=10004&ct=android, From: subscribe, IPv_Type: ipv6, Location: 加拿大, ISP: , Date: None, Delay: -1 ms, Speed: 0.00 M/s, Resolution: None
Name: CCTV-17, URL: http://mgsp-hs2.live.miguvideo.com:8088/migu/kailu/20200324/cctv17hd/51/index.m3u8?msisdn=e55e9ee71b42d2d7008a152c069625e3&mdspid=&spid=699004&netType=0&sid=5501083631&pid=2028597139&timestamp=20260216080222&Channel_ID=0116_2600034600-99000-201600010010028&ProgramID=673168256&ParentNodeID=-99&assertID=5501083631&client_ip=218.28.233.106&SecurityKey=20260216080222&promotionId=&mvid=5102910396&mcid=500020&playurlVersion=WX-A1-9.2.1-RELEASE&userid=&jmhm=&videocodec=h264&appCode=miguvideo_android&bean=mgspad&tid=android&conFee=0&encrypt=9e058cb0fc681fc1d9cd82739c8c5b50&sv=10004&ct=android, From: subscribe, IPv_Type: ipv6, Location: 中国, ISP: 中国移动, Date: None, Delay: -1 ms, Speed: 0.00 M/s, Resolution: None
Name: CCTV-17, URL: http://mgsp-yx2.live.miguvideo.com:8088/migu/kailu/20200324/cctv17hd/51/index.m3u8?msisdn=2be6b2ec9fcf10d2c2457e2c710e172c&mdspid=&spid=699004&netType=0&sid=5501083631&pid=2028597139&timestamp=20260225080205&Channel_ID=0116_2600034600-99000-201600010010028&ProgramID=673168256&ParentNodeID=-99&assertID=5501083631&client_ip=218.28.233.106&SecurityKey=20260225080205&promotionId=&mvid=5102910396&mcid=500020&playurlVersion=WX-A1-9.2.1-RELEASE&userid=&jmhm=&videocodec=h264&appCode=miguvideo_android&bean=mgspad&tid=android&conFee=0&encrypt=baae013e3a1b2f74dadbf45723171a1a&sv=10004&ct=android, From: subscribe, IPv_Type: ipv6, Location: 中国, ISP: 中国电信, Date: None, Delay: -1 ms, Speed: 0.00 M/s, Resolution: None
Name: CCTV-17, URL: http://mgsp-zy2.live.miguvideo.com:8088/migu/kailu/20200324/cctv17hd/51/index.m3u8?msisdn=2be6b2ec9fcf10d2c2457e2c710e172c&mdspid=&spid=699004&netType=0&sid=5501083631&pid=2028597139&timestamp=20260228080221&Channel_ID=0116_2600034600-99000-201600010010028&ProgramID=673168256&ParentNodeID=-99&assertID=5501083631&client_ip=218.28.233.106&SecurityKey=20260228080221&promotionId=&mvid=5102910396&mcid=500020&playurlVersion=WX-A1-9.2.1-RELEASE&userid=&jmhm=&videocodec=h264&appCode=miguvideo_android&bean=mgspad&tid=android&conFee=0&encrypt=d124cf0ad92fa67f360f4a2efa222ef8&sv=10004&ct=android, From: subscribe, IPv_Type: ipv6, Location: 中国, ISP: 中国电信, Date: None, Delay: -1 ms, Speed: 0.00 M/s, Resolution: None
Name: CCTV-17, URL: https://t.freetv.fun/live/cctv17-1.php, From: subscribe, IPv_Type: ipv6, Location: 美国, ISP: CloudFlare Inc., Date: None, Delay: -1 ms, Speed: 0.00 M/s, Resolution: None
Name: CCTV-17, URL: https://live.264788.xyz/channel/cctv17?streamid=cf99265df4dc15e2663266667c46ddf7&livekey=01WgOR41rriMmMkzNsd0UoaxJRwetZdxIvtVk, From: subscribe, IPv_Type: ipv4, Location: 美国, ISP: CloudFlare节点, Date: None, Delay: 1254 ms, Speed: 25.20 M/s, Resolution: 1920x1080
Name: CCTV-17, URL: http://198.204.228.26/live/cctv17hd.m3u8, From: subscribe, IPv_Type: ipv4, Location: 美国, ISP: , Date: None, Delay: 489 ms, Speed: 4.33 M/s, Resolution: 1920x1080
Name: CETV-1, URL: http://[2409:8087:1a0b:df::4020]:80/ottrrs.hl.chinamobile.com/PLTV/88888888/224/3221225652/index.m3u8, From: subscribe, IPv_Type: ipv6, Location: 中国, ISP: 中国移动, Date: None, Delay: -1 ms, Speed: 0.00 M/s, Resolution: None
Name: CETV-1, URL: http://[2409:8087:8:21::18]:6610/otttv.bj.chinamobile.com/PLTV/88888888/224/3221226494/1.m3u8, From: subscribe, IPv_Type: ipv6, Location: 中国, ISP: 中国移动, Date: None, Delay: -1 ms, Speed: 0.00 M/s, Resolution: None
Name: CETV-1, URL: http://rrs01.hw.gmcc.net:8088/PLTV/81/224/3221226673/1.m3u8, From: subscribe, IPv_Type: ipv6, Location: 中国, ISP: 中国移动, Date: None, Delay: -1 ms, Speed: 0.00 M/s, Resolution: None
Name: CETV-1, URL: https://migu.188766.xyz/?migutoken=a55dadc35d37e3e168faf8268cc6fa97&id=CETV1&type=yy, From: subscribe, IPv_Type: ipv6, Location: 美国, ISP: CloudFlare Inc., Date: None, Delay: -1 ms, Speed: 0.00 M/s, Resolution: None
Name: CETV-1, URL: http://iptv.cdn.ha.chinamobile.com/PLTV/88888888/224/3221227190/index.m3u8, From: subscribe, IPv_Type: ipv6, Location: 中国, ISP: 中国移动, Date: None, Delay: -1 ms, Speed: 0.00 M/s, Resolution: None
Name: CETV-1, URL: https://cc06.tv12.xyz/23.m3u8, From: subscribe, IPv_Type: ipv6, Location: 美国, ISP: CloudFlare Inc., Date: None, Delay: -1 ms, Speed: 0.00 M/s, Resolution: None
Name: CETV-1, URL: http://[2409:8087:1a0a:df::4031]:80/ottrrs.hl.chinamobile.com/PLTV/88888888/224/3221225652/index.m3u8, From: subscribe, IPv_Type: ipv6, Location: 中国, ISP: 中国移动, Date: None, Delay: -1 ms, Speed: 0.00 M/s, Resolution: None
Name: CETV-1, URL: http://[2409:8087:1a15:10d1::34]/ottrrs.hl.chinamobile.com/PLTV/88888888/224/3221225652/index.m3u8, From: subscribe, IPv_Type: ipv6, Location: 中国, ISP: 中国移动, Date: None, Delay: -1 ms, Speed: 0.00 M/s, Resolution: None
Name: CETV-1, URL: http://[2409:8087:1a15:10d1::35]/ottrrs.hl.chinamobile.com/PLTV/88888888/224/3221225652/index.m3u8, From: subscribe, IPv_Type: ipv6, Location: 中国, ISP: 中国移动, Date: None, Delay: -1 ms, Speed: 0.00 M/s, Resolution: None
Name: CETV-1, URL: https://stream1.freetv.fun/ipv6-cetv1-7.m3u8, From: subscribe, IPv_Type: ipv6, Location: 美国, ISP: CloudFlare Inc., Date: None, Delay: -1 ms, Speed: 0.00 M/s, Resolution: None
Name: CETV-1, URL: http://sxydajtvlive.sx.chinamobile.com/PLTV/-/224/3221225792/1.m3u8, From: subscribe, IPv_Type: ipv6, Location: 中国, ISP: 中国移动, Date: None, Delay: -1 ms, Speed: 0.00 M/s, Resolution: None
Name: CETV-1, URL: https://mursor.ottiptv.cc/migu/923287154.m3u8?migutoken=11c2c1cb516f5ea168bd9386265f79f3b4a6a7bfca98b835705f2063803dc53e24716a4128198934efb53abfb99491fa9535e6d53319a6bc90464c2587b4d97810c0575d64c1c69375d656b93c, From: subscribe, IPv_Type: ipv6, Location: 美国, ISP: Oracle Corporation, Date: None, Delay: -1 ms, Speed: 0.00 M/s, Resolution: None
Name: CETV-1, URL: http://gslbmgsplive.miguvideo.com/migu/kailu/cetv1/51/20240709/index.m3u8?msisdn=712ccd3ea77a9b693f6121ca04c48de6&mdspid=&spid=699004&netType=0&sid=5910022150&pid=2028597139&timestamp=20260615062128&Channel_ID=0116_2600034600-99000-201600010010028&ProgramID=923287154&ParentNodeID=-99&assertID=5910022150&client_ip=39.98.61.247&SecurityKey=20260615062128&promotionId=&mvid=5900006636&mcid=500020&playurlVersion=WX-A1-9.6.0.4-RELEASE&userid=&jmhm=&videocodec=h264&appCode=miguvideo_android&bean=mgspad&tid=android&conFee=0&puData=75506cb35de5a046a54f16c28845709a&ddCalcu=a795v05a70d56a4c8b8325cd6e15fa4054a6&sv=10004&ct=android, From: subscribe, IPv_Type: ipv6, Location: 中国, ISP: 中国移动, Date: None, Delay: -1 ms, Speed: 0.00 M/s, Resolution: None
Name: CETV-1, URL: https://mgtv.ottiptv.cc/migu/923287154.m3u8?migutoken=0b2bc0d17196ba00ba665afb990709120db0efc0f71a6cfe4311606f9e7306b390563266bff53f787eb4d769d0673a1a631b569494571f267bf26c6e0c528ad1e31274c7d3012a26f672cfe534, From: subscribe, IPv_Type: ipv6, Location: 美国-新泽西州-巴赛克, ISP: DigitalOcean, Date: None, Delay: -1 ms, Speed: 0.00 M/s, Resolution: None
Name: CETV-1, URL: http://[2409:8087:1e01:20::3]/PLTV/11/224/3221225775/1.m3u8, From: subscribe, IPv_Type: ipv6, Location: 中国, ISP: 中国移动, Date: None, Delay: -1 ms, Speed: 0.00 M/s, Resolution: None
Name: CETV-1, URL: http://[2409:8087:1a01:df::7005]/ottrrs.hl.chinamobile.com/PLTV/88888888/224/3221225652/index.m3u8, From: subscribe, IPv_Type: ipv6, Location: 中国, ISP: 中国移动, Date: None, Delay: -1 ms, Speed: 0.00 M/s, Resolution: None
Name: CETV-1, URL: http://ottrrs.hl.chinamobile.com/PLTV/88888888/224/3221225652/index.m3u8, From: subscribe, IPv_Type: ipv6, Location: 中国, ISP: 中国移动, Date: None, Delay: -1 ms, Speed: 0.00 M/s, Resolution: None
Name: CETV-1, URL: http://[2409:8087:1:20:20::2a]/otttv.bj.chinamobile.com/PLTV/88888888/224/3221226494/1.m3u8?GuardEncType=2&accountinfo=%7E%7EV2.0%7EB8MrpAzJ_Bw12HHVBcZO6g%7E_eNUbgU9sJGUcVVduOMKhafLvQUgE_zlz_7pvDimJNONWWecbSKZXNjh_5hExtTC%2CEND, From: subscribe, IPv_Type: ipv6, Location: 中国, ISP: 中国移动, Date: None, Delay: -1 ms, Speed: 0.00 M/s, Resolution: None
Name: CETV-1, URL: https://shyd.695847.xyz/cms001/ch00000090990000001100/index.m3u8?IASHttpSessionId=RR4967720251014100028031761&ispcode=12, From: subscribe, IPv_Type: ipv6, Location: 美国, ISP: CloudFlare Inc., Date: None, Delay: -1 ms, Speed: 0.00 M/s, Resolution: None
Name: CETV-1, URL: https://iptv.catvod.com/live.php?id=CETV1, From: subscribe, IPv_Type: ipv6, Location: 美国, ISP: CloudFlare Inc., Date: None, Delay: -1 ms, Speed: 0.00 M/s, Resolution: None
Name: CETV-1, URL: http://iptv.666230.xyz/iptv/sxg.php/CETV-1H264_4000, From: subscribe, IPv_Type: ipv6, Location: 美国, ISP: CloudFlare Inc., Date: None, Delay: -1 ms, Speed: 0.00 M/s, Resolution: None
Name: CETV-1, URL: http://[2409:8087:1e02:20::10]/000000001000PLTV/11/224/3221225775/1.m3u8, From: subscribe, IPv_Type: ipv6, Location: 中国, ISP: 中国移动, Date: None, Delay: -1 ms, Speed: 0.00 M/s, Resolution: None
Name: CETV-1, URL: https://zby.130519.xyz/PLTV/11/224/3221225775/index.m3u8, From: subscribe, IPv_Type: ipv6, Location: 美国, ISP: CloudFlare Inc., Date: None, Delay: -1 ms, Speed: 0.00 M/s, Resolution: None
Name: CETV-1, URL: https://t.freetv.fun/live/cetv1.m3u8, From: subscribe, IPv_Type: ipv6, Location: 美国, ISP: CloudFlare Inc., Date: None, Delay: -1 ms, Speed: 0.00 M/s, Resolution: None
Name: CETV-1, URL: http://mgsp-zy2.live.miguvideo.com:8088/migu/kailu/cetv1/51/20240709/index.m3u8?msisdn=e55e9ee71b42d2d7008a152c069625e3&mdspid=&spid=699004&netType=0&sid=5910022150&pid=2028597139&timestamp=20260215080214&Channel_ID=0116_2600034600-99000-201600010010028&ProgramID=923287154&ParentNodeID=-99&assertID=5910022150&client_ip=218.28.233.106&SecurityKey=20260215080214&promotionId=&mvid=5900006636&mcid=500020&playurlVersion=WX-A1-9.2.1-RELEASE&userid=&jmhm=&videocodec=h264&appCode=miguvideo_android&bean=mgspad&tid=android&conFee=0&encrypt=55f09050375084b404b2725fec41b556&sv=10004&ct=android, From: subscribe, IPv_Type: ipv6, Location: 中国, ISP: 中国电信, Date: None, Delay: -1 ms, Speed: 0.00 M/s, Resolution: None
Name: CETV-1, URL: http://mgsp-ws2.live.miguvideo.com:8088/migu/kailu/cetv1/51/20240709/index.m3u8?msisdn=e55e9ee71b42d2d7008a152c069625e3&mdspid=&spid=699004&netType=0&sid=5910022150&pid=2028597139&timestamp=20260216080232&Channel_ID=0116_2600034600-99000-201600010010028&ProgramID=923287154&ParentNodeID=-99&assertID=5910022150&client_ip=218.28.233.106&SecurityKey=20260216080232&promotionId=&mvid=5900006636&mcid=500020&playurlVersion=WX-A1-9.2.1-RELEASE&userid=&jmhm=&videocodec=h264&appCode=miguvideo_android&bean=mgspad&tid=android&conFee=0&encrypt=9999cb4cc2da6733debe2b984f19ad2b&sv=10004&ct=android, From: subscribe, IPv_Type: ipv6, Location: 加拿大, ISP: , Date: None, Delay: -1 ms, Speed: 0.00 M/s, Resolution: None
Name: CETV-1, URL: http://mgsp-hs2.live.miguvideo.com:8088/migu/kailu/cetv1/51/20240709/index.m3u8?msisdn=e55e9ee71b42d2d7008a152c069625e3&mdspid=&spid=699004&netType=0&sid=5910022150&pid=2028597139&timestamp=20260217084025&Channel_ID=0116_2600034600-99000-201600010010028&ProgramID=923287154&ParentNodeID=-99&assertID=5910022150&client_ip=218.28.233.106&SecurityKey=20260217084025&promotionId=&mvid=5900006636&mcid=500020&playurlVersion=WX-A1-9.2.1-RELEASE&userid=&jmhm=&videocodec=h264&appCode=miguvideo_android&bean=mgspad&tid=android&conFee=0&encrypt=425ed8e9c6f888c5114b45eaca98d05d&sv=10004&ct=android, From: subscribe, IPv_Type: ipv6, Location: 中国, ISP: 中国移动, Date: None, Delay: -1 ms, Speed: 0.00 M/s, Resolution: None
Name: CETV-1, URL: http://mgsp-yx2.live.miguvideo.com:8088/migu/kailu/cetv1/51/20240709/index.m3u8?msisdn=2be6b2ec9fcf10d2c2457e2c710e172c&mdspid=&spid=699004&netType=0&sid=5910022150&pid=2028597139&timestamp=20260227080214&Channel_ID=0116_2600034600-99000-201600010010028&ProgramID=923287154&ParentNodeID=-99&assertID=5910022150&client_ip=218.28.233.106&SecurityKey=20260227080214&promotionId=&mvid=5900006636&mcid=500020&playurlVersion=WX-A1-9.2.1-RELEASE&userid=&jmhm=&videocodec=h264&appCode=miguvideo_android&bean=mgspad&tid=android&conFee=0&encrypt=b71bd81d4e763e250c8fd72479c63042&sv=10004&ct=android, From: subscribe, IPv_Type: ipv6, Location: 中国, ISP: 中国电信, Date: None, Delay: -1 ms, Speed: 0.00 M/s, Resolution: None
Name: CETV-1, URL: https://tv.gxtv.cn/channel/channelivePlay_ffa6b6e1b32b4a16a73eb3ef66f8bfc7.html, From: subscribe, IPv_Type: ipv6, Location: 加拿大, ISP: , Date: None, Delay: -1 ms, Speed: 0.00 M/s, Resolution: None
Name: CETV-1, URL: http://hlszymgsplive.miguvideo.com:8080/migu/kailu/cetv1/51/20240709/index.m3u8?msisdn=2be6b2ec9fcf10d2c2457e2c710e172c&mdspid=&spid=699004&netType=0&sid=5910022150&pid=2028597139&timestamp=20260614080225&Channel_ID=0116_2600034600-99000-201600010010028&ProgramID=923287154&ParentNodeID=-99&assertID=5910022150&client_ip=171.8.79.254&SecurityKey=20260614080225&promotionId=&mvid=5900006636&mcid=500020&playurlVersion=WX-A1-9.6.0.4-RELEASE&userid=&jmhm=&videocodec=h264&appCode=miguvideo_android&bean=mgspad&tid=android&conFee=0&encrypt=e3ac5b541a17e71ee29389261b54044f&sv=10004&ct=android, From: subscribe, IPv_Type: ipv6, Location: 中国, ISP: 中国移动, Date: None, Delay: -1 ms, Speed: 0.00 M/s, Resolution: None
Name: CETV-1, URL: http://198.204.228.26/live/cetv1hd.m3u8, From: subscribe, IPv_Type: ipv4, Location: 美国, ISP: , Date: None, Delay: 605 ms, Speed: 8.78 M/s, Resolution: 1920x1080
Name: CETV-1, URL: http://63.141.230.178:82/gslb/zbdq5.m3u8?id=cetv1hd, From: subscribe, IPv_Type: ipv4, Location: 美国, ISP: , Date: None, Delay: 609 ms, Speed: 8.53 M/s, Resolution: 1920x1080
Name: CETV-2, URL: http://[2409:8087:1a0b:df::4013]:80/ottrrs.hl.chinamobile.com/PLTV/88888888/224/3221226425/index.m3u8, From: subscribe, IPv_Type: ipv6, Location: 中国, ISP: 中国移动, Date: None, Delay: -1 ms, Speed: 0.00 M/s, Resolution: None
Name: CETV-2, URL: http://[2409:8087:8:21::18]:6610/otttv.bj.chinamobile.com/PLTV/88888888/224/3221226537/1.m3u8?GuardEncType=2&accountinfo=%7E%7EV2.0%7E7AxXs4eTU2oiWrhopr9sHw%7E_eNUbgU9sJGUcVVduOMKhafLvQUgE_zlz_7pvDimJNNxsM0Bor098BJglrhfEQTl%2CEND, From: subscribe, IPv_Type: ipv6, Location: 中国, ISP: 中国移动, Date: None, Delay: -1 ms, Speed: 0.00 M/s, Resolution: None
Name: CETV-2, URL: http://rrs01.hw.gmcc.net:8088/PLTV/81/224/3221226718/1.m3u8, From: subscribe, IPv_Type: ipv6, Location: 中国, ISP: 中国移动, Date: None, Delay: -1 ms, Speed: 0.00 M/s, Resolution: None
Name: CETV-2, URL: https://mursor.ottiptv.cc/migu/923287211.m3u8?migutoken=58dbb8ad5ad539c0da365c819615222219346bbe2fa8d6e4231da9ad89c4faf34adbae451bebfa99d9b8c9eda32e04a0066231dfd40496610efa4bee9ad5f110baee36b6f4098850d6b507505f, From: subscribe, IPv_Type: ipv6, Location: 美国-加利福尼亚州-圣克拉拉, ISP: DigitalOcean, Date: None, Delay: -1 ms, Speed: 0.00 M/s, Resolution: None
Name: CETV-2, URL: https://migu.188766.xyz/?migutoken=98daa3ba4c81372351b73d9075023b9b&id=CETV2&type=yy, From: subscribe, IPv_Type: ipv6, Location: 美国, ISP: CloudFlare Inc., Date: None, Delay: -1 ms, Speed: 0.00 M/s, Resolution: None
Name: CETV-2, URL: http://iptv.cdn.ha.chinamobile.com/PLTV/88888888/224/3221227329/index.m3u8, From: subscribe, IPv_Type: ipv6, Location: 中国, ISP: 中国移动, Date: None, Delay: -1 ms, Speed: 0.00 M/s, Resolution: None
Name: CETV-2, URL: https://cc06.tv12.xyz/24.m3u8, From: subscribe, IPv_Type: ipv6, Location: 美国, ISP: CloudFlare Inc., Date: None, Delay: -1 ms, Speed: 0.00 M/s, Resolution: None
Name: CETV-2, URL: http://ottrrs.hl.chinamobile.com/PLTV/88888888/224/3221226425/index.m3u8, From: subscribe, IPv_Type: ipv6, Location: 中国, ISP: 中国移动, Date: None, Delay: -1 ms, Speed: 0.00 M/s, Resolution: None
Name: CETV-2, URL: http://[2409:8087:1a0a:df::4031]:80/ottrrs.hl.chinamobile.com/PLTV/88888888/224/3221226425/index.m3u8, From: subscribe, IPv_Type: ipv6, Location: 中国, ISP: 中国移动, Date: None, Delay: -1 ms, Speed: 0.00 M/s, Resolution: None
Name: CETV-2, URL: http://gslbmgsplive.miguvideo.com/migu/kailu/cetv2/51/20240709/index.m3u8?msisdn=1b774d5142a1ae013362c21bdb298427&mdspid=&spid=699004&netType=0&sid=5910022152&pid=2028597139&timestamp=20260615062128&Channel_ID=0116_2600034600-99000-201600010010028&ProgramID=923287211&ParentNodeID=-99&assertID=5910022152&client_ip=39.98.61.247&SecurityKey=20260615062128&promotionId=&mvid=5900006638&mcid=500020&playurlVersion=WX-A1-9.6.0.4-RELEASE&userid=&jmhm=&videocodec=h264&appCode=miguvideo_android&bean=mgspad&tid=android&conFee=0&puData=07dec99230098685643fca29f82b1fc8&ddCalcu=80c7vfda1eabca2989f29320a0c9f8364865&sv=10004&ct=android, From: subscribe, IPv_Type: ipv6, Location: 中国, ISP: 中国移动, Date: None, Delay: -1 ms, Speed: 0.00 M/s, Resolution: None
Name: CETV-2, URL: https://mgtv.ottiptv.cc/migu/923287211.m3u8?migutoken=0b404a5a511c0773131c057f614189007a386ab73cb0268ea86e7344f1ac29b600657e69950d86e67e4a71c2646a8c056713285a9d02b72f16adb10a5fa3163cc355b4e789d8c6611713b2f400, From: subscribe, IPv_Type: ipv6, Location: 美国-新泽西州-巴赛克, ISP: DigitalOcean, Date: None, Delay: -1 ms, Speed: 0.00 M/s, Resolution: None
Name: CETV-2, URL: http://[2409:8087:1a01:df::7005]/ottrrs.hl.chinamobile.com/PLTV/88888888/224/3221226425/index.m3u8, From: subscribe, IPv_Type: ipv6, Location: 中国, ISP: 中国移动, Date: None, Delay: -1 ms, Speed: 0.00 M/s, Resolution: None
Name: CETV-2, URL: http://[2409:8087:1:20:20::2c]/otttv.bj.chinamobile.com/PLTV/88888888/224/3221226537/1.m3u8?GuardEncType=2&accountinfo=%7E%7EV2.0%7E7AxXs4eTU2oiWrhopr9sHw%7E_eNUbgU9sJGUcVVduOMKhafLvQUgE_zlz_7pvDimJNNxsM0Bor098BJglrhfEQTl%2CEND, From: subscribe, IPv_Type: ipv6, Location: 中国, ISP: 中国移动, Date: None, Delay: -1 ms, Speed: 0.00 M/s, Resolution: None
Name: CETV-2, URL: https://shyd.695847.xyz/cms001/ch00000090990000001226/index.m3u8?IASHttpSessionId=RR4967720251014100028031761&ispcode=12, From: subscribe, IPv_Type: ipv6, Location: 美国, ISP: CloudFlare Inc., Date: None, Delay: -1 ms, Speed: 0.00 M/s, Resolution: None
Name: CETV-2, URL: https://iptv.catvod.com/live.php?id=CETV2, From: subscribe, IPv_Type: ipv6, Location: 美国, ISP: CloudFlare Inc., Date: None, Delay: -1 ms, Speed: 0.00 M/s, Resolution: None
Name: CETV-2, URL: http://iptv.666230.xyz/iptv/sxg.php/CETV-2_4000, From: subscribe, IPv_Type: ipv6, Location: 美国, ISP: CloudFlare Inc., Date: None, Delay: -1 ms, Speed: 0.00 M/s, Resolution: None
Name: CETV-2, URL: http://[2402:4e00:c052:1000:6d8:79ae:eac2:0]:32258/edge-cache02.live3.omd.sc96655.com/live/CETV-2_4000.m3u8, From: subscribe, IPv_Type: ipv6, Location: 中国, ISP: 腾讯云, Date: None, Delay: -1 ms, Speed: 0.00 M/s, Resolution: None
Name: CETV-2, URL: http://mgsp-hs2.live.miguvideo.com:8088/migu/kailu/cetv2/51/20240709/index.m3u8?msisdn=e55e9ee71b42d2d7008a152c069625e3&mdspid=&spid=699004&netType=0&sid=5910022152&pid=2028597139&timestamp=20260216080232&Channel_ID=0116_2600034600-99000-201600010010028&ProgramID=923287211&ParentNodeID=-99&assertID=5910022152&client_ip=218.28.233.106&SecurityKey=20260216080232&promotionId=&mvid=5900006638&mcid=500020&playurlVersion=WX-A1-9.2.1-RELEASE&userid=&jmhm=&videocodec=h264&appCode=miguvideo_android&bean=mgspad&tid=android&conFee=0&encrypt=50a22a777e30d024e257e3f605fb713f&sv=10004&ct=android, From: subscribe, IPv_Type: ipv6, Location: 中国, ISP: 中国移动, Date: None, Delay: -1 ms, Speed: 0.00 M/s, Resolution: None
Name: CETV-2, URL: http://mgsp-zy2.live.miguvideo.com:8088/migu/kailu/cetv2/51/20240709/index.m3u8?msisdn=2be6b2ec9fcf10d2c2457e2c710e172c&mdspid=&spid=699004&netType=0&sid=5910022152&pid=2028597139&timestamp=20260225080215&Channel_ID=0116_2600034600-99000-201600010010028&ProgramID=923287211&ParentNodeID=-99&assertID=5910022152&client_ip=218.28.233.106&SecurityKey=20260225080215&promotionId=&mvid=5900006638&mcid=500020&playurlVersion=WX-A1-9.2.1-RELEASE&userid=&jmhm=&videocodec=h264&appCode=miguvideo_android&bean=mgspad&tid=android&conFee=0&encrypt=4471dc64a34cd216997a9935cebb5f21&sv=10004&ct=android, From: subscribe, IPv_Type: ipv6, Location: 中国, ISP: 中国电信, Date: None, Delay: -1 ms, Speed: 0.00 M/s, Resolution: None
Name: CETV-2, URL: https://tv.gxtv.cn/channel/channelivePlay_80d0ffb42c114eaf9663708629ff0a3e.html, From: subscribe, IPv_Type: ipv6, Location: 加拿大, ISP: , Date: None, Delay: -1 ms, Speed: 0.00 M/s, Resolution: None
Name: CETV-2, URL: http://mgsp-yx2.live.miguvideo.com:8088/migu/kailu/cetv2/51/20240709/index.m3u8?msisdn=2be6b2ec9fcf10d2c2457e2c710e172c&mdspid=&spid=699004&netType=0&sid=5910022152&pid=2028597139&timestamp=20260614080225&Channel_ID=0116_2600034600-99000-201600010010028&ProgramID=923287211&ParentNodeID=-99&assertID=5910022152&client_ip=171.8.79.254&SecurityKey=20260614080225&promotionId=&mvid=5900006638&mcid=500020&playurlVersion=WX-A1-9.6.0.4-RELEASE&userid=&jmhm=&videocodec=h264&appCode=miguvideo_android&bean=mgspad&tid=android&conFee=0&encrypt=73e233661493de0a96339860c296bf80&sv=10004&ct=android, From: subscribe, IPv_Type: ipv6, Location: 中国, ISP: 中国电信, Date: None, Delay: -1 ms, Speed: 0.00 M/s, Resolution: None
Name: CETV-2, URL: http://hlszymgsplive.miguvideo.com:8080/migu/kailu/cetv2/51/20240709/index.m3u8?msisdn=2be6b2ec9fcf10d2c2457e2c710e172c&mdspid=&spid=699004&netType=0&sid=5910022152&pid=2028597139&timestamp=20260615040217&Channel_ID=0116_2600034600-99000-201600010010028&ProgramID=923287211&ParentNodeID=-99&assertID=5910022152&client_ip=171.8.79.254&SecurityKey=20260615040217&promotionId=&mvid=5900006638&mcid=500020&playurlVersion=WX-A1-9.6.0.4-RELEASE&userid=&jmhm=&videocodec=h264&appCode=miguvideo_android&bean=mgspad&tid=android&conFee=0&encrypt=157f15dca9344bbde0cf0b41d2a80254&sv=10004&ct=android, From: subscribe, IPv_Type: ipv6, Location: 中国, ISP: 中国移动, Date: None, Delay: -1 ms, Speed: 0.00 M/s, Resolution: None
Name: CETV-3, URL: http://[2409:8087:7004:20:1000::22]:6610/yinhe/2/ch00000090990000001309/index.m3u8, From: subscribe, IPv_Type: ipv6, Location: 中国, ISP: 中国移动, Date: None, Delay: -1 ms, Speed: 0.00 M/s, Resolution: None
Name: CETV-3, URL: http://[2409:8087:8:21::18]:6610/otttv.bj.chinamobile.com/PLTV/88888888/224/3221226577/1.m3u8?GuardEncType=2&accountinfo=%7E%7EV2.0%7EhE2Z89HKgsQOlN9opVn1iw%7E_eNUbgU9sJGUcVVduOMKhafLvQUgE_zlz_7pvDimJNN03yUnk4zBVk1bynPPL3hZ%2CEND, From: subscribe, IPv_Type: ipv6, Location: 中国, ISP: 中国移动, Date: None, Delay: -1 ms, Speed: 0.00 M/s, Resolution: None
Name: CETV-3, URL: http://rrs01.hw.gmcc.net:8088/PLTV/81/224/3221226722/1.m3u8, From: subscribe, IPv_Type: ipv6, Location: 中国, ISP: 中国移动, Date: None, Delay: -1 ms, Speed: 0.00 M/s, Resolution: None
Name: CETV-3, URL: http://iptv.cdn.ha.chinamobile.com/PLTV/88888888/224/3221227352/index.m3u8, From: subscribe, IPv_Type: ipv6, Location: 中国, ISP: 中国移动, Date: None, Delay: -1 ms, Speed: 0.00 M/s, Resolution: None
Name: CETV-3, URL: http://ott.mobaibox.com/PLTV/3/224/3221227018/index.m3u8, From: subscribe, IPv_Type: ipv6, Location: 中国, ISP: 中国移动, Date: None, Delay: -1 ms, Speed: 0.00 M/s, Resolution: None
Name: CETV-3, URL: http://iptv.666230.xyz/iptv/jsyd.php/G_CETV-3, From: subscribe, IPv_Type: ipv6, Location: 美国, ISP: CloudFlare Inc., Date: None, Delay: -1 ms, Speed: 0.00 M/s, Resolution: None
Name: CETV-4, URL: http://[2409:8087:1a0b:df::4020]:80/ottrrs.hl.chinamobile.com/PLTV/88888888/224/3221225783/index.m3u8, From: subscribe, IPv_Type: ipv6, Location: 中国, ISP: 中国移动, Date: None, Delay: -1 ms, Speed: 0.00 M/s, Resolution: None
Name: CETV-4, URL: http://[2409:8087:8:21::18]:6610/otttv.bj.chinamobile.com/PLTV/88888888/224/3221226997/1.m3u8?GuardEncType=2&accountinfo=%7E%7EV2.0%7EAw_OvjRgJVjtlaOa0dcgzg%7EtP4-l0lmSfjwLWEfK_el1vH_mv-s1zo4AQJwdedaVwG9xkuFTDg8J26cwOrNJzn20BErrHdLhuZ9EzLUCD3PMW-OMx4MGteHV2vLeW6BqoY%2CEND, From: subscribe, IPv_Type: ipv6, Location: 中国, ISP: 中国移动, Date: None, Delay: -1 ms, Speed: 0.00 M/s, Resolution: None
Name: CETV-4, URL: http://rrs01.hw.gmcc.net:8088/PLTV/81/224/3221226724/1.m3u8, From: subscribe, IPv_Type: ipv6, Location: 中国, ISP: 中国移动, Date: None, Delay: -1 ms, Speed: 0.00 M/s, Resolution: None
Name: CETV-4, URL: https://mursor.ottiptv.cc/migu/923287339.m3u8?migutoken=165b545b4402eaba61cdc31defb6548a443d9b5eebb1d99392852bd799c553e8817e85eb324c512581ca9a1ed8e56e530144f79606cf44fe5b2d5e97b6da577e0f2adae2a90c2a55089c95880b, From: subscribe, IPv_Type: ipv6, Location: 美国-加利福尼亚州-圣克拉拉, ISP: DigitalOcean, Date: None, Delay: -1 ms, Speed: 0.00 M/s, Resolution: None
Name: CETV-4, URL: https://migu.188766.xyz/?migutoken=d5d19d868e1df41e984866fc7ca15071&id=CETV4&type=yy, From: subscribe, IPv_Type: ipv6, Location: 美国, ISP: CloudFlare Inc., Date: None, Delay: -1 ms, Speed: 0.00 M/s, Resolution: None
Name: CETV-4, URL: http://iptv.cdn.ha.chinamobile.com/PLTV/88888888/224/3221227331/index.m3u8, From: subscribe, IPv_Type: ipv6, Location: 中国, ISP: 中国移动, Date: None, Delay: -1 ms, Speed: 0.00 M/s, Resolution: None
Name: CETV-4, URL: http://ottrrs.hl.chinamobile.com/PLTV/88888888/224/3221225783/index.m3u8, From: subscribe, IPv_Type: ipv6, Location: 中国, ISP: 中国移动, Date: None, Delay: -1 ms, Speed: 0.00 M/s, Resolution: None
Name: CETV-4, URL: http://[2409:8087:1a0a:df::4031]:80/ottrrs.hl.chinamobile.com/PLTV/88888888/224/3221225783/index.m3u8, From: subscribe, IPv_Type: ipv6, Location: 中国, ISP: 中国移动, Date: None, Delay: -1 ms, Speed: 0.00 M/s, Resolution: None
Name: CETV-4, URL: http://sxydajtvlive.sx.chinamobile.com/PLTV/-/224/3221225748/1.m3u8, From: subscribe, IPv_Type: ipv6, Location: 中国, ISP: 中国移动, Date: None, Delay: -1 ms, Speed: 0.00 M/s, Resolution: None
Name: CETV-4, URL: http://gslbmgsplive.miguvideo.com/migu/kailu/cetv4/51/20240709/index.m3u8?msisdn=b9c9d1ea010a0d3466863115f7a5bef4&mdspid=&spid=699004&netType=0&sid=5910022154&pid=2028597139&timestamp=20260615062128&Channel_ID=0116_2600034600-99000-201600010010028&ProgramID=923287339&ParentNodeID=-99&assertID=5910022154&client_ip=39.98.61.247&SecurityKey=20260615062128&promotionId=&mvid=5900006640&mcid=500020&playurlVersion=WX-A1-9.6.0.4-RELEASE&userid=&jmhm=&videocodec=h264&appCode=miguvideo_android&bean=mgspad&tid=android&conFee=0&puData=6c1b9540473c06e526a39ccb734cc7dc&ddCalcu=c6dcv71acbbc9a453470b4c7c39c30a66e25&sv=10004&ct=android, From: subscribe, IPv_Type: ipv6, Location: 中国, ISP: 中国移动, Date: None, Delay: -1 ms, Speed: 0.00 M/s, Resolution: None
Name: CETV-4, URL: https://mgtv.ottiptv.cc/migu/923287339.m3u8?migutoken=e0e1aa7cfc9885085dd017f24c6810da2deff46ab4a1798fc84915e7a1b73c12ee3778b7f77762bda1f086e373c2e322134f782e7c89008ac746158276c5aa186b6b750a19121ea075af58f588, From: subscribe, IPv_Type: ipv6, Location: 美国-新泽西州-巴赛克, ISP: DigitalOcean, Date: None, Delay: -1 ms, Speed: 0.00 M/s, Resolution: None
Name: CETV-4, URL: http://[2409:8087:1e01:20::3]/PLTV/11/224/3221226069/1.m3u8, From: subscribe, IPv_Type: ipv6, Location: 中国, ISP: 中国移动, Date: None, Delay: -1 ms, Speed: 0.00 M/s, Resolution: None
Name: CETV-4, URL: http://[2409:8087:1a01:df::7005]/ottrrs.hl.chinamobile.com/PLTV/88888888/224/3221225783/index.m3u8, From: subscribe, IPv_Type: ipv6, Location: 中国, ISP: 中国移动, Date: None, Delay: -1 ms, Speed: 0.00 M/s, Resolution: None
Name: CETV-4, URL: http://[2409:8087:1:20:20::26]/otttv.bj.chinamobile.com/PLTV/88888888/224/3221226557/1.m3u8?GuardEncType=2&accountinfo=%7E%7EV2.0%7EBzZToIaOOoaa_jAUfhUQHQ%7E_eNUbgU9sJGUcVVduOMKhafLvQUgE_zlz_7pvDimJNOD9BEmVSNbqSQpqXZxnxbk%2CEND, From: subscribe, IPv_Type: ipv6, Location: 中国, ISP: 中国移动, Date: None, Delay: -1 ms, Speed: 0.00 M/s, Resolution: None
Name: CETV-4, URL: https://shyd.695847.xyz/cms001/ch00000090990000001348/index.m3u8?IASHttpSessionId=RR4967720251014100028031761&ispcode=12, From: subscribe, IPv_Type: ipv6, Location: 美国, ISP: CloudFlare Inc., Date: None, Delay: -1 ms, Speed: 0.00 M/s, Resolution: None
Name: CETV-4, URL: https://iptv.catvod.com/live.php?id=CETV4, From: subscribe, IPv_Type: ipv6, Location: 美国, ISP: CloudFlare Inc., Date: None, Delay: -1 ms, Speed: 0.00 M/s, Resolution: None
Name: CETV-4, URL: http://iptv.666230.xyz/iptv/sxg.php/CETV-4H264_2000, From: subscribe, IPv_Type: ipv6, Location: 美国, ISP: CloudFlare Inc., Date: None, Delay: -1 ms, Speed: 0.00 M/s, Resolution: None
Name: CETV-4, URL: http://[2409:8087:1e02:20::1a]/PLTV/11/224/3221226153/1.m3u8, From: subscribe, IPv_Type: ipv6, Location: 中国, ISP: 中国移动, Date: None, Delay: -1 ms, Speed: 0.00 M/s, Resolution: None
Name: CETV-4, URL: https://zby.130519.xyz/PLTV/11/224/3221226153/index.m3u8, From: subscribe, IPv_Type: ipv6, Location: 美国, ISP: CloudFlare Inc., Date: None, Delay: -1 ms, Speed: 0.00 M/s, Resolution: None
Name: CETV-4, URL: http://[2409:8087:1e01:23::10]:8112/000000001000/5000000006000012123/1.m3u8?channel-id=bestzb&Contentid=5000000006000012123&livemode=1&stbId=m, From: subscribe, IPv_Type: ipv6, Location: 中国, ISP: 中国移动, Date: None, Delay: -1 ms, Speed: 0.00 M/s, Resolution: None
Name: CETV-4, URL: http://mgsp-hs2.live.miguvideo.com:8088/migu/kailu/cetv4/51/20240709/index.m3u8?msisdn=e55e9ee71b42d2d7008a152c069625e3&mdspid=&spid=699004&netType=0&sid=5910022154&pid=2028597139&timestamp=20260216080233&Channel_ID=0116_2600034600-99000-201600010010028&ProgramID=923287339&ParentNodeID=-99&assertID=5910022154&client_ip=218.28.233.106&SecurityKey=20260216080233&promotionId=&mvid=5900006640&mcid=500020&playurlVersion=WX-A1-9.2.1-RELEASE&userid=&jmhm=&videocodec=h264&appCode=miguvideo_android&bean=mgspad&tid=android&conFee=0&encrypt=4380d1b7c3d1203a6efa8d16c02df669&sv=10004&ct=android, From: subscribe, IPv_Type: ipv6, Location: 中国, ISP: 中国移动, Date: None, Delay: -1 ms, Speed: 0.00 M/s, Resolution: None
Name: CETV-4, URL: http://mgsp-zy2.live.miguvideo.com:8088/migu/kailu/cetv4/51/20240709/index.m3u8?msisdn=e55e9ee71b42d2d7008a152c069625e3&mdspid=&spid=699004&netType=0&sid=5910022154&pid=2028597139&timestamp=20260217084026&Channel_ID=0116_2600034600-99000-201600010010028&ProgramID=923287339&ParentNodeID=-99&assertID=5910022154&client_ip=218.28.233.106&SecurityKey=20260217084026&promotionId=&mvid=5900006640&mcid=500020&playurlVersion=WX-A1-9.2.1-RELEASE&userid=&jmhm=&videocodec=h264&appCode=miguvideo_android&bean=mgspad&tid=android&conFee=0&encrypt=56f311ed096b52fd7e7b4b5fbda5b234&sv=10004&ct=android, From: subscribe, IPv_Type: ipv6, Location: 中国, ISP: 中国电信, Date: None, Delay: -1 ms, Speed: 0.00 M/s, Resolution: None
Name: CETV-4, URL: http://mgsp-yx2.live.miguvideo.com:8088/migu/kailu/cetv4/51/20240709/index.m3u8?msisdn=2be6b2ec9fcf10d2c2457e2c710e172c&mdspid=&spid=699004&netType=0&sid=5910022154&pid=2028597139&timestamp=20260225080215&Channel_ID=0116_2600034600-99000-201600010010028&ProgramID=923287339&ParentNodeID=-99&assertID=5910022154&client_ip=218.28.233.106&SecurityKey=20260225080215&promotionId=&mvid=5900006640&mcid=500020&playurlVersion=WX-A1-9.2.1-RELEASE&userid=&jmhm=&videocodec=h264&appCode=miguvideo_android&bean=mgspad&tid=android&conFee=0&encrypt=9ba1450cc98464b69606f83a9feeeb84&sv=10004&ct=android, From: subscribe, IPv_Type: ipv6, Location: 中国, ISP: 中国电信, Date: None, Delay: -1 ms, Speed: 0.00 M/s, Resolution: None
Name: CETV-4, URL: http://mgsp-ws2.live.miguvideo.com:8088/migu/kailu/cetv4/51/20240709/index.m3u8?msisdn=2be6b2ec9fcf10d2c2457e2c710e172c&mdspid=&spid=699004&netType=0&sid=5910022154&pid=2028597139&timestamp=20260301080214&Channel_ID=0116_2600034600-99000-201600010010028&ProgramID=923287339&ParentNodeID=-99&assertID=5910022154&client_ip=218.28.233.106&SecurityKey=20260301080214&promotionId=&mvid=5900006640&mcid=500020&playurlVersion=WX-A1-9.2.1-RELEASE&userid=&jmhm=&videocodec=h264&appCode=miguvideo_android&bean=mgspad&tid=android&conFee=0&encrypt=89357be5ea84bcfcbbd4b1e7c5c19dc8&sv=10004&ct=android, From: subscribe, IPv_Type: ipv6, Location: 加拿大, ISP: , Date: None, Delay: -1 ms, Speed: 0.00 M/s, Resolution: None
Name: CETV-4, URL: https://tv.gxtv.cn/channel/channelivePlay_67eace939278435bb4bca90800fb4225.html, From: subscribe, IPv_Type: ipv6, Location: 加拿大, ISP: , Date: None, Delay: -1 ms, Speed: 0.00 M/s, Resolution: None
Name: CETV-4, URL: http://hlszymgsplive.miguvideo.com:8080/migu/kailu/cetv4/51/20240709/index.m3u8?msisdn=2be6b2ec9fcf10d2c2457e2c710e172c&mdspid=&spid=699004&netType=0&sid=5910022154&pid=2028597139&timestamp=20260614040219&Channel_ID=0116_2600034600-99000-201600010010028&ProgramID=923287339&ParentNodeID=-99&assertID=5910022154&client_ip=171.8.79.254&SecurityKey=20260614040219&promotionId=&mvid=5900006640&mcid=500020&playurlVersion=WX-A1-9.6.0.4-RELEASE&userid=&jmhm=&videocodec=h264&appCode=miguvideo_android&bean=mgspad&tid=android&conFee=0&encrypt=bb2a3be936cb3965b213d667d33d14bf&sv=10004&ct=android, From: subscribe, IPv_Type: ipv6, Location: 中国, ISP: 中国移动, Date: None, Delay: -1 ms, Speed: 0.00 M/s, Resolution: None
Name: 广东卫视, URL: http://php.jdshipin.com:8880/TVOD/gsyd.php?id=9900000520, From: subscribe, IPv_Type: ipv6, Location: 美国, ISP: CloudFlare Inc., Date: None, Delay: 0.1 ms, Speed: inf M/s, Resolution: 1920x1080
Name: 广东卫视, URL: http://z.b.bkpcp.top/m.php?id=gdws, From: subscribe, IPv_Type: ipv6, Location: 美国, ISP: CloudFlare Inc., Date: None, Delay: 0.1 ms, Speed: inf M/s, Resolution: 1920x1080
Name: 广东卫视, URL: http://j.x.bkpcp.top/jx/GUANGDHD, From: subscribe, IPv_Type: ipv6, Location: 美国, ISP: CloudFlare Inc., Date: None, Delay: 0.1 ms, Speed: inf M/s, Resolution: 1920x1080
Name: 广东卫视, URL: http://goo.bkpcp.top/mg/gdws, From: subscribe, IPv_Type: ipv6, Location: 美国, ISP: CloudFlare Inc., Date: None, Delay: 0.1 ms, Speed: inf M/s, Resolution: 1920x1080
Name: 广东卫视, URL: http://iptv.huuc.edu.cn/hls/gdhd.m3u8, From: subscribe, IPv_Type: ipv6, Location: 中国, ISP: 教育网, Date: None, Delay: 0.1 ms, Speed: inf M/s, Resolution: 1920x1080
Name: 广东卫视, URL: http://dsj.motem.top:8880/bptv/10000100000000050000000003873459.m3u8, From: subscribe, IPv_Type: ipv6, Location: 美国, ISP: CloudFlare Inc., Date: None, Delay: 0.1 ms, Speed: inf M/s, Resolution: 1920x1080
Name: 广东卫视, URL: http://[2409:8087:1a0a:df::404b]/ottrrs.hl.chinamobile.com/TVOD/88888888/224/3221226248/index.m3u8, From: subscribe, IPv_Type: ipv6, Location: 中国, ISP: 中国移动, Date: None, Delay: 0.1 ms, Speed: inf M/s, Resolution: 1920x1080
Name: 广东卫视, URL: http://[2409:8087:1a01:df::4077]/ottrrs.hl.chinamobile.com/PLTV/88888888/8/3221226248/index.m3u8, From: subscribe, IPv_Type: ipv6, Location: 中国, ISP: 中国移动, Date: None, Delay: 0.1 ms, Speed: inf M/s, Resolution: 1920x1080
Name: 广东卫视, URL: http://[2409:8087:8:21::18]:6610/otttv.bj.chinamobile.com/PLTV/88888888/224/3221226961/1.m3u8?GuardEncType=2&accountinfo=%7E%7EV2.0%7E2MGyx659D_aaDPP0qt3NgA%7EtP4-l0lmSfjwLWEfK_el1vH_mv-s1zo4AQJwdedaVwG9xkuFTDg8J26cwOrNJzn20BErrHdLhuZ9EzLUCD3PMW-OMx4MGteHV2vLeW6BqoY%2CEND, From: subscribe, IPv_Type: ipv6, Location: 中国, ISP: 中国移动, Date: None, Delay: -1 ms, Speed: 0.00 M/s, Resolution: None
Name: 广东卫视, URL: http://iptv.cdn.ha.chinamobile.com/PLTV/88888888/224/3221227201/index.m3u8, From: subscribe, IPv_Type: ipv6, Location: 中国, ISP: 中国移动, Date: None, Delay: 0.1 ms, Speed: inf M/s, Resolution: 1920x1080
Name: 广东卫视, URL: http://[2409:8087:2001:20:2800:0:df6e:eb03]:80/ott.mobaibox.com/PLTV/4/224/3221227476/index.m3u8, From: subscribe, IPv_Type: ipv6, Location: 中国, ISP: 中国移动, Date: None, Delay: 0.1 ms, Speed: inf M/s, Resolution: 1920x1080
Name: 广东卫视, URL: https://www.freetv.top/migu/608831231.m3u8?migutoken=78af5371d66a723fc72d7a69c8a18ade502c19d2cf715aa502730a2b197148f3ac859ba4dfc8177df928c7b17e4f7e50e73fa17782751d96ca1224dc27c62d3025503e7b80de41b09560f78ee1, From: subscribe, IPv_Type: ipv6, Location: 美国-加利福尼亚州-圣克拉拉, ISP: DigitalOcean, Date: None, Delay: 0.1 ms, Speed: inf M/s, Resolution: 1920x1080
Name: 广东卫视, URL: http://yc.myds.me:35455/itv/6000000001000031076.m3u8?cdn=wasusyt, From: subscribe, IPv_Type: ipv6, Location: 中国, ISP: 中国电信, Date: None, Delay: 0.1 ms, Speed: inf M/s, Resolution: 1920x1080
Name: 广东卫视, URL: http://nas.suntao.online:35455/itv/1000000001000014176.m3u8?cdn=ystenlive, From: subscribe, IPv_Type: ipv6, Location: 中国, ISP: 中国联通, Date: None, Delay: 0.1 ms, Speed: inf M/s, Resolution: 1920x1080
Name: 广东卫视, URL: https://stream1.freetv.fun/789f20f011598d1de2038efdd927fd3eb7619798d61096ca13b1501a8db4292b.m3u8, From: subscribe, IPv_Type: ipv6, Location: 美国, ISP: CloudFlare Inc., Date: None, Delay: 0.1 ms, Speed: inf M/s, Resolution: 1920x1080
Name: 广东卫视, URL: http://lu.wqwqwq.sbs/itv/1000000005000265034.m3u8?cdn=ystenlive, From: subscribe, IPv_Type: ipv6, Location: 美国, ISP: CloudFlare Inc., Date: None, Delay: 0.1 ms, Speed: inf M/s, Resolution: 1920x1080
Name: 广东卫视, URL: http://dbiptv.sn.chinamobile.com/PLTV/88888888/224/3221225803/1.m3u8, From: subscribe, IPv_Type: ipv6, Location: 中国, ISP: 中国移动, Date: None, Delay: 0.1 ms, Speed: inf M/s, Resolution: 1920x1080
Name: 广东卫视, URL: http://hwrr.jx.chinamobile.com:8080/PLTV/88888888/224/3221225597/index.m3u8?fmt=ts2hls, From: subscribe, IPv_Type: ipv6, Location: 中国, ISP: 中国移动, Date: None, Delay: 0.1 ms, Speed: inf M/s, Resolution: 1920x1080
Name: 广东卫视, URL: http://[2409:8087:3428:20:500::100f]:6610/PLTV/88888888/224/3221227164/index.m3u8?servicetype=1&IASHttpSessionId=RR423820220409134714119178, From: subscribe, IPv_Type: ipv6, Location: 中国, ISP: 中国移动, Date: None, Delay: 0.1 ms, Speed: inf M/s, Resolution: 1920x1080
Name: 广东卫视, URL: http://[2409:8087:3428:20:500::1009]:6610/PLTV/88888888/224/3221227164/index.m3u8?servicetype=1&IASHttpSessionId=RR423820220409134714119178, From: subscribe, IPv_Type: ipv6, Location: 中国, ISP: 中国移动, Date: None, Delay: 0.1 ms, Speed: inf M/s, Resolution: 1920x1080
Name: 广东卫视, URL: http://[2409:8087:2001:20:2800:0:df6e:eb06]:80/wh7f454c46tw200922983_-1894712676/ott.mobaibox.com/PLTV/3/224/3221227591/index.m3u8?icpid=3&RTS=1674380316&from=40&popid=40&hms_devid=2036&prioritypopid=40&vqe=3, From: subscribe, IPv_Type: ipv6, Location: 中国, ISP: 中国移动, Date: None, Delay: 0.1 ms, Speed: inf M/s, Resolution: 1920x1080
Name: 广东卫视, URL: http://[2409:8087:2001:20:2800:0:df6e:eb0d]:80/wh7f454c46tw201073874_846642633/ott.mobaibox.com/PLTV/3/224/3221227673/index.m3u8?icpid=3&RTS=1674380316&from=40&popid=40&hms_devid=2040&prioritypopid=40&vqe=3, From: subscribe, IPv_Type: ipv6, Location: 中国, ISP: 中国移动, Date: None, Delay: 0.1 ms, Speed: inf M/s, Resolution: 1920x1080
Name: 广东卫视, URL: http://[2409:8087:2001:20:2800:0:df6e:eb02]:80/wh7f454c46tw1545504334_-1449102672/ott.mobaibox.com/PLTV/3/224/3221227691/index.m3u8?icpid=3&RTS=1674385955&from=40&popid=40&hms_devid=2039&prioritypopid=40&vqe=3, From: subscribe, IPv_Type: ipv6, Location: 中国, ISP: 中国移动, Date: None, Delay: 0.1 ms, Speed: inf M/s, Resolution: 1920x1080
Name: 广东卫视, URL: http://[2409:8087:2001:20:2800:0:df6e:eb17]:80/wh7f454c46tw1930705409_-1175138860/ott.mobaibox.com/PLTV/3/224/3221228230/index.m3u8?icpid=3&RTS=1674386341&from=40&popid=40&hms_devid=2114&prioritypopid=40&vqe=3, From: subscribe, IPv_Type: ipv6, Location: 中国, ISP: 中国移动, Date: None, Delay: 0.1 ms, Speed: inf M/s, Resolution: 1920x1080
Name: 广东卫视, URL: http://[2409:8087:1e03:21::42]:6610/cms001/ch00000090990000001032/index.m3u8, From: subscribe, IPv_Type: ipv6, Location: 中国, ISP: 中国移动, Date: None, Delay: 0.1 ms, Speed: inf M/s, Resolution: 1920x1080
Name: 广东卫视, URL: http://[2409:8087:5e01:34::38]:6610/ZTE_CMS/00000001000000060000000000000341/index.m3u8, From: subscribe, IPv_Type: ipv6, Location: 中国, ISP: 中国移动, Date: None, Delay: 0.1 ms, Speed: inf M/s, Resolution: 1920x1080
Name: 广东卫视, URL: http://[2409:8087:74F1:0021::0008]/000000001000PLTV/88888888/224/3221226180/index.m3u8?HlsProfileId=, From: subscribe, IPv_Type: ipv6, Location: 中国, ISP: 中国移动, Date: None, Delay: 0.1 ms, Speed: inf M/s, Resolution: 1920x1080
Name: 广东卫视, URL: http://[2409:8087:4c0a:22:1::11]:6410/170000001115/UmaiCHAN181359BESTVSMGSMG/index.m3u8?m3u8_level=2, From: subscribe, IPv_Type: ipv6, Location: 中国, ISP: 中国移动, Date: None, Delay: 0.1 ms, Speed: inf M/s, Resolution: 1920x1080
Name: 广东卫视, URL: http://[2409:8087:5e01:34::21]:6610/ZTE_CMS/00000001000000060000000000000341/index.m3u8?IAS, From: subscribe, IPv_Type: ipv6, Location: 中国, ISP: 中国移动, Date: None, Delay: 0.1 ms, Speed: inf M/s, Resolution: 1920x1080
Name: 广东卫视, URL: http://[2409:8087:5e01:34::20]:6610/ZTE_CMS/00000001000000060000000000000341/index.m3u8?IAS, From: subscribe, IPv_Type: ipv6, Location: 中国, ISP: 中国移动, Date: None, Delay: 0.1 ms, Speed: inf M/s, Resolution: 1920x1080
Name: 广东卫视, URL: http://[2409:8087:5e01:34::23]:6610/ZTE_CMS/00000001000000060000000000000341/index.m3u8?IAS, From: subscribe, IPv_Type: ipv6, Location: 中国, ISP: 中国移动, Date: None, Delay: 0.1 ms, Speed: inf M/s, Resolution: 1920x1080
Name: 广东卫视, URL: http://[2409:8087:5e01:34::22]:6610/ZTE_CMS/00000001000000060000000000000341/index.m3u8?IAS, From: subscribe, IPv_Type: ipv6, Location: 中国, ISP: 中国移动, Date: None, Delay: 0.1 ms, Speed: inf M/s, Resolution: 1920x1080
Name: 广东卫视, URL: http://[2409:8087:1e03:21::2]:6060/cms001/ch00000090990000001032/index.m3u8, From: subscribe, IPv_Type: ipv6, Location: 中国, ISP: 中国移动, Date: None, Delay: 0.1 ms, Speed: inf M/s, Resolution: 1920x1080
Name: 广东卫视, URL: http://[2409:8087:74f0:22::6]:6410/270000001128/9900000520/index.m3u8, From: subscribe, IPv_Type: ipv6, Location: 中国, ISP: 中国移动, Date: None, Delay: 0.1 ms, Speed: inf M/s, Resolution: 1920x1080
Name: 广东卫视, URL: http://[2409:8087:1a01:df::7005]/ottrrs.hl.chinamobile.com/PLTV/88888888/224/3221226248/index.m3u8, From: subscribe, IPv_Type: ipv6, Location: 中国, ISP: 中国移动, Date: None, Delay: 0.1 ms, Speed: inf M/s, Resolution: 1920x1080
Name: 广东卫视, URL: http://[2409:8087:5e00:24::1e]:6060/200000001898/460000089800010055/1.m3u8, From: subscribe, IPv_Type: ipv6, Location: 中国, ISP: 中国移动, Date: None, Delay: 0.1 ms, Speed: inf M/s, Resolution: 1920x1080
Name: 广东卫视, URL: http://[2409:8087:3869:8021:1001::e5]:6610/PLTV/88888910/224/3221225701/index.m3u8, From: subscribe, IPv_Type: ipv6, Location: 中国, ISP: 中国移动, Date: None, Delay: 0.1 ms, Speed: inf M/s, Resolution: 1920x1080
Name: 广东卫视, URL: http://rrs01.hw.gmcc.net:8088/PLTV/81/224/3221227161/1.m3u8, From: subscribe, IPv_Type: ipv6, Location: 中国, ISP: 中国移动, Date: None, Delay: -1 ms, Speed: 0.00 M/s, Resolution: None
Name: 广东卫视, URL: http://[2409:8087:1a15:10d1::37]/ottrrs.hl.chinamobile.com/PLTV/88888888/224/3221226248/index.m3u8, From: subscribe, IPv_Type: ipv6, Location: 中国, ISP: 中国移动, Date: None, Delay: -1 ms, Speed: 0.00 M/s, Resolution: None
Name: 广东卫视, URL: http://[2409:8087:5e08:25::16]:6610/200000001898/460000089800010055/1.m3u8, From: subscribe, IPv_Type: ipv6, Location: 中国, ISP: 中国移动, Date: None, Delay: -1 ms, Speed: 0.00 M/s, Resolution: None
Name: 广东卫视, URL: https://mursor.ottiptv.cc/mcp/guangdong.m3u8, From: subscribe, IPv_Type: ipv6, Location: 美国, ISP: Oracle Corporation, Date: None, Delay: -1 ms, Speed: 0.00 M/s, Resolution: None
Name: 广东卫视, URL: https://migu.188766.xyz/?migutoken=c77f5e47f5bc71b2d877693518b24d2f&id=%E5%B9%BF%E4%B8%9C%E5%8D%AB%E8%A7%86&pp=1, From: subscribe, IPv_Type: ipv6, Location: 美国, ISP: CloudFlare Inc., Date: None, Delay: -1 ms, Speed: 0.00 M/s, Resolution: None
Name: 广东卫视, URL: http://gslbmgsplive.miguvideo.com/ws_w/2018/gdws/gdws711/1000/index.m3u8?msisdn=20250926080055fa93bd0ad6d14f29927ad1d172ea6a36&mdspid=&spid=699054&netType=0&sid=2202428795&pid=2028597139&timestamp=20250926080055&Channel_ID=0116_2600000900-99000-201600010010027&ProgramID=608831231&ParentNodeID=-99&assertID=2202428795&client_ip=106.13.250.83&SecurityKey=20250926080055&promotionId=&mvid=2202428795&mcid=500020&playurlVersion=ZQ-A1-8.9.2-RELEASE&userid=&jmhm=&videocodec=h264&bean=mgspad&tid=android&conFee=0&puData=b2349e3ce1c0ce5e5e7d3560bcfeae97&ddCalcu=7b92ee32a48e90fec3bc0e615c30dc7ee55e, From: subscribe, IPv_Type: ipv6, Location: 中国, ISP: 中国移动, Date: None, Delay: -1 ms, Speed: 0.00 M/s, Resolution: None
Name: 广东卫视, URL: https://cc06.tv12.xyz/43.m3u8, From: subscribe, IPv_Type: ipv6, Location: 美国, ISP: CloudFlare Inc., Date: None, Delay: -1 ms, Speed: 0.00 M/s, Resolution: None
Name: 广东卫视, URL: https://jzb.wwkejishe.top/?id=598, From: subscribe, IPv_Type: ipv6, Location: 美国, ISP: CloudFlare Inc., Date: None, Delay: -1 ms, Speed: 0.00 M/s, Resolution: None
Name: 广东卫视, URL: https://iptv.catvod.com/live.php?id=%E5%B9%BF%E4%B8%9C%E5%8D%AB%E8%A7%86, From: subscribe, IPv_Type: ipv6, Location: 美国, ISP: CloudFlare Inc., Date: None, Delay: -1 ms, Speed: 0.00 M/s, Resolution: None
Name: 广东卫视, URL: https://shyd.695847.xyz/cms001/ch00000090990000001032/index.m3u8?IASHttpSessionId=RR4967720251014100028031761&ispcode=12, From: subscribe, IPv_Type: ipv6, Location: 美国, ISP: CloudFlare Inc., Date: None, Delay: -1 ms, Speed: 0.00 M/s, Resolution: None
Name: 广东卫视, URL: https://live.chinacert.cftest5.cn/mg/?id=608831231, From: subscribe, IPv_Type: ipv6, Location: 中国, ISP: 中国联通, Date: None, Delay: -1 ms, Speed: 0.00 M/s, Resolution: None
Name: 广东卫视, URL: http://tvgslb.hn.chinamobile.com:8089/180000001002/00000001000000000010000000040391/main.m3u8?stbid=, From: subscribe, IPv_Type: ipv6, Location: 中国, ISP: 中国移动, Date: None, Delay: -1 ms, Speed: 0.00 M/s, Resolution: None
Name: 广东卫视, URL: http://hwltc.tv.cdn.zj.chinamobile.com/PLTV/88888888/224/3221236262/index.m3u8, From: subscribe, IPv_Type: ipv6, Location: 中国, ISP: 中国移动, Date: None, Delay: -1 ms, Speed: 0.00 M/s, Resolution: None
Name: 广东卫视, URL: http://hwottcdn.ln.chinamobile.com/PLTV/11/224/3221226878/index.m3u8, From: subscribe, IPv_Type: ipv6, Location: 中国, ISP: 中国移动, Date: None, Delay: -1 ms, Speed: 0.00 M/s, Resolution: None
Name: 广东卫视, URL: http://k.061899.xyz/k.php?id=gdws, From: subscribe, IPv_Type: ipv6, Location: 新加坡, ISP: Aceville Pte.Ltd., Date: None, Delay: -1 ms, Speed: 0.00 M/s, Resolution: None
Name: 广东卫视, URL: http://iptvrr.sh.chinamobile.com:6060/cms001/ch00000090990000001032/index.m3u8, From: subscribe, IPv_Type: ipv6, Location: 中国, ISP: 中国移动, Date: None, Delay: -1 ms, Speed: 0.00 M/s, Resolution: None
Name: 广东卫视, URL: http://ott.mobaibox.com/PLTV/1/224/3221227476/index.m3u8, From: subscribe, IPv_Type: ipv6, Location: 中国, ISP: 中国移动, Date: None, Delay: -1 ms, Speed: 0.00 M/s, Resolution: None
Name: 广东卫视, URL: https://t.freetv.fun/live/yan-dong-wei-shi-19.m3u8, From: subscribe, IPv_Type: ipv6, Location: 美国, ISP: CloudFlare Inc., Date: None, Delay: -1 ms, Speed: 0.00 M/s, Resolution: None
Name: 广东卫视, URL: http://mgsp-zy2.live.miguvideo.com:8088/migu/kailu/gdwshd265/54/20200407/index.m3u8?msisdn=e55e9ee71b42d2d7008a152c069625e3&mdspid=&spid=699054&netType=0&sid=2202428795&pid=2028597139&timestamp=20260215080207&Channel_ID=0116_2600034600-99000-201600010010028&ProgramID=608831231&ParentNodeID=-99&assertID=2202428795&client_ip=218.28.233.106&SecurityKey=20260215080207&promotionId=&mvid=2202428795&mcid=500020&playurlVersion=WX-A1-9.2.1-RELEASE&userid=&jmhm=&videocodec=h265&appCode=miguvideo_android&bean=mgspad&tid=android&conFee=0&encrypt=083073f5df8c9b4a660f970962677862&sv=10004&ct=android, From: subscribe, IPv_Type: ipv6, Location: 中国, ISP: 中国电信, Date: None, Delay: -1 ms, Speed: 0.00 M/s, Resolution: None
Name: 广东卫视, URL: http://mgsp-hs2.live.miguvideo.com:8088/migu/kailu/gdwshd265/54/20200407/index.m3u8?msisdn=2be6b2ec9fcf10d2c2457e2c710e172c&mdspid=&spid=699054&netType=0&sid=2202428795&pid=2028597139&timestamp=20260225060203&Channel_ID=0116_2600034600-99000-201600010010028&ProgramID=608831231&ParentNodeID=-99&assertID=2202428795&client_ip=218.28.233.106&SecurityKey=20260225060203&promotionId=&mvid=2202428795&mcid=500020&playurlVersion=WX-A1-9.2.1-RELEASE&userid=&jmhm=&videocodec=h265&appCode=miguvideo_android&bean=mgspad&tid=android&conFee=0&encrypt=849e725ba55b35342ff2cb9e3a9bef6c&sv=10004&ct=android, From: subscribe, IPv_Type: ipv6, Location: 中国, ISP: 中国联通, Date: None, Delay: -1 ms, Speed: 0.00 M/s, Resolution: None
Name: 广东卫视, URL: http://mgsp-yx2.live.miguvideo.com:8088/migu/kailu/gdwshd265/54/20200407/index.m3u8?msisdn=2be6b2ec9fcf10d2c2457e2c710e172c&mdspid=&spid=699054&netType=0&sid=2202428795&pid=2028597139&timestamp=20260228060219&Channel_ID=0116_2600034600-99000-201600010010028&ProgramID=608831231&ParentNodeID=-99&assertID=2202428795&client_ip=218.28.233.106&SecurityKey=20260228060219&promotionId=&mvid=2202428795&mcid=500020&playurlVersion=WX-A1-9.2.1-RELEASE&userid=&jmhm=&videocodec=h265&appCode=miguvideo_android&bean=mgspad&tid=android&conFee=0&encrypt=fb6131f22b10d40744acb637f5444417&sv=10004&ct=android, From: subscribe, IPv_Type: ipv6, Location: 中国, ISP: 中国电信, Date: None, Delay: -1 ms, Speed: 0.00 M/s, Resolution: None
Name: 广东卫视, URL: http://mgsp-ws2.live.miguvideo.com:8088/migu/kailu/gdwshd265/54/20200407/index.m3u8?msisdn=2be6b2ec9fcf10d2c2457e2c710e172c&mdspid=&spid=699054&netType=0&sid=2202428795&pid=2028597139&timestamp=20260303060204&Channel_ID=0116_2600034600-99000-201600010010028&ProgramID=608831231&ParentNodeID=-99&assertID=2202428795&client_ip=218.28.233.106&SecurityKey=20260303060204&promotionId=&mvid=2202428795&mcid=500020&playurlVersion=WX-A1-9.2.2-RELEASE&userid=&jmhm=&videocodec=h265&appCode=miguvideo_android&bean=mgspad&tid=android&conFee=0&encrypt=870a3b6befc079219bce5c86cf662dde&sv=10004&ct=android, From: subscribe, IPv_Type: ipv6, Location: 加拿大, ISP: , Date: None, Delay: -1 ms, Speed: 0.00 M/s, Resolution: None
Name: 广东卫视, URL: http://63.141.230.178:82/gslb/zbdq5.m3u8?id=gdwshd, From: subscribe, IPv_Type: ipv4, Location: 美国, ISP: , Date: None, Delay: 531 ms, Speed: 7.37 M/s, Resolution: 1920x1080
Name: 香港卫视, URL: http://cctvtxyh5c.liveplay.myqcloud.com/cstv/xianggangweishi_2/index.m3u8, From: subscribe, IPv_Type: ipv6, Location: 中国, ISP: 中国联通, Date: None, Delay: 0.1 ms, Speed: inf M/s, Resolution: 1920x1080
Name: 香港卫视, URL: https://stream1.freetv.fun/5335c88a9a7d8b74173b491f480d4f94e8d3bd596af54478106aa2399e6c7917.m3u8, From: subscribe, IPv_Type: ipv6, Location: 美国, ISP: CloudFlare Inc., Date: None, Delay: -1 ms, Speed: 0.00 M/s, Resolution: None
Name: 香港卫视, URL: https://yvxymm.tv12.xyz/175.m3u8, From: subscribe, IPv_Type: ipv6, Location: 美国, ISP: CloudFlare Inc., Date: None, Delay: -1 ms, Speed: 0.00 M/s, Resolution: None
Name: 香港卫视, URL: https://migu.188766.xyz/?migutoken=71c1dbe4568d6c43573e0f04671d588f&id=%E9%A6%99%E6%B8%AF%E5%8D%AB%E8%A7%86&pp=1, From: subscribe, IPv_Type: ipv6, Location: 美国, ISP: CloudFlare Inc., Date: None, Delay: -1 ms, Speed: 0.00 M/s, Resolution: None
Name: 香港卫视, URL: http://webcast.hkstv.tv/livestream/mutfysrq/playlist.m3u8, From: subscribe, IPv_Type: ipv6, Location: 美国, ISP: , Date: None, Delay: -1 ms, Speed: 0.00 M/s, Resolution: None
Name: 浙江卫视, URL: http://zwebl02.cztv.com/live/channel011080P.m3u8?auth_key=2524708799-0-0-9a1229d8b9d311024ebea08c3fb1d63f, From: subscribe, IPv_Type: ipv6, Location: 中国-广东-东莞, ISP: 电信, Date: None, Delay: 0.1 ms, Speed: inf M/s, Resolution: 1920x1080
Name: 浙江卫视, URL: http://zhfivel02.cztv.com/channel01/1080p.m3u8?auth_key=2524708799-0-0-adde67b1b344fdd5e512f30a4ae31915, From: subscribe, IPv_Type: ipv6, Location: 中国-广东-东莞, ISP: 电信, Date: None, Delay: 0.1 ms, Speed: inf M/s, Resolution: 1920x1080
Name: 浙江卫视, URL: http://php.jdshipin.com/TVOD/hnyd.php?id=200000001898/460000089800010070, From: subscribe, IPv_Type: ipv6, Location: 美国, ISP: CloudFlare Inc., Date: None, Delay: 0.1 ms, Speed: inf M/s, Resolution: 1920x1080
Name: 浙江卫视, URL: http://z.b.bkpcp.top/m.php?id=zjws, From: subscribe, IPv_Type: ipv6, Location: 美国, ISP: CloudFlare Inc., Date: None, Delay: 0.1 ms, Speed: inf M/s, Resolution: 1920x1080
Name: 浙江卫视, URL: https://ali-m-l.cztv.com/channels/lantian/channel001/1080p.m3u8, From: subscribe, IPv_Type: ipv6, Location: 中国-广西-防城港, ISP: 电信, Date: None, Delay: 0.1 ms, Speed: inf M/s, Resolution: 1920x1080
Name: 浙江卫视, URL: http://goo.bkpcp.top/mg/zjws, From: subscribe, IPv_Type: ipv6, Location: 美国, ISP: CloudFlare Inc., Date: None, Delay: 0.1 ms, Speed: inf M/s, Resolution: 1920x1080
Name: 浙江卫视, URL: http://l.cztvcloud.com/channels/lantian/SXpinghu3/720p.m3u8, From: subscribe, IPv_Type: ipv6, Location: 中国-江苏-常州, ISP: 电信, Date: None, Delay: 0.1 ms, Speed: inf M/s, Resolution: 1920x1080
Name: 浙江卫视, URL: http://iptv.huuc.edu.cn/hls/zjhd.m3u8, From: subscribe, IPv_Type: ipv6, Location: 中国, ISP: 教育网, Date: None, Delay: 0.1 ms, Speed: inf M/s, Resolution: 1920x1080
Name: 浙江卫视, URL: http://ikuai.zlsip.top:4022/rtp/239.3.1.137:8036, From: subscribe, IPv_Type: ipv6, Location: 美国, ISP: CloudFlare Inc., Date: None, Delay: 0.1 ms, Speed: inf M/s, Resolution: 1920x1080
Name: 浙江卫视, URL: http://ali-vl.cztv.com/channels/lantian/channel001/360p.m3u8, From: subscribe, IPv_Type: ipv6, Location: 中国, ISP: 中国电信, Date: None, Delay: 0.1 ms, Speed: inf M/s, Resolution: 1920x1080
Name: 浙江卫视, URL: http://[2409:8087:1a01:df::4043]:80/TVOD/88888888/224/3221225959/main.m3u8, From: subscribe, IPv_Type: ipv6, Location: 中国, ISP: 中国移动, Date: None, Delay: 0.1 ms, Speed: inf M/s, Resolution: 1920x1080
Name: 浙江卫视, URL: http://dsj.motem.top:8880/bptv/10000100000000050000000003873464.m3u8, From: subscribe, IPv_Type: ipv6, Location: 美国, ISP: CloudFlare Inc., Date: None, Delay: 0.1 ms, Speed: inf M/s, Resolution: 1920x1080
Name: 浙江卫视, URL: https://zwebl02.cztv.com/live/channel011080P.m3u8?auth_key=1746309623-0oh0wczjlthcs675z4v5o04eqlbj4e7p-0-f7567e57301970404dd8b1441f8b6662, From: subscribe, IPv_Type: ipv6, Location: 中国-广东-东莞, ISP: 电信, Date: None, Delay: 0.1 ms, Speed: inf M/s, Resolution: 1920x1080
Name: 浙江卫视, URL: http://[2409:8087:1a01:df::4077]/ottrrs.hl.chinamobile.com/PLTV/88888888/8/3221226342/index.m3u8, From: subscribe, IPv_Type: ipv6, Location: 中国, ISP: 中国移动, Date: None, Delay: 0.1 ms, Speed: inf M/s, Resolution: 1920x1080
Name: 浙江卫视, URL: http://[2409:8087:1a0a:df::404b]/ottrrs.hl.chinamobile.com/TVOD/88888888/224/3221226339/index.m3u8, From: subscribe, IPv_Type: ipv6, Location: 中国, ISP: 中国移动, Date: None, Delay: 0.1 ms, Speed: inf M/s, Resolution: 1920x1080
Name: 浙江卫视, URL: http://ali-m-l.cztv.com/channels/lantian/channel01/1080p.m3u8, From: subscribe, IPv_Type: ipv6, Location: 中国-广西-防城港, ISP: 电信, Date: None, Delay: 0.1 ms, Speed: inf M/s, Resolution: 1920x1080
Name: 浙江卫视, URL: https://stream1.freetv.fun/3bcf99d2946ccf8b6feabbc8298a4630913b805d5965a209a4d2de2ae9ffc79f.m3u8, From: subscribe, IPv_Type: ipv6, Location: 美国, ISP: CloudFlare Inc., Date: None, Delay: 0.1 ms, Speed: inf M/s, Resolution: 1920x1080
Name: 浙江卫视, URL: http://yc.myds.me:35455/itv/5000000004000007275.m3u8?cdn=bestzb, From: subscribe, IPv_Type: ipv6, Location: 中国, ISP: 中国电信, Date: None, Delay: 0.1 ms, Speed: inf M/s, Resolution: 1920x1080
Name: 浙江卫视, URL: http://nas.suntao.online:35455/itv/1000000001000014260.m3u8?cdn=ystenlive, From: subscribe, IPv_Type: ipv6, Location: 中国, ISP: 中国联通, Date: None, Delay: 0.1 ms, Speed: inf M/s, Resolution: 1920x1080
Name: 浙江卫视, URL: http://iptv.cdn.ha.chinamobile.com/PLTV/88888888/224/3221227202/index.m3u8, From: subscribe, IPv_Type: ipv6, Location: 中国, ISP: 中国移动, Date: None, Delay: 0.1 ms, Speed: inf M/s, Resolution: 1920x1080
Name: 浙江卫视, URL: http://lu.wqwqwq.sbs/itv/1000000005000265031.m3u8?cdn=ystenlive, From: subscribe, IPv_Type: ipv6, Location: 美国, ISP: CloudFlare Inc., Date: None, Delay: 0.1 ms, Speed: inf M/s, Resolution: 1920x1080
Name: 浙江卫视, URL: http://dbiptv.sn.chinamobile.com/PLTV/88888888/224/3221225798/1.m3u8, From: subscribe, IPv_Type: ipv6, Location: 中国, ISP: 中国移动, Date: None, Delay: 0.1 ms, Speed: inf M/s, Resolution: 1920x1080
Name: 浙江卫视, URL: http://hwrr.jx.chinamobile.com:8080/PLTV/88888888/224/3221225491/index.m3u8?fmt=ts2hls, From: subscribe, IPv_Type: ipv6, Location: 中国, ISP: 中国移动, Date: None, Delay: 0.1 ms, Speed: inf M/s, Resolution: 1920x1080
Name: 浙江卫视, URL: http://[2409:8087:2001:20:2800:0:df6e:eb10]:80/ott.mobaibox.com/PLTV/4/224/3221227491/index.m3u8, From: subscribe, IPv_Type: ipv6, Location: 中国, ISP: 中国移动, Date: None, Delay: 0.1 ms, Speed: inf M/s, Resolution: 1920x1080
Name: 浙江卫视, URL: http://[2409:8087:1e03:21::2]:6060/cms001/ch00000090990000001023/index.m3u8, From: subscribe, IPv_Type: ipv6, Location: 中国, ISP: 中国移动, Date: None, Delay: 0.1 ms, Speed: inf M/s, Resolution: 1920x1080
Name: 浙江卫视, URL: http://[2409:8087:3428:20:500::100f]:6610/PLTV/88888888/224/3221225870/index.m3u8?servicetype=1&IASHttpSessionId=RR423820220409134714119178, From: subscribe, IPv_Type: ipv6, Location: 中国, ISP: 中国移动, Date: None, Delay: 0.1 ms, Speed: inf M/s, Resolution: 1920x1080
Name: 浙江卫视, URL: http://[2409:8087:3428:20:500::1009]:6610/PLTV/88888888/224/3221225870/index.m3u8?servicetype=1&IASHttpSessionId=RR423820220409134714119178, From: subscribe, IPv_Type: ipv6, Location: 中国, ISP: 中国移动, Date: None, Delay: 0.1 ms, Speed: inf M/s, Resolution: 1920x1080
Name: 浙江卫视, URL: http://[2409:8087:2001:20:2800:0:df6e:eb11]/ott.mobaibox.com/PLTV/3/224/3221227491/index.m3u8, From: subscribe, IPv_Type: ipv6, Location: 中国, ISP: 中国移动, Date: None, Delay: 0.1 ms, Speed: inf M/s, Resolution: 1920x1080
Name: 浙江卫视, URL: http://[2409:8087:2001:20:2800:0:df6e:eb06]:80/wh7f454c46tw1549378093_1832251100/ott.mobaibox.com/PLTV/3/224/3221227215/index.m3u8?icpid=3&RTS=1674385959&from=40&popid=40&hms_devid=2036&prioritypopid=40&vqe=3, From: subscribe, IPv_Type: ipv6, Location: 中国, ISP: 中国移动, Date: None, Delay: 0.1 ms, Speed: inf M/s, Resolution: 1920x1080
Name: 浙江卫视, URL: http://[2409:8087:2001:20:2800:0:df6e:eb0c]:80/wh7f454c46tw2054729514_1244097787/ott.mobaibox.com/PLTV/3/224/3221227744/index.m3u8?icpid=3&RTS=1674386465&from=40&popid=40&hms_devid=2040&prioritypopid=40&vqe=3, From: subscribe, IPv_Type: ipv6, Location: 中国, ISP: 中国移动, Date: None, Delay: 0.1 ms, Speed: inf M/s, Resolution: 1920x1080
Name: 浙江卫视, URL: http://[2409:8087:2001:20:2800:0:df6e:eb02]:80/wh7f454c46tw206093655_-1531148960/ott.mobaibox.com/PLTV/3/224/3221227692/index.m3u8?icpid=3&RTS=1674380321&from=40&popid=40&hms_devid=2039&prioritypopid=40&vqe=3, From: subscribe, IPv_Type: ipv6, Location: 中国, ISP: 中国移动, Date: None, Delay: 0.1 ms, Speed: inf M/s, Resolution: 1920x1080
Name: 浙江卫视, URL: http://[2409:8087:2001:20:2800:0:df6e:eb0a]:80/wh7f454c46tw206230567_-371393331/ott.mobaibox.com/PLTV/3/224/3221228147/index.m3u8?icpid=3&RTS=1674380321&from=40&popid=40&hms_devid=2038&prioritypopid=40&vqe=3, From: subscribe, IPv_Type: ipv6, Location: 中国, ISP: 中国移动, Date: None, Delay: 0.1 ms, Speed: inf M/s, Resolution: 1920x1080
Name: 浙江卫视, URL: http://[2409:8087:1e03:21::42]:6610/cms001/ch00000090990000001023/index.m3u8, From: subscribe, IPv_Type: ipv6, Location: 中国, ISP: 中国移动, Date: None, Delay: 0.1 ms, Speed: inf M/s, Resolution: 1920x1080
Name: 浙江卫视, URL: http://[2409:8087:4c0a:22:1::11]:6410/170000001115/UmaiCHAN111130BESTVSMGSMG/index.m3u8?m3u8_level=2, From: subscribe, IPv_Type: ipv6, Location: 中国, ISP: 中国移动, Date: None, Delay: 0.1 ms, Speed: inf M/s, Resolution: 1920x1080
Name: 浙江卫视, URL: http://[2409:8087:5e01:34::38]:6610/ZTE_CMS/00000001000000060000000000000248/index.m3u8, From: subscribe, IPv_Type: ipv6, Location: 中国, ISP: 中国移动, Date: None, Delay: 0.1 ms, Speed: inf M/s, Resolution: 1920x1080
Name: 浙江卫视, URL: http://[2409:8087:5e00:24::1e]:6060/200000001898/460000089800010070/1.m3u8, From: subscribe, IPv_Type: ipv6, Location: 中国, ISP: 中国移动, Date: None, Delay: 0.1 ms, Speed: inf M/s, Resolution: 1920x1080
Name: 浙江卫视, URL: http://[2409:8087:5e00:24::1f]:6060/ZTE_CMS/00000001000000060000000000000248/index.m3u8, From: subscribe, IPv_Type: ipv6, Location: 中国, ISP: 中国移动, Date: None, Delay: 0.1 ms, Speed: inf M/s, Resolution: 1920x1080
Name: 浙江卫视, URL: http://[2409:8087:5e01:34::21]:6610/ZTE_CMS/00000001000000060000000000000248/index.m3u8?IAS, From: subscribe, IPv_Type: ipv6, Location: 中国, ISP: 中国移动, Date: None, Delay: 0.1 ms, Speed: inf M/s, Resolution: 1920x1080
Name: 浙江卫视, URL: http://[2409:8087:5e01:34::20]:6610/ZTE_CMS/00000001000000060000000000000248/index.m3u8?IAS, From: subscribe, IPv_Type: ipv6, Location: 中国, ISP: 中国移动, Date: None, Delay: 0.1 ms, Speed: inf M/s, Resolution: 1920x1080
Name: 浙江卫视, URL: http://[2409:8087:5e01:34::23]:6610/ZTE_CMS/00000001000000060000000000000248/index.m3u8?IAS, From: subscribe, IPv_Type: ipv6, Location: 中国, ISP: 中国移动, Date: None, Delay: 0.1 ms, Speed: inf M/s, Resolution: 1920x1080
Name: 浙江卫视, URL: http://[2409:8087:5e01:34::22]:6610/ZTE_CMS/00000001000000060000000000000248/index.m3u8?IAS, From: subscribe, IPv_Type: ipv6, Location: 中国, ISP: 中国移动, Date: None, Delay: 0.1 ms, Speed: inf M/s, Resolution: 1920x1080
Name: 浙江卫视, URL: http://[2409:8087:74f0:22::5]:6410/270000001128/9900000531/index.m3u8, From: subscribe, IPv_Type: ipv6, Location: 中国, ISP: 中国移动, Date: None, Delay: 0.1 ms, Speed: inf M/s, Resolution: 1920x1080
Name: 浙江卫视, URL: http://[2409:8087:1a01:df::7005]/ottrrs.hl.chinamobile.com/PLTV/88888888/224/3221226339/index.m3u8, From: subscribe, IPv_Type: ipv6, Location: 中国, ISP: 中国移动, Date: None, Delay: 0.1 ms, Speed: inf M/s, Resolution: 1920x1080
Name: 浙江卫视, URL: http://[2409:8087:74f0:22::4]:6410/270000001128/9900000531/index.m3u8, From: subscribe, IPv_Type: ipv6, Location: 中国, ISP: 中国移动, Date: None, Delay: 0.1 ms, Speed: inf M/s, Resolution: 1920x1080
Name: 浙江卫视, URL: http://[2409:8087:5e08:24::12]:6610/200000001898/460000089800010070/1.m3u8, From: subscribe, IPv_Type: ipv6, Location: 中国, ISP: 中国移动, Date: None, Delay: 0.1 ms, Speed: inf M/s, Resolution: 1920x1080
Name: 浙江卫视, URL: http://[2409:8087:8:21::18]:6610/otttv.bj.chinamobile.com/PLTV/88888888/224/3221226899/1.m3u8?GuardEncType=2&accountinfo=%7E%7EV2.0%7ETYfTgTra_pUx2cPrgZ_BDw%7EtP4-l0lmSfjwLWEfK_el1vH_mv-s1zo4AQJwdedaVwG9xkuFTDg8J26cwOrNJzn20BErrHdLhuZ9EzLUCD3PMW-OMx4MGteHV2vLeW6BqoY%2CEND, From: subscribe, IPv_Type: ipv6, Location: 中国, ISP: 中国移动, Date: None, Delay: -1 ms, Speed: 0.00 M/s, Resolution: None
Name: 浙江卫视, URL: http://[2409:8087:3869:8021:1001::e5]:6610/PLTV/88888910/224/3221225703/index.m3u8, From: subscribe, IPv_Type: ipv6, Location: 中国, ISP: 中国移动, Date: None, Delay: -1 ms, Speed: 0.00 M/s, Resolution: None
Name: 浙江卫视, URL: http://[2409:8087:1a15:10d1::36]/ottrrs.hl.chinamobile.com/PLTV/88888888/224/3221225612/index.m3u8, From: subscribe, IPv_Type: ipv6, Location: 中国, ISP: 中国移动, Date: None, Delay: -1 ms, Speed: 0.00 M/s, Resolution: None
Name: 浙江卫视, URL: http://[2409:8087:5e08:25::16]:6610/200000001898/460000089800010070/1.m3u8, From: subscribe, IPv_Type: ipv6, Location: 中国, ISP: 中国移动, Date: None, Delay: -1 ms, Speed: 0.00 M/s, Resolution: None
Name: 浙江卫视, URL: https://mursor.ottiptv.cc/mcp/zhejiang.m3u8, From: subscribe, IPv_Type: ipv6, Location: 美国, ISP: Oracle Corporation, Date: None, Delay: -1 ms, Speed: 0.00 M/s, Resolution: None
Name: 浙江卫视, URL: https://migu.188766.xyz/?migutoken=754bb07c57383fc11a0257f77bf54149&id=%E6%B5%99%E6%B1%9F%E5%8D%AB%E8%A7%86&pp=1, From: subscribe, IPv_Type: ipv6, Location: 美国, ISP: CloudFlare Inc., Date: None, Delay: -1 ms, Speed: 0.00 M/s, Resolution: None
Name: 浙江卫视, URL: https://cc06.tv12.xyz/117.m3u8, From: subscribe, IPv_Type: ipv6, Location: 美国, ISP: CloudFlare Inc., Date: None, Delay: -1 ms, Speed: 0.00 M/s, Resolution: None
Name: 浙江卫视, URL: https://iptv.catvod.com/live.php?id=%E6%B5%99%E6%B1%9F%E5%8D%AB%E8%A7%86, From: subscribe, IPv_Type: ipv6, Location: 美国, ISP: CloudFlare Inc., Date: None, Delay: -1 ms, Speed: 0.00 M/s, Resolution: None
Name: 浙江卫视, URL: http://hwltc.tv.cdn.zj.chinamobile.com/PLTV/88888888/224/3221236171/index.m3u8, From: subscribe, IPv_Type: ipv6, Location: 中国, ISP: 中国移动, Date: None, Delay: -1 ms, Speed: 0.00 M/s, Resolution: None
Name: 浙江卫视, URL: http://rrs01.hw.gmcc.net:8088/PLTV/81/224/3221226690/1.m3u8, From: subscribe, IPv_Type: ipv6, Location: 中国, ISP: 中国移动, Date: None, Delay: -1 ms, Speed: 0.00 M/s, Resolution: None
Name: 浙江卫视, URL: http://hwottcdn.ln.chinamobile.com/PLTV/11/224/3221226854/index.m3u8, From: subscribe, IPv_Type: ipv6, Location: 中国, ISP: 中国移动, Date: None, Delay: -1 ms, Speed: 0.00 M/s, Resolution: None
Name: 浙江卫视, URL: http://iptvrr.sh.chinamobile.com:6060/cms001/ch00000090990000001023/index.m3u8, From: subscribe, IPv_Type: ipv6, Location: 中国, ISP: 中国移动, Date: None, Delay: -1 ms, Speed: 0.00 M/s, Resolution: None
Name: 浙江卫视, URL: http://ott.mobaibox.com/PLTV/3/224/3221227491/index.m3u8, From: subscribe, IPv_Type: ipv6, Location: 中国, ISP: 中国移动, Date: None, Delay: -1 ms, Speed: 0.00 M/s, Resolution: None
Name: 浙江卫视, URL: http://tvgslb.hn.chinamobile.com:8089/180000001002/00000001000000000007000000001250/main.m3u8?stbid=, From: subscribe, IPv_Type: ipv6, Location: 中国, ISP: 中国移动, Date: None, Delay: -1 ms, Speed: 0.00 M/s, Resolution: None
Name: 浙江卫视, URL: http://k.061899.xyz/k.php?id=zjws, From: subscribe, IPv_Type: ipv6, Location: 新加坡, ISP: Aceville Pte.Ltd., Date: None, Delay: -1 ms, Speed: 0.00 M/s, Resolution: None
Name: 浙江卫视, URL: http://198.204.228.26/live/zjwshd.m3u8, From: subscribe, IPv_Type: ipv4, Location: 美国, ISP: , Date: None, Delay: 587 ms, Speed: 7.92 M/s, Resolution: 1920x1080
Name: 湖南卫视, URL: http://php.jdshipin.com/TVOD/hnyd.php?id=200000001898/460000089800010058, From: subscribe, IPv_Type: ipv6, Location: 美国, ISP: CloudFlare Inc., Date: None, Delay: 0.1 ms, Speed: inf M/s, Resolution: 1920x1080
Name: 湖南卫视, URL: http://z.b.bkpcp.top/m.php?id=hunws, From: subscribe, IPv_Type: ipv6, Location: 美国, ISP: CloudFlare Inc., Date: None, Delay: 0.1 ms, Speed: inf M/s, Resolution: 1920x1080
Name: 湖南卫视, URL: http://j.x.bkpcp.top/jx/HUNANHD, From: subscribe, IPv_Type: ipv6, Location: 美国, ISP: CloudFlare Inc., Date: None, Delay: 0.1 ms, Speed: inf M/s, Resolution: 1920x1080
Name: 湖南卫视, URL: http://iptv.huuc.edu.cn/hls/hunanhd.m3u8, From: subscribe, IPv_Type: ipv6, Location: 中国, ISP: 教育网, Date: None, Delay: 0.1 ms, Speed: inf M/s, Resolution: 1920x1080
Name: 湖南卫视, URL: http://dsj.motem.top:8880/bptv/10000100000000050000000003873458.m3u8, From: subscribe, IPv_Type: ipv6, Location: 美国, ISP: CloudFlare Inc., Date: None, Delay: 0.1 ms, Speed: inf M/s, Resolution: 1920x1080
Name: 湖南卫视, URL: http://[2409:8087:1a0a:df::404b]/ottrrs.hl.chinamobile.com/TVOD/88888888/224/3221225610/index.m3u8, From: subscribe, IPv_Type: ipv6, Location: 中国, ISP: 中国移动, Date: None, Delay: 0.1 ms, Speed: inf M/s, Resolution: 1920x1080
Name: 湖南卫视, URL: http://[2409:8087:8:21::18]:6610/otttv.bj.chinamobile.com/PLTV/88888888/224/3221226509/1.m3u8?zoneoffset=480&servicetype=1&icpid=&limitflux=-1&limitdur=-1&tenantId=8601&accountinfo=%7E%7EV2.0%7EIGb_ib7rnBX9_sANRKq9sg%7EpK8OKM5JoJWWbLRyLfPcUMkwWZ90MzSI9S9PDltJsYzd0ZGcS3Tkh7syciNKJa-w60mDOdwtDyoNwCx9aRgzHNH9AUREV_qvNJtXHRPzYw0%7EExtInfo9bj61dxzlMXrsixrqcFYPg%3D%3D%3A20221022013542%2C915973%2C119.123.71.209%2C20221022013542%2C10000100000000050000000003873458%2C915973%2C-1%2C0%2C1%2C%2C%2C2%2C%2C%2C%2C2%2C%2C10000100000000060000000007253514_0%2CEND&GuardEncType=2, From: subscribe, IPv_Type: ipv6, Location: 中国, ISP: 中国移动, Date: None, Delay: -1 ms, Speed: 0.00 M/s, Resolution: None
Name: 湖南卫视, URL: http://[2409:8087:1e03:21::42]:6610/cms001/ch00000090990000001026/index.m3u8, From: subscribe, IPv_Type: ipv6, Location: 中国, ISP: 中国移动, Date: None, Delay: 0.1 ms, Speed: inf M/s, Resolution: 1920x1080
Name: 湖南卫视, URL: http://[2409:8087:1e03:21::2]:6060/cms001/ch00000090990000001026/index.m3u8, From: subscribe, IPv_Type: ipv6, Location: 中国, ISP: 中国移动, Date: None, Delay: 0.1 ms, Speed: inf M/s, Resolution: 1920x1080
Name: 湖南卫视, URL: http://[2409:8087:4402:20:1:1216:401:3b]/iptv.cdn.ha.chinamobile.com/PLTV/88888888/224/3221226659/index.m3u8, From: subscribe, IPv_Type: ipv6, Location: 中国, ISP: 中国移动, Date: None, Delay: 0.1 ms, Speed: inf M/s, Resolution: 1920x1080
Name: 湖南卫视, URL: http://[2409:8087:3428:20:500::100f]:6610/PLTV/88888888/224/3221225827/index.m3u8?servicetype=1&IASHttpSessionId=RR423820220409134714119178, From: subscribe, IPv_Type: ipv6, Location: 中国, ISP: 中国移动, Date: None, Delay: 0.1 ms, Speed: inf M/s, Resolution: 1920x1080
Name: 湖南卫视, URL: http://[2409:8087:3428:20:500::1009]:6610/PLTV/88888888/224/3221225827/index.m3u8?servicetype=1&IASHttpSessionId=RR423820220409134714119178, From: subscribe, IPv_Type: ipv6, Location: 中国, ISP: 中国移动, Date: None, Delay: 0.1 ms, Speed: inf M/s, Resolution: 1920x1080
Name: 湖南卫视, URL: http://[2409:8087:2001:20:2800:0:df6e:eb16]:80/ott.mobaibox.com/PLTV/4/224/3221227482/index.m3u8, From: subscribe, IPv_Type: ipv6, Location: 中国, ISP: 中国移动, Date: None, Delay: 0.1 ms, Speed: inf M/s, Resolution: 1920x1080
Name: 湖南卫视, URL: http://yc.myds.me:35455/itv/5000000004000006692.m3u8?cdn=bestzb, From: subscribe, IPv_Type: ipv6, Location: 中国, ISP: 中国电信, Date: None, Delay: 0.1 ms, Speed: inf M/s, Resolution: 1920x1080
Name: 湖南卫视, URL: http://nas.suntao.online:35455/itv/5000000004000006692.m3u8?cdn=bestzb, From: subscribe, IPv_Type: ipv6, Location: 中国, ISP: 中国联通, Date: None, Delay: 0.1 ms, Speed: inf M/s, Resolution: 1920x1080
Name: 湖南卫视, URL: http://dbiptv.sn.chinamobile.com/PLTV/88888888/224/3221225799/1.m3u8, From: subscribe, IPv_Type: ipv6, Location: 中国, ISP: 中国移动, Date: None, Delay: 0.1 ms, Speed: inf M/s, Resolution: 1920x1080
Name: 湖南卫视, URL: https://stream1.freetv.fun/02b28f4fff585b935f49eea8a227955acd8b076ffd2832dd2d46031f3925c31a.m3u8, From: subscribe, IPv_Type: ipv6, Location: 美国, ISP: CloudFlare Inc., Date: None, Delay: 0.1 ms, Speed: inf M/s, Resolution: 1920x1080
Name: 湖南卫视, URL: http://hwrr.jx.chinamobile.com:8080/PLTV/88888888/224/3221225490/index.m3u8?fmt=ts2hls, From: subscribe, IPv_Type: ipv6, Location: 中国, ISP: 中国移动, Date: None, Delay: 0.1 ms, Speed: inf M/s, Resolution: 1920x1080
Name: 湖南卫视, URL: http://[2409:8087:2001:20:2800:0:df6e:eb04]:80/wh7f454c46tw2055394169_1305357411/ott.mobaibox.com/PLTV/3/224/3221227220/index.m3u8?icpid=3&RTS=1674386465&from=40&popid=40&hms_devid=2041&prioritypopid=40&vqe=3, From: subscribe, IPv_Type: ipv6, Location: 中国, ISP: 中国移动, Date: None, Delay: 0.1 ms, Speed: inf M/s, Resolution: 1920x1080
Name: 湖南卫视, URL: http://[2409:8087:2001:20:2800:0:df6e:eb0c]:80/wh7f454c46tw1752929778_1854170372/ott.mobaibox.com/PLTV/3/224/3221227735/index.m3u8?icpid=3&RTS=1674386163&from=40&popid=40&hms_devid=2040&prioritypopid=40&vqe=3, From: subscribe, IPv_Type: ipv6, Location: 中国, ISP: 中国移动, Date: None, Delay: 0.1 ms, Speed: inf M/s, Resolution: 1920x1080
Name: 湖南卫视, URL: http://[2409:8087:2001:20:2800:0:df6e:eb02]:80/wh7f454c46tw211198975_1777940059/ott.mobaibox.com/PLTV/3/224/3221227698/index.m3u8?icpid=3&RTS=1674380326&from=40&popid=40&hms_devid=2039&prioritypopid=40&vqe=3, From: subscribe, IPv_Type: ipv6, Location: 中国, ISP: 中国移动, Date: None, Delay: 0.1 ms, Speed: inf M/s, Resolution: 1920x1080
Name: 湖南卫视, URL: http://[2409:8087:5e01:34::38]:6610/ZTE_CMS/00000001000000060000000000000174/index.m3u8, From: subscribe, IPv_Type: ipv6, Location: 中国, ISP: 中国移动, Date: None, Delay: 0.1 ms, Speed: inf M/s, Resolution: 1920x1080
Name: 湖南卫视, URL: http://[2409:8087:5e00:24::1f]:6060/ZTE_CMS/00000001000000060000000000000174/index.m3u8, From: subscribe, IPv_Type: ipv6, Location: 中国, ISP: 中国移动, Date: None, Delay: 0.1 ms, Speed: inf M/s, Resolution: 1920x1080
Name: 湖南卫视, URL: http://[2409:8087:4c0a:22:1::11]:6410/170000001115/UmaiCHAN181358BESTVSMGSMG9/index.m3u8?m3u8_level=2, From: subscribe, IPv_Type: ipv6, Location: 中国, ISP: 中国移动, Date: None, Delay: 0.1 ms, Speed: inf M/s, Resolution: 1920x1080
Name: 湖南卫视, URL: http://[2409:8087:5e01:34::23]:6610/ZTE_CMS/00000001000000060000000000000482/index.m3u8?IAS, From: subscribe, IPv_Type: ipv6, Location: 中国, ISP: 中国移动, Date: None, Delay: 0.1 ms, Speed: inf M/s, Resolution: 1920x1080
Name: 湖南卫视, URL: http://[2409:8087:5e01:34::21]:6610/ZTE_CMS/00000001000000060000000000000174/index.m3u8?IAS, From: subscribe, IPv_Type: ipv6, Location: 中国, ISP: 中国移动, Date: None, Delay: 0.1 ms, Speed: inf M/s, Resolution: 1920x1080
Name: 湖南卫视, URL: http://[2409:8087:5e01:34::22]:6610/ZTE_CMS/00000001000000060000000000000174/index.m3u8?IAS, From: subscribe, IPv_Type: ipv6, Location: 中国, ISP: 中国移动, Date: None, Delay: 0.1 ms, Speed: inf M/s, Resolution: 1920x1080
Name: 湖南卫视, URL: http://[2409:8087:5e01:34::20]:6610/ZTE_CMS/00000001000000060000000000000174/index.m3u8?IAS, From: subscribe, IPv_Type: ipv6, Location: 中国, ISP: 中国移动, Date: None, Delay: 0.1 ms, Speed: inf M/s, Resolution: 1920x1080
Name: 湖南卫视, URL: http://lu.wqwqwq.sbs/itv/1000000005000265024.m3u8?cdn=ystenlive, From: subscribe, IPv_Type: ipv6, Location: 美国, ISP: CloudFlare Inc., Date: None, Delay: 0.1 ms, Speed: inf M/s, Resolution: 1920x1080
Name: 湖南卫视, URL: http://[2409:8087:74f0:22::5]:6410/270000001128/9900000523/index.m3u8, From: subscribe, IPv_Type: ipv6, Location: 中国, ISP: 中国移动, Date: None, Delay: 0.1 ms, Speed: inf M/s, Resolution: 1920x1080
Name: 湖南卫视, URL: http://[2409:8087:1a01:df::7005]/ottrrs.hl.chinamobile.com/PLTV/88888888/224/3221226307/index.m3u8, From: subscribe, IPv_Type: ipv6, Location: 中国, ISP: 中国移动, Date: None, Delay: 0.1 ms, Speed: inf M/s, Resolution: 1920x1080
Name: 湖南卫视, URL: http://[2409:8087:5e00:24::1e]:6060/200000001898/460000089800010058/1.m3u8, From: subscribe, IPv_Type: ipv6, Location: 中国, ISP: 中国移动, Date: None, Delay: 0.1 ms, Speed: inf M/s, Resolution: 1920x1080
Name: 湖南卫视, URL: http://[2409:8087:3869:8021:1001::e5]:6610/PLTV/88888910/224/3221225704/index.m3u8, From: subscribe, IPv_Type: ipv6, Location: 中国, ISP: 中国移动, Date: None, Delay: -1 ms, Speed: 0.00 M/s, Resolution: None
Name: 湖南卫视, URL: http://rrs01.hw.gmcc.net:8088/PLTV/81/224/3221226698/1.m3u8, From: subscribe, IPv_Type: ipv6, Location: 中国, ISP: 中国移动, Date: None, Delay: -1 ms, Speed: 0.00 M/s, Resolution: None
Name: 湖南卫视, URL: https://migu.188766.xyz/?migutoken=ec26188e91410ebeb44f54597d4eb02f&id=%E6%B9%96%E5%8D%97%E5%8D%AB%E8%A7%86&pp=1, From: subscribe, IPv_Type: ipv6, Location: 美国, ISP: CloudFlare Inc., Date: None, Delay: -1 ms, Speed: 0.00 M/s, Resolution: None
Name: 湖南卫视, URL: http://[2409:8087:1a15:10d1::35]/ottrrs.hl.chinamobile.com/PLTV/88888888/224/3221225610/index.m3u8, From: subscribe, IPv_Type: ipv6, Location: 中国, ISP: 中国移动, Date: None, Delay: -1 ms, Speed: 0.00 M/s, Resolution: None
Name: 湖南卫视, URL: http://[2409:8087:5e08:25::16]:6610/200000001898/460000089800010058/1.m3u8, From: subscribe, IPv_Type: ipv6, Location: 中国, ISP: 中国移动, Date: None, Delay: -1 ms, Speed: 0.00 M/s, Resolution: None
Name: 湖南卫视, URL: https://mursor.ottiptv.cc/mcp/hunan.m3u8, From: subscribe, IPv_Type: ipv6, Location: 美国, ISP: Oracle Corporation, Date: None, Delay: -1 ms, Speed: 0.00 M/s, Resolution: None
Name: 湖南卫视, URL: https://cc06.tv12.xyz/57.m3u8, From: subscribe, IPv_Type: ipv6, Location: 美国, ISP: CloudFlare Inc., Date: None, Delay: -1 ms, Speed: 0.00 M/s, Resolution: None
Name: 湖南卫视, URL: https://jzb.wwkejishe.top/?id=609, From: subscribe, IPv_Type: ipv6, Location: 美国, ISP: CloudFlare Inc., Date: None, Delay: -1 ms, Speed: 0.00 M/s, Resolution: None
Name: 湖南卫视, URL: https://iptv.catvod.com/live.php?id=%E6%B9%96%E5%8D%97%E5%8D%AB%E8%A7%86, From: subscribe, IPv_Type: ipv6, Location: 美国, ISP: CloudFlare Inc., Date: None, Delay: -1 ms, Speed: 0.00 M/s, Resolution: None
Name: 湖南卫视, URL: https://shyd.695847.xyz/cms001/ch00000090990000001026/index.m3u8?IASHttpSessionId=RR4967720251014100028031761&ispcode=12, From: subscribe, IPv_Type: ipv6, Location: 美国, ISP: CloudFlare Inc., Date: None, Delay: -1 ms, Speed: 0.00 M/s, Resolution: None
Name: 湖南卫视, URL: http://k.061899.xyz/k.php?id=hunws, From: subscribe, IPv_Type: ipv6, Location: 新加坡, ISP: Aceville Pte.Ltd., Date: None, Delay: -1 ms, Speed: 0.00 M/s, Resolution: None
Name: 湖南卫视, URL: http://hwltc.tv.cdn.zj.chinamobile.com/PLTV/88888888/224/3221236225/index.m3u8, From: subscribe, IPv_Type: ipv6, Location: 中国, ISP: 中国移动, Date: None, Delay: -1 ms, Speed: 0.00 M/s, Resolution: None
Name: 湖南卫视, URL: http://hwottcdn.ln.chinamobile.com/PLTV/11/224/3221226144/index.m3u8, From: subscribe, IPv_Type: ipv6, Location: 中国, ISP: 中国移动, Date: None, Delay: -1 ms, Speed: 0.00 M/s, Resolution: None
Name: 湖南卫视, URL: http://iptvrr.sh.chinamobile.com:6060/cms001/ch00000090990000001026/index.m3u8, From: subscribe, IPv_Type: ipv6, Location: 中国, ISP: 中国移动, Date: None, Delay: -1 ms, Speed: 0.00 M/s, Resolution: None
Name: 湖南卫视, URL: http://ott.mobaibox.com/PLTV/3/224/3221227482/index.m3u8, From: subscribe, IPv_Type: ipv6, Location: 中国, ISP: 中国移动, Date: None, Delay: -1 ms, Speed: 0.00 M/s, Resolution: None
Name: 湖南卫视, URL: http://tvgslb.hn.chinamobile.com:8089/180000001002/00000001000000000099000000193885/main.m3u8?stbid=, From: subscribe, IPv_Type: ipv6, Location: 中国, ISP: 中国移动, Date: None, Delay: -1 ms, Speed: 0.00 M/s, Resolution: None
Name: 湖南卫视, URL: https://t.freetv.fun/live/hu-nan-wei-shi-13.m3u8, From: subscribe, IPv_Type: ipv6, Location: 美国, ISP: CloudFlare Inc., Date: None, Delay: -1 ms, Speed: 0.00 M/s, Resolution: None
Name: 湖南卫视, URL: https://hlsbkmgsplive.miguvideo.com/wd-hunanhd-2500/01.m3u8?&HlsSubType=&encrypt=, From: subscribe, IPv_Type: ipv6, Location: 中国, ISP: 中国移动, Date: None, Delay: -1 ms, Speed: 0.00 M/s, Resolution: None
Name: 湖南卫视, URL: http://satellitepull.cnr.cn/live/wx32hunws/playlist.m3u8, From: subscribe, IPv_Type: ipv4, Location: 美国-伊利诺伊州-库克, ISP: 网宿CDN节点, Date: None, Delay: 18 ms, Speed: 5.21 M/s, Resolution: None
Name: 湖南卫视, URL: http://223.75.149.129:9906/tsfile/live/0128_1.m3u8?key=txiptv, From: subscribe, IPv_Type: ipv4, Location: 中国-湖北, ISP: 移动, Date: None, Delay: 10795 ms, Speed: 0.25 M/s, Resolution: None
Name: 北京卫视, URL: http://php.jdshipin.com/TVOD/hnyd.php?id=200000001898/460000089800010143, From: subscribe, IPv_Type: ipv6, Location: 美国, ISP: CloudFlare Inc., Date: None, Delay: 0.1 ms, Speed: inf M/s, Resolution: 1920x1080
Name: 北京卫视, URL: http://z.b.bkpcp.top/m.php?id=bjws, From: subscribe, IPv_Type: ipv6, Location: 美国, ISP: CloudFlare Inc., Date: None, Delay: 0.1 ms, Speed: inf M/s, Resolution: 1920x1080
Name: 北京卫视, URL: http://j.x.bkpcp.top/jx/BEIJHD, From: subscribe, IPv_Type: ipv6, Location: 美国, ISP: CloudFlare Inc., Date: None, Delay: 0.1 ms, Speed: inf M/s, Resolution: 1920x1080
Name: 北京卫视, URL: http://[2409:8087:1:20:20::2c]/otttv.bj.chinamobile.com/PLTV/88888888/224/3221226436/1.m3u8?GuardEncType=2&accountinfo=%7E%7EV2.0%7ElMQ3ov45VmhzipweN5VstQ%7E_eNUbgU9sJGUcVVduOMKhafLvQUgE_zlz_7pvDimJNPg_yZ8DZHTaSU92MIl_o3b%2CEND, From: subscribe, IPv_Type: ipv6, Location: 中国, ISP: 中国移动, Date: None, Delay: 0.1 ms, Speed: inf M/s, Resolution: 1920x1080
Name: 北京卫视, URL: http://iptv.huuc.edu.cn/hls/btv1hd.m3u8, From: subscribe, IPv_Type: ipv6, Location: 中国, ISP: 教育网, Date: None, Delay: 0.1 ms, Speed: inf M/s, Resolution: 1920x1080
Name: 北京卫视, URL: https://smart.pendy.dpdns.org/Smart.php?id=beijing, From: subscribe, IPv_Type: ipv6, Location: 美国, ISP: CloudFlare Inc., Date: None, Delay: 0.1 ms, Speed: inf M/s, Resolution: 1920x1080
Name: 北京卫视, URL: http://dsj.motem.top:8880/bptv/10000100000000050000000003870776.m3u8, From: subscribe, IPv_Type: ipv6, Location: 美国, ISP: CloudFlare Inc., Date: None, Delay: 0.1 ms, Speed: inf M/s, Resolution: 1920x1080
Name: 北京卫视, URL: http://[2409:8087:1a0a:df::404b]/ottrrs.hl.chinamobile.com/TVOD/88888888/224/3221226450/index.m3u8, From: subscribe, IPv_Type: ipv6, Location: 中国, ISP: 中国移动, Date: None, Delay: 0.1 ms, Speed: inf M/s, Resolution: 1920x1080
Name: 北京卫视, URL: http://[2409:8087:1a01:df::4077]/ottrrs.hl.chinamobile.com/PLTV/88888888/8/3221226450/index.m3u8, From: subscribe, IPv_Type: ipv6, Location: 中国, ISP: 中国移动, Date: None, Delay: 0.1 ms, Speed: inf M/s, Resolution: 1920x1080
Name: 北京卫视, URL: http://iptv.cdn.ha.chinamobile.com/PLTV/88888888/224/3221227179/index.m3u8, From: subscribe, IPv_Type: ipv6, Location: 中国, ISP: 中国移动, Date: None, Delay: 0.1 ms, Speed: inf M/s, Resolution: 1920x1080
Name: 北京卫视, URL: http://yc.myds.me:35455/itv/6000000001000020451.m3u8?cdn=wasusyt, From: subscribe, IPv_Type: ipv6, Location: 中国, ISP: 中国电信, Date: None, Delay: 0.1 ms, Speed: inf M/s, Resolution: 1920x1080
Name: 北京卫视, URL: http://nas.suntao.online:35455/itv/6000000001000020451.m3u8?cdn=wasusyt, From: subscribe, IPv_Type: ipv6, Location: 中国, ISP: 中国联通, Date: None, Delay: 0.1 ms, Speed: inf M/s, Resolution: 1920x1080
Name: 北京卫视, URL: https://stream1.freetv.fun/786bf920787f92216b3f39c74879c122dbb5dfe0f0d4082b5f43fdf3c8a75474.m3u8, From: subscribe, IPv_Type: ipv6, Location: 美国, ISP: CloudFlare Inc., Date: None, Delay: 0.1 ms, Speed: inf M/s, Resolution: 1920x1080
Name: 北京卫视, URL: http://lu.wqwqwq.sbs/itv/1000000005000265027.m3u8?cdn=ystenlive, From: subscribe, IPv_Type: ipv6, Location: 美国, ISP: CloudFlare Inc., Date: None, Delay: 0.1 ms, Speed: inf M/s, Resolution: 1920x1080
Name: 北京卫视, URL: http://dbiptv.sn.chinamobile.com/PLTV/88888888/224/3221225796/1.m3u8, From: subscribe, IPv_Type: ipv6, Location: 中国, ISP: 中国移动, Date: None, Delay: 0.1 ms, Speed: inf M/s, Resolution: 1920x1080
Name: 北京卫视, URL: http://cdn.jdshipin.com:8880/ysp.php?id=bjws, From: subscribe, IPv_Type: ipv6, Location: 美国, ISP: CloudFlare Inc., Date: None, Delay: 0.1 ms, Speed: inf M/s, Resolution: 1920x1080
Name: 北京卫视, URL: http://hwrr.jx.chinamobile.com:8080/PLTV/88888888/224/3221225600/index.m3u8?fmt=ts2hls, From: subscribe, IPv_Type: ipv6, Location: 中国, ISP: 中国移动, Date: None, Delay: 0.1 ms, Speed: inf M/s, Resolution: 1920x1080
Name: 北京卫视, URL: http://[2409:8087:2001:20:2800:0:df6e:eb0b]/wh7f454c46tw2687876293_-1703018199/ott.mobaibox.com/PLTV/3/224/3221227508/index.m3u8?icpid=3&RTS=1668597482&from=40&popid=40&hms_devid=2038&prioritypopid=40&vqe=3, From: subscribe, IPv_Type: ipv6, Location: 中国, ISP: 中国移动, Date: None, Delay: 0.1 ms, Speed: inf M/s, Resolution: 1920x1080
Name: 北京卫视, URL: http://[2409:8087:2001:20:2800:0:df6e:eb12]:80/ott.mobaibox.com/PLTV/4/224/3221228115/index.m3u8, From: subscribe, IPv_Type: ipv6, Location: 中国, ISP: 中国移动, Date: None, Delay: 0.1 ms, Speed: inf M/s, Resolution: 1920x1080
Name: 北京卫视, URL: http://[2409:8087:3428:20:500::100f]:6610/PLTV/88888888/224/3221225826/index.m3u8?servicetype=1&IASHttpSessionId=RR423820220409134714119178, From: subscribe, IPv_Type: ipv6, Location: 中国, ISP: 中国移动, Date: None, Delay: 0.1 ms, Speed: inf M/s, Resolution: 1920x1080
Name: 北京卫视, URL: http://[2409:8087:3428:20:500::1009]:6610/PLTV/88888888/224/3221225826/index.m3u8?servicetype=1&IASHttpSessionId=RR423820220409134714119178, From: subscribe, IPv_Type: ipv6, Location: 中国, ISP: 中国移动, Date: None, Delay: 0.1 ms, Speed: inf M/s, Resolution: 1920x1080
Name: 北京卫视, URL: http://[2409:8087:2001:20:2800:0:df6e:eb07]:80/wh7f454c46tw2053622677_1535084124/ott.mobaibox.com/PLTV/3/224/3221227246/index.m3u8?icpid=3&RTS=1674386464&from=40&popid=40&hms_devid=2036&prioritypopid=40&vqe=3, From: subscribe, IPv_Type: ipv6, Location: 中国, ISP: 中国移动, Date: None, Delay: 0.1 ms, Speed: inf M/s, Resolution: 1920x1080
Name: 北京卫视, URL: http://[2409:8087:2001:20:2800:0:df6e:eb03]:80/wh7f454c46tw1747628339_39925349/ott.mobaibox.com/PLTV/3/224/3221227694/index.m3u8?icpid=3&RTS=1674386158&from=40&popid=40&hms_devid=2039&prioritypopid=40&vqe=3, From: subscribe, IPv_Type: ipv6, Location: 中国, ISP: 中国移动, Date: None, Delay: 0.1 ms, Speed: inf M/s, Resolution: 1920x1080
Name: 北京卫视, URL: http://[2409:8087:1e03:21::42]:6610/cms001/ch00000090990000001029/index.m3u8, From: subscribe, IPv_Type: ipv6, Location: 中国, ISP: 中国移动, Date: None, Delay: 0.1 ms, Speed: inf M/s, Resolution: 1920x1080
Name: 北京卫视, URL: http://[2409:8087:5e01:34::38]:6610/ZTE_CMS/00000001000000060000000000000173/index.m3u8, From: subscribe, IPv_Type: ipv6, Location: 中国, ISP: 中国移动, Date: None, Delay: 0.1 ms, Speed: inf M/s, Resolution: 1920x1080
Name: 北京卫视, URL: http://[2409:8087:4c0a:22:1::11]:6410/170000001115/UmaiCHAN181361BESTVSMGSMG/index.m3u8?m3u8_level=2, From: subscribe, IPv_Type: ipv6, Location: 中国, ISP: 中国移动, Date: None, Delay: 0.1 ms, Speed: inf M/s, Resolution: 1920x1080
Name: 北京卫视, URL: http://[2409:8087:5e01:34::22]:6610/ZTE_CMS/00000001000000060000000000000173/index.m3u8?IAS, From: subscribe, IPv_Type: ipv6, Location: 中国, ISP: 中国移动, Date: None, Delay: 0.1 ms, Speed: inf M/s, Resolution: 1920x1080
Name: 北京卫视, URL: http://[2409:8087:5e00:24::1f]:6060/ZTE_CMS/00000001000000060000000000000173/index.m3u8, From: subscribe, IPv_Type: ipv6, Location: 中国, ISP: 中国移动, Date: None, Delay: 0.1 ms, Speed: inf M/s, Resolution: 1920x1080
Name: 北京卫视, URL: http://[2409:8087:5e01:34::23]:6610/ZTE_CMS/00000001000000060000000000000173/index.m3u8?IAS, From: subscribe, IPv_Type: ipv6, Location: 中国, ISP: 中国移动, Date: None, Delay: 0.1 ms, Speed: inf M/s, Resolution: 1920x1080
Name: 北京卫视, URL: http://[2409:8087:5e01:34::20]:6610/ZTE_CMS/00000001000000060000000000000173/index.m3u8?IAS, From: subscribe, IPv_Type: ipv6, Location: 中国, ISP: 中国移动, Date: None, Delay: 0.1 ms, Speed: inf M/s, Resolution: 1920x1080
Name: 北京卫视, URL: http://[2409:8087:5e01:34::21]:6610/ZTE_CMS/00000001000000060000000000000173/index.m3u8?IAS, From: subscribe, IPv_Type: ipv6, Location: 中国, ISP: 中国移动, Date: None, Delay: 0.1 ms, Speed: inf M/s, Resolution: 1920x1080
Name: 北京卫视, URL: http://[2409:8087:1e03:21::2]:6060/cms001/ch00000090990000001029/index.m3u8, From: subscribe, IPv_Type: ipv6, Location: 中国, ISP: 中国移动, Date: None, Delay: 0.1 ms, Speed: inf M/s, Resolution: 1920x1080
Name: 北京卫视, URL: http://[2409:8087:5e00:24::1e]:6060/200000001898/460000089800010143/1.m3u8, From: subscribe, IPv_Type: ipv6, Location: 中国, ISP: 中国移动, Date: None, Delay: 0.1 ms, Speed: inf M/s, Resolution: 1920x1080
Name: 北京卫视, URL: http://[2409:8087:74f0:22::6]:6410/270000001128/9900000516/index.m3u8, From: subscribe, IPv_Type: ipv6, Location: 中国, ISP: 中国移动, Date: None, Delay: 0.1 ms, Speed: inf M/s, Resolution: 1920x1080
Name: 北京卫视, URL: http://[2409:8087:1a01:df::7005]/ottrrs.hl.chinamobile.com/PLTV/88888888/224/3221226450/index.m3u8, From: subscribe, IPv_Type: ipv6, Location: 中国, ISP: 中国移动, Date: None, Delay: 0.1 ms, Speed: inf M/s, Resolution: 1920x1080
Name: 北京卫视, URL: http://[2409:8087:3869:8021:1001::e5]:6610/PLTV/88888910/224/3221225674/index.m3u8, From: subscribe, IPv_Type: ipv6, Location: 中国, ISP: 中国移动, Date: None, Delay: -1 ms, Speed: 0.00 M/s, Resolution: None
Name: 北京卫视, URL: http://[2409:8087:8:21::18]:6610/otttv.bj.chinamobile.com/PLTV/88888888/224/3221226900/1.m3u8?GuardEncType=2&accountinfo=%7E%7EV2.0%7EcYPi33WFyhvd6SjmqUKhJg%7EtP4-l0lmSfjwLWEfK_el1vH_mv-s1zo4AQJwdedaVwG9xkuFTDg8J26cwOrNJzn20BErrHdLhuZ9EzLUCD3PMW-OMx4MGteHV2vLeW6BqoY%2CEND, From: subscribe, IPv_Type: ipv6, Location: 中国, ISP: 中国移动, Date: None, Delay: -1 ms, Speed: 0.00 M/s, Resolution: None
Name: 北京卫视, URL: http://rrs01.hw.gmcc.net:8088/PLTV/81/224/3221226719/1.m3u8, From: subscribe, IPv_Type: ipv6, Location: 中国, ISP: 中国移动, Date: None, Delay: -1 ms, Speed: 0.00 M/s, Resolution: None
Name: 北京卫视, URL: http://lml1971.cn:35455/gptv/G_BEIJING-4K.m3u8, From: subscribe, IPv_Type: ipv6, Location: 中国, ISP: 中国移动, Date: None, Delay: -1 ms, Speed: 0.00 M/s, Resolution: None
Name: 北京卫视, URL: http://[2409:8087:1a15:10d1::38]/ottrrs.hl.chinamobile.com/PLTV/88888888/224/3221225728/index.m3u8, From: subscribe, IPv_Type: ipv6, Location: 中国, ISP: 中国移动, Date: None, Delay: -1 ms, Speed: 0.00 M/s, Resolution: None
Name: 北京卫视, URL: http://[2409:8087:5e08:25::16]:6610/200000001898/460000089800010143/1.m3u8, From: subscribe, IPv_Type: ipv6, Location: 中国, ISP: 中国移动, Date: None, Delay: -1 ms, Speed: 0.00 M/s, Resolution: None
Name: 北京卫视, URL: https://mursor.ottiptv.cc/mcp/beijing.m3u8, From: subscribe, IPv_Type: ipv6, Location: 美国, ISP: Oracle Corporation, Date: None, Delay: -1 ms, Speed: 0.00 M/s, Resolution: None
Name: 北京卫视, URL: https://migu.188766.xyz/?migutoken=65c84621087220797980fa9982c3f8b5&id=%E5%8C%97%E4%BA%AC%E5%8D%AB%E8%A7%86&type=yy, From: subscribe, IPv_Type: ipv6, Location: 美国, ISP: CloudFlare Inc., Date: None, Delay: -1 ms, Speed: 0.00 M/s, Resolution: None
Name: 北京卫视, URL: http://cc02.tv12.xyz/1.m3u8, From: subscribe, IPv_Type: ipv6, Location: 美国, ISP: CloudFlare Inc., Date: None, Delay: -1 ms, Speed: 0.00 M/s, Resolution: None
Name: 北京卫视, URL: https://cc06.tv12.xyz/27.m3u8, From: subscribe, IPv_Type: ipv6, Location: 美国, ISP: CloudFlare Inc., Date: None, Delay: -1 ms, Speed: 0.00 M/s, Resolution: None
Name: 北京卫视, URL: https://jzb.wwkejishe.top/?id=608, From: subscribe, IPv_Type: ipv6, Location: 美国, ISP: CloudFlare Inc., Date: None, Delay: -1 ms, Speed: 0.00 M/s, Resolution: None
Name: 北京卫视, URL: https://shyd.695847.xyz/cms001/ch00000090990000001029/index.m3u8?IASHttpSessionId=RR4967720251014100028031761&ispcode=12, From: subscribe, IPv_Type: ipv6, Location: 美国, ISP: CloudFlare Inc., Date: None, Delay: -1 ms, Speed: 0.00 M/s, Resolution: None
Name: 北京卫视, URL: https://iptv.catvod.com/live.php?id=%E5%8C%97%E4%BA%AC%E5%8D%AB%E8%A7%86, From: subscribe, IPv_Type: ipv6, Location: 美国, ISP: CloudFlare Inc., Date: None, Delay: -1 ms, Speed: 0.00 M/s, Resolution: None
Name: 北京卫视, URL: http://gslbmgsplive.miguvideo.com/migu/kailu/bjws/50/20251127/index.m3u8?msisdn=20251210080245610b6fe4710e4447b30c11ed1fd0be88&mdspid=&spid=600697&netType=0&sid=5910022306&pid=2028597139&timestamp=20251210080245&Channel_ID=0116_2600037000-99000-200300220100002&ProgramID=630287636&ParentNodeID=-99&assertID=5910022306&client_ip=218.28.233.106&SecurityKey=20251210080245&promotionId=&mvid=5101042960&mcid=500020&playurlVersion=WX-A1-8.11.2-RELEASE&userid=&jmhm=&videocodec=h264&appCode=miguvideo_android&bean=mgspad&tid=android&conFee=0&puData=9dc08d0baae3844c18e558567846201a&ddCalcu=a91dv0ca20w68a4d807b6a5a8e5358e4841c&sv=10004&ct=android, From: subscribe, IPv_Type: ipv6, Location: 中国, ISP: 中国移动, Date: None, Delay: -1 ms, Speed: 0.00 M/s, Resolution: None
Name: 北京卫视, URL: https://tv.iill.top/migu/bjws&token=cc939526aed05a9c3f42c88c61fb8cb76c2acee2ebd65691e243451029eb7b84, From: subscribe, IPv_Type: ipv6, Location: 美国, ISP: CloudFlare Inc., Date: None, Delay: -1 ms, Speed: 0.00 M/s, Resolution: None
Name: 北京卫视, URL: http://ott.mobaibox.com/PLTV/4/224/3221227896/index.m3u8, From: subscribe, IPv_Type: ipv6, Location: 中国, ISP: 中国移动, Date: None, Delay: -1 ms, Speed: 0.00 M/s, Resolution: None
Name: 北京卫视, URL: http://tvgslb.hn.chinamobile.com:8089/180000001002/00000000000000020000000000182564/main.m3u8?stbid=, From: subscribe, IPv_Type: ipv6, Location: 中国, ISP: 中国移动, Date: None, Delay: -1 ms, Speed: 0.00 M/s, Resolution: None
Name: 北京卫视, URL: http://hwltc.tv.cdn.zj.chinamobile.com/PLTV/88888888/224/3221236241/index.m3u8, From: subscribe, IPv_Type: ipv6, Location: 中国, ISP: 中国移动, Date: None, Delay: -1 ms, Speed: 0.00 M/s, Resolution: None
Name: 北京卫视, URL: http://hwottcdn.ln.chinamobile.com/PLTV/11/224/3221226185/index.m3u8, From: subscribe, IPv_Type: ipv6, Location: 中国, ISP: 中国移动, Date: None, Delay: -1 ms, Speed: 0.00 M/s, Resolution: None
Name: 北京卫视, URL: http://iptvrr.sh.chinamobile.com:6060/cms001/ch00000090990000001029/index.m3u8, From: subscribe, IPv_Type: ipv6, Location: 中国, ISP: 中国移动, Date: None, Delay: -1 ms, Speed: 0.00 M/s, Resolution: None
Name: 北京卫视, URL: http://k.061899.xyz/k.php?id=bjws, From: subscribe, IPv_Type: ipv6, Location: 新加坡, ISP: Aceville Pte.Ltd., Date: None, Delay: -1 ms, Speed: 0.00 M/s, Resolution: None
Name: 北京卫视, URL: http://mgsp-hs2.live.miguvideo.com:8088/migu/kailu/bjws/51/20251127/index.m3u8?msisdn=e55e9ee71b42d2d7008a152c069625e3&mdspid=&spid=600697&netType=0&sid=5910022306&pid=2028597139&timestamp=20260216080224&Channel_ID=0116_2600034600-99000-201600010010028&ProgramID=630287636&ParentNodeID=-99&assertID=5910022306&client_ip=218.28.233.106&SecurityKey=20260216080224&promotionId=&mvid=5101042960&mcid=500020&playurlVersion=WX-A1-9.2.1-RELEASE&userid=&jmhm=&videocodec=h264&appCode=miguvideo_android&bean=mgspad&tid=android&conFee=0&encrypt=54014c9d2b4025227521328430948420&sv=10004&ct=android, From: subscribe, IPv_Type: ipv6, Location: 中国, ISP: 中国移动, Date: None, Delay: -1 ms, Speed: 0.00 M/s, Resolution: None
Name: 北京卫视, URL: http://mgsp-yx2.live.miguvideo.com:8088/migu/kailu/bjws/51/20251127/index.m3u8?msisdn=e55e9ee71b42d2d7008a152c069625e3&mdspid=&spid=600697&netType=0&sid=5910022306&pid=2028597139&timestamp=20260217084018&Channel_ID=0116_2600034600-99000-201600010010028&ProgramID=630287636&ParentNodeID=-99&assertID=5910022306&client_ip=218.28.233.106&SecurityKey=20260217084018&promotionId=&mvid=5101042960&mcid=500020&playurlVersion=WX-A1-9.2.1-RELEASE&userid=&jmhm=&videocodec=h264&appCode=miguvideo_android&bean=mgspad&tid=android&conFee=0&encrypt=aba8873a356778f7d835b802b59bc90c&sv=10004&ct=android, From: subscribe, IPv_Type: ipv6, Location: 中国, ISP: 中国电信, Date: None, Delay: -1 ms, Speed: 0.00 M/s, Resolution: None
Name: 北京卫视, URL: http://mgsp-zy2.live.miguvideo.com:8088/migu/kailu/bjws/51/20251127/index.m3u8?msisdn=2be6b2ec9fcf10d2c2457e2c710e172c&mdspid=&spid=600697&netType=0&sid=5910022306&pid=2028597139&timestamp=20260226080224&Channel_ID=0116_2600034600-99000-201600010010028&ProgramID=630287636&ParentNodeID=-99&assertID=5910022306&client_ip=218.28.233.106&SecurityKey=20260226080224&promotionId=&mvid=5101042960&mcid=500020&playurlVersion=WX-A1-9.2.1-RELEASE&userid=&jmhm=&videocodec=h264&appCode=miguvideo_android&bean=mgspad&tid=android&conFee=0&encrypt=344ee0d23ce5e75106484906bdf9806a&sv=10004&ct=android, From: subscribe, IPv_Type: ipv6, Location: 中国, ISP: 中国电信, Date: None, Delay: -1 ms, Speed: 0.00 M/s, Resolution: None
Name: 北京卫视, URL: https://t.freetv.fun/live/bei-jing-wei-shi-8.php, From: subscribe, IPv_Type: ipv6, Location: 美国, ISP: CloudFlare Inc., Date: None, Delay: -1 ms, Speed: 0.00 M/s, Resolution: None
Name: 北京卫视, URL: https://v.iill.top/api/bjws/index.m3u8, From: subscribe, IPv_Type: ipv6, Location: 美国, ISP: CloudFlare Inc., Date: None, Delay: -1 ms, Speed: 0.00 M/s, Resolution: None
Name: 北京卫视, URL: http://satellitepull.cnr.cn/live/wxbtv/playlist.m3u8, From: subscribe, IPv_Type: ipv4, Location: 美国-德克萨斯州-达拉斯, ISP: 网宿科技CDN节点, Date: None, Delay: 20 ms, Speed: 5.10 M/s, Resolution: None
Name: 湖北卫视, URL: http://php.jdshipin.com/TVOD/hnyd.php?id=200000001898/460000089800010057, From: subscribe, IPv_Type: ipv6, Location: 美国, ISP: CloudFlare Inc., Date: None, Delay: 0.1 ms, Speed: inf M/s, Resolution: 1920x1080
Name: 湖北卫视, URL: http://z.b.bkpcp.top/m.php?id=hubws, From: subscribe, IPv_Type: ipv6, Location: 美国, ISP: CloudFlare Inc., Date: None, Delay: 0.1 ms, Speed: inf M/s, Resolution: 1920x1080
Name: 湖北卫视, URL: http://j.x.bkpcp.top/jx/HUBEIHD, From: subscribe, IPv_Type: ipv6, Location: 美国, ISP: CloudFlare Inc., Date: None, Delay: 0.1 ms, Speed: inf M/s, Resolution: 1920x1080
Name: 湖北卫视, URL: http://goo.bkpcp.top/mg/hubws, From: subscribe, IPv_Type: ipv6, Location: 美国, ISP: CloudFlare Inc., Date: None, Delay: 0.1 ms, Speed: inf M/s, Resolution: 1920x1080
Name: 湖北卫视, URL: http://iptv.huuc.edu.cn/hls/hbhd.m3u8, From: subscribe, IPv_Type: ipv6, Location: 中国, ISP: 教育网, Date: None, Delay: 0.1 ms, Speed: inf M/s, Resolution: 1920x1080
Name: 湖北卫视, URL: https://www.freetv.top/migu/738906825.m3u8?migutoken=959fce041a0fecbe0bdf2b300a4d13c986661650b877856aabade568eaf9f549143a65c212325030ca99ac119635c6c4daa7c93ba8863508e6aeef100965a31ae4a8152b02337aea453f42988d, From: subscribe, IPv_Type: ipv6, Location: 美国-加利福尼亚州-圣克拉拉, ISP: DigitalOcean, Date: None, Delay: 0.1 ms, Speed: inf M/s, Resolution: 1920x1080
Name: 湖北卫视, URL: https://smart.pendy.dpdns.org/Smart.php?id=hubei, From: subscribe, IPv_Type: ipv6, Location: 美国, ISP: CloudFlare Inc., Date: None, Delay: 0.1 ms, Speed: inf M/s, Resolution: 1920x1080
Name: 湖北卫视, URL: http://dsj.motem.top:8880/bptv/10000100000000050000000003873465.m3u8, From: subscribe, IPv_Type: ipv6, Location: 美国, ISP: CloudFlare Inc., Date: None, Delay: 0.1 ms, Speed: inf M/s, Resolution: 1920x1080
Name: 湖北卫视, URL: http://[2409:8087:1a01:df::4077]/ottrrs.hl.chinamobile.com/PLTV/88888888/8/3221226501/index.m3u8, From: subscribe, IPv_Type: ipv6, Location: 中国, ISP: 中国移动, Date: None, Delay: 0.1 ms, Speed: inf M/s, Resolution: 1920x1080
Name: 湖北卫视, URL: http://[2409:8087:8:21::18]:6610/otttv.bj.chinamobile.com/PLTV/88888888/224/3221226952/1.m3u8?GuardEncType=2&accountinfo=%7E%7EV2.0%7EREB40lnZnCEwjRy7LZuhIQ%7EtP4-l0lmSfjwLWEfK_el1vH_mv-s1zo4AQJwdedaVwG9xkuFTDg8J26cwOrNJzn20BErrHdLhuZ9EzLUCD3PMW-OMx4MGteHV2vLeW6BqoY%2CEND, From: subscribe, IPv_Type: ipv6, Location: 中国, ISP: 中国移动, Date: None, Delay: -1 ms, Speed: 0.00 M/s, Resolution: None
Name: 湖北卫视, URL: http://[2409:8087:1a0a:df::404b]/ottrrs.hl.chinamobile.com/TVOD/88888888/224/3221226477/index.m3u8, From: subscribe, IPv_Type: ipv6, Location: 中国, ISP: 中国移动, Date: None, Delay: 0.1 ms, Speed: inf M/s, Resolution: 1920x1080
Name: 湖北卫视, URL: http://yc.myds.me:35455/itv/6000000001000015436.m3u8?cdn=wasusyt, From: subscribe, IPv_Type: ipv6, Location: 中国, ISP: 中国电信, Date: None, Delay: 0.1 ms, Speed: inf M/s, Resolution: 1920x1080
Name: 湖北卫视, URL: http://nas.suntao.online:35455/itv/1000000001000024621.m3u8?cdn=ystenlive, From: subscribe, IPv_Type: ipv6, Location: 中国, ISP: 中国联通, Date: None, Delay: 0.1 ms, Speed: inf M/s, Resolution: 1920x1080
Name: 湖北卫视, URL: https://stream1.freetv.fun/a0f73ea668a9a3a9300b9e8588af505375a0cc768d59a516d8cc42a93d628830.m3u8, From: subscribe, IPv_Type: ipv6, Location: 美国, ISP: CloudFlare Inc., Date: None, Delay: 0.1 ms, Speed: inf M/s, Resolution: 1920x1080
Name: 湖北卫视, URL: http://iptv.cdn.ha.chinamobile.com/PLTV/88888888/224/3221227238/index.m3u8, From: subscribe, IPv_Type: ipv6, Location: 中国, ISP: 中国移动, Date: None, Delay: 0.1 ms, Speed: inf M/s, Resolution: 1920x1080
Name: 湖北卫视, URL: http://lu.wqwqwq.sbs/itv/1000000005000265023.m3u8?cdn=ystenlive, From: subscribe, IPv_Type: ipv6, Location: 美国, ISP: CloudFlare Inc., Date: None, Delay: 0.1 ms, Speed: inf M/s, Resolution: 1920x1080
Name: 湖北卫视, URL: http://dbiptv.sn.chinamobile.com/PLTV/88888888/224/3221226206/1.m3u8, From: subscribe, IPv_Type: ipv6, Location: 中国, ISP: 中国移动, Date: None, Delay: 0.1 ms, Speed: inf M/s, Resolution: 1920x1080
Name: 湖北卫视, URL: http://hwrr.jx.chinamobile.com:8080/PLTV/88888888/224/3221225596/index.m3u8?fmt=ts2hls, From: subscribe, IPv_Type: ipv6, Location: 中国, ISP: 中国移动, Date: None, Delay: 0.1 ms, Speed: inf M/s, Resolution: 1920x1080
Name: 湖北卫视, URL: http://[2409:8087:2001:20:2800:0:df6e:eb10]:80/ott.mobaibox.com/PLTV/4/224/3221227479/index.m3u8, From: subscribe, IPv_Type: ipv6, Location: 中国, ISP: 中国移动, Date: None, Delay: 0.1 ms, Speed: inf M/s, Resolution: 1920x1080
Name: 湖北卫视, URL: http://[2409:8087:3428:20:500::100f]:6610/PLTV/88888888/224/3221227111/index.m3u8?servicetype=1&IASHttpSessionId=RR423820220409134714119178, From: subscribe, IPv_Type: ipv6, Location: 中国, ISP: 中国移动, Date: None, Delay: 0.1 ms, Speed: inf M/s, Resolution: 1920x1080
Name: 湖北卫视, URL: http://[2409:8087:3428:20:500::1009]:6610/PLTV/88888888/224/3221227111/index.m3u8?servicetype=1&IASHttpSessionId=RR423820220409134714119178, From: subscribe, IPv_Type: ipv6, Location: 中国, ISP: 中国移动, Date: None, Delay: 0.1 ms, Speed: inf M/s, Resolution: 1920x1080
Name: 湖北卫视, URL: http://[2409:8087:2001:20:2800:0:df6e:eb07]:80/wh7f454c46tw1550755006_-1154349795/ott.mobaibox.com/PLTV/3/224/3221227211/index.m3u8?icpid=3&RTS=1674385961&from=40&popid=40&hms_devid=2036&prioritypopid=40&vqe=3, From: subscribe, IPv_Type: ipv6, Location: 中国, ISP: 中国移动, Date: None, Delay: 0.1 ms, Speed: inf M/s, Resolution: 1920x1080
Name: 湖北卫视, URL: http://[2409:8087:2001:20:2800:0:df6e:eb1a]:80/wh7f454c46tw209710282_-1743646795/ott.mobaibox.com/PLTV/3/224/3221227565/index.m3u8?icpid=3&RTS=1674380325&from=40&popid=40&hms_devid=2116&prioritypopid=40&vqe=3, From: subscribe, IPv_Type: ipv6, Location: 中国, ISP: 中国移动, Date: None, Delay: 0.1 ms, Speed: inf M/s, Resolution: 1920x1080
Name: 湖北卫视, URL: http://[2409:8087:2001:20:2800:0:df6e:eb0d]:80/wh7f454c46tw1550947964_-1647381759/ott.mobaibox.com/PLTV/3/224/3221227665/index.m3u8?icpid=3&RTS=1674385961&from=40&popid=40&hms_devid=2040&prioritypopid=40&vqe=3, From: subscribe, IPv_Type: ipv6, Location: 中国, ISP: 中国移动, Date: None, Delay: 0.1 ms, Speed: inf M/s, Resolution: 1920x1080
Name: 湖北卫视, URL: http://[2409:8087:2001:20:2800:0:df6e:eb03]:80/wh7f454c46tw210191902_-158401056/ott.mobaibox.com/PLTV/3/224/3221227703/index.m3u8?icpid=3&RTS=1674380325&from=40&popid=40&hms_devid=2039&prioritypopid=40&vqe=3, From: subscribe, IPv_Type: ipv6, Location: 中国, ISP: 中国移动, Date: None, Delay: 0.1 ms, Speed: inf M/s, Resolution: 1920x1080
Name: 湖北卫视, URL: http://[2409:8087:1e03:21::42]:6610/cms001/ch00000090990000001027/index.m3u8, From: subscribe, IPv_Type: ipv6, Location: 中国, ISP: 中国移动, Date: None, Delay: 0.1 ms, Speed: inf M/s, Resolution: 1920x1080
Name: 湖北卫视, URL: http://[2409:8087:5e01:34::38]:6610/ZTE_CMS/00000001000000060000000000000250/index.m3u8, From: subscribe, IPv_Type: ipv6, Location: 中国, ISP: 中国移动, Date: None, Delay: 0.1 ms, Speed: inf M/s, Resolution: 1920x1080
Name: 湖北卫视, URL: http://[2409:8087:5e00:24::1f]:6060/ZTE_CMS/00000001000000060000000000000250/index.m3u8, From: subscribe, IPv_Type: ipv6, Location: 中国, ISP: 中国移动, Date: None, Delay: 0.1 ms, Speed: inf M/s, Resolution: 1920x1080
Name: 湖北卫视, URL: http://[2409:8087:4c0a:22:1::11]:6410/170000001115/UmaiCHAN911989BESTVSMGSMG/index.m3u8?m3u8_level=2, From: subscribe, IPv_Type: ipv6, Location: 中国, ISP: 中国移动, Date: None, Delay: 0.1 ms, Speed: inf M/s, Resolution: 1920x1080
Name: 湖北卫视, URL: http://[2409:8087:5e01:34::22]:6610/ZTE_CMS/00000001000000060000000000000250/index.m3u8?IAS, From: subscribe, IPv_Type: ipv6, Location: 中国, ISP: 中国移动, Date: None, Delay: 0.1 ms, Speed: inf M/s, Resolution: 1920x1080
Name: 湖北卫视, URL: http://[2409:8087:5e01:34::23]:6610/ZTE_CMS/00000001000000060000000000000250/index.m3u8?IAS, From: subscribe, IPv_Type: ipv6, Location: 中国, ISP: 中国移动, Date: None, Delay: 0.1 ms, Speed: inf M/s, Resolution: 1920x1080
Name: 湖北卫视, URL: http://[2409:8087:5e01:34::21]:6610/ZTE_CMS/00000001000000060000000000000250/index.m3u8?IAS, From: subscribe, IPv_Type: ipv6, Location: 中国, ISP: 中国移动, Date: None, Delay: 0.1 ms, Speed: inf M/s, Resolution: 1920x1080
Name: 湖北卫视, URL: http://[2409:8087:5e01:34::20]:6610/ZTE_CMS/00000001000000060000000000000250/index.m3u8?IAS, From: subscribe, IPv_Type: ipv6, Location: 中国, ISP: 中国移动, Date: None, Delay: 0.1 ms, Speed: inf M/s, Resolution: 1920x1080
Name: 湖北卫视, URL: http://[2409:8087:2001:20:2800:0:df6e:eb11]/wh7f454c46tw3059146177_-1525708880/ott.mobaibox.com/PLTV/3/224/3221227479/index.m3u8?icpid=3&RTS=1668597853&from=40&popid=40&hms_devid=2110&prioritypopid=40&vqe=3, From: subscribe, IPv_Type: ipv6, Location: 中国, ISP: 中国移动, Date: None, Delay: 0.1 ms, Speed: inf M/s, Resolution: 1920x1080
Name: 湖北卫视, URL: http://[2409:8087:1e03:21::2]:6060/cms001/ch00000090990000001027/index.m3u8, From: subscribe, IPv_Type: ipv6, Location: 中国, ISP: 中国移动, Date: None, Delay: 0.1 ms, Speed: inf M/s, Resolution: 1920x1080
Name: 湖北卫视, URL: http://[2409:8087:74f0:22::5]:6410/270000001128/9900000522/index.m3u8, From: subscribe, IPv_Type: ipv6, Location: 中国, ISP: 中国移动, Date: None, Delay: 0.1 ms, Speed: inf M/s, Resolution: 1920x1080
Name: 湖北卫视, URL: http://[2409:8087:1a01:df::7005]/ottrrs.hl.chinamobile.com/PLTV/88888888/224/3221226477/index.m3u8, From: subscribe, IPv_Type: ipv6, Location: 中国, ISP: 中国移动, Date: None, Delay: 0.1 ms, Speed: inf M/s, Resolution: 1920x1080
Name: 湖北卫视, URL: http://[2409:8087:5e00:24::1e]:6060/200000001898/460000089800010057/1.m3u8, From: subscribe, IPv_Type: ipv6, Location: 中国, ISP: 中国移动, Date: None, Delay: 0.1 ms, Speed: inf M/s, Resolution: 1920x1080
Name: 湖北卫视, URL: http://[2409:8087:3869:8021:1001::e5]:6610/PLTV/88888910/224/3221225699/index.m3u8, From: subscribe, IPv_Type: ipv6, Location: 中国, ISP: 中国移动, Date: None, Delay: -1 ms, Speed: 0.00 M/s, Resolution: None
Name: 湖北卫视, URL: http://rrs01.hw.gmcc.net:8088/PLTV/81/224/3221226713/1.m3u8, From: subscribe, IPv_Type: ipv6, Location: 中国, ISP: 中国移动, Date: None, Delay: -1 ms, Speed: 0.00 M/s, Resolution: None
Name: 湖北卫视, URL: https://migu.188766.xyz/?migutoken=9157c8aa7a594b5e3a23675f8f75f55b&id=%E6%B9%96%E5%8C%97%E5%8D%AB%E8%A7%86&pp=1, From: subscribe, IPv_Type: ipv6, Location: 美国, ISP: CloudFlare Inc., Date: None, Delay: -1 ms, Speed: 0.00 M/s, Resolution: None
Name: 湖北卫视, URL: http://[2409:8087:1a15:10d1::36]/ottrrs.hl.chinamobile.com/PLTV/88888888/224/3221225627/index.m3u8, From: subscribe, IPv_Type: ipv6, Location: 中国, ISP: 中国移动, Date: None, Delay: -1 ms, Speed: 0.00 M/s, Resolution: None
Name: 湖北卫视, URL: http://[2409:8087:5e08:25::16]:6610/200000001898/460000089800010057/1.m3u8, From: subscribe, IPv_Type: ipv6, Location: 中国, ISP: 中国移动, Date: None, Delay: -1 ms, Speed: 0.00 M/s, Resolution: None
Name: 湖北卫视, URL: https://mursor.ottiptv.cc/mcp/hubei.m3u8, From: subscribe, IPv_Type: ipv6, Location: 美国, ISP: Oracle Corporation, Date: None, Delay: -1 ms, Speed: 0.00 M/s, Resolution: None
Name: 湖北卫视, URL: http://gslbmgsplive.miguvideo.com/wd_r2/2018/ocn/hubeiwshd/2000/index.m3u8?msisdn=20250919080133d6a2b4e3c70b461f819a6e2f49e2af64&mdspid=&spid=600633&netType=0&sid=5910022163&pid=2028597139&timestamp=20250919080133&Channel_ID=0116_2600000900-99000-201600010010027&ProgramID=947472496&ParentNodeID=-99&assertID=5910022163&client_ip=106.13.250.88&SecurityKey=20250919080133&promotionId=&mvid=5900004355&mcid=500020&playurlVersion=WX-A1-8.9.1-RELEASE&userid=&jmhm=&videocodec=h264&bean=mgspad&tid=android&conFee=0&puData=e06e2ffbf75e9e761629a0926db1ab2f&ddCalcu=fe20eb61ae7120bfdf6b2f9705ae992e6716, From: subscribe, IPv_Type: ipv6, Location: 中国, ISP: 中国移动, Date: None, Delay: -1 ms, Speed: 0.00 M/s, Resolution: None
Name: 湖北卫视, URL: https://cc06.tv12.xyz/50.m3u8, From: subscribe, IPv_Type: ipv6, Location: 美国, ISP: CloudFlare Inc., Date: None, Delay: -1 ms, Speed: 0.00 M/s, Resolution: None
Name: 湖北卫视, URL: https://jzb.wwkejishe.top/?id=604, From: subscribe, IPv_Type: ipv6, Location: 美国, ISP: CloudFlare Inc., Date: None, Delay: -1 ms, Speed: 0.00 M/s, Resolution: None
Name: 湖北卫视, URL: https://iptv.catvod.com/live.php?id=%E6%B9%96%E5%8C%97%E5%8D%AB%E8%A7%86, From: subscribe, IPv_Type: ipv6, Location: 美国, ISP: CloudFlare Inc., Date: None, Delay: -1 ms, Speed: 0.00 M/s, Resolution: None
Name: 湖北卫视, URL: https://shyd.695847.xyz/cms001/ch00000090990000001027/index.m3u8?IASHttpSessionId=RR4967720251014100028031761&ispcode=12, From: subscribe, IPv_Type: ipv6, Location: 美国, ISP: CloudFlare Inc., Date: None, Delay: -1 ms, Speed: 0.00 M/s, Resolution: None
Name: 湖北卫视, URL: https://live.chinacert.cftest5.cn/mg/?id=947472496, From: subscribe, IPv_Type: ipv6, Location: 中国, ISP: 中国联通, Date: None, Delay: -1 ms, Speed: 0.00 M/s, Resolution: None
Name: 湖北卫视, URL: http://hwottcdn.ln.chinamobile.com/PLTV/11/224/3221227230/index.m3u8, From: subscribe, IPv_Type: ipv6, Location: 中国, ISP: 中国移动, Date: None, Delay: -1 ms, Speed: 0.00 M/s, Resolution: None
Name: 湖北卫视, URL: http://hwltc.tv.cdn.zj.chinamobile.com/PLTV/88888888/224/3221236271/index.m3u8, From: subscribe, IPv_Type: ipv6, Location: 中国, ISP: 中国移动, Date: None, Delay: -1 ms, Speed: 0.00 M/s, Resolution: None
Name: 湖北卫视, URL: http://k.061899.xyz/k.php?id=hubws, From: subscribe, IPv_Type: ipv6, Location: 新加坡, ISP: Aceville Pte.Ltd., Date: None, Delay: -1 ms, Speed: 0.00 M/s, Resolution: None
Name: 湖北卫视, URL: http://iptvrr.sh.chinamobile.com:6060/cms001/ch00000090990000001027/index.m3u8, From: subscribe, IPv_Type: ipv6, Location: 中国, ISP: 中国移动, Date: None, Delay: -1 ms, Speed: 0.00 M/s, Resolution: None
Name: 湖北卫视, URL: http://tvgslb.hn.chinamobile.com:8089/180000001002/00000000000000020000000000182285/main.m3u8?stbid=, From: subscribe, IPv_Type: ipv6, Location: 中国, ISP: 中国移动, Date: None, Delay: -1 ms, Speed: 0.00 M/s, Resolution: None
Name: 湖北卫视, URL: http://ott.mobaibox.com/PLTV/3/224/3221227479/index.m3u8, From: subscribe, IPv_Type: ipv6, Location: 中国, ISP: 中国移动, Date: None, Delay: -1 ms, Speed: 0.00 M/s, Resolution: None
Name: 湖北卫视, URL: http://mgsp-ws2.live.miguvideo.com:8088/migu/kailu/hbwshd265/54/20200407/index.m3u8?msisdn=e55e9ee71b42d2d7008a152c069625e3&mdspid=&spid=600633&netType=0&sid=5910022163&pid=2028597139&timestamp=20260216080225&Channel_ID=0116_2600034600-99000-201600010010028&ProgramID=947472496&ParentNodeID=-99&assertID=5910022163&client_ip=218.28.233.106&SecurityKey=20260216080225&promotionId=&mvid=5900004355&mcid=500020&playurlVersion=WX-A1-9.2.1-RELEASE&userid=&jmhm=&videocodec=h265&appCode=miguvideo_android&bean=mgspad&tid=android&conFee=0&encrypt=a2fc4ccbb5944ace885492c162392001&sv=10004&ct=android, From: subscribe, IPv_Type: ipv6, Location: 加拿大, ISP: , Date: None, Delay: -1 ms, Speed: 0.00 M/s, Resolution: None
Name: 湖北卫视, URL: http://mgsp-zy2.live.miguvideo.com:8088/migu/kailu/hbwshd265/54/20200407/index.m3u8?msisdn=e55e9ee71b42d2d7008a152c069625e3&mdspid=&spid=600633&netType=0&sid=5910022163&pid=2028597139&timestamp=20260217084018&Channel_ID=0116_2600034600-99000-201600010010028&ProgramID=947472496&ParentNodeID=-99&assertID=5910022163&client_ip=218.28.233.106&SecurityKey=20260217084018&promotionId=&mvid=5900004355&mcid=500020&playurlVersion=WX-A1-9.2.1-RELEASE&userid=&jmhm=&videocodec=h265&appCode=miguvideo_android&bean=mgspad&tid=android&conFee=0&encrypt=947434e8ab5581f97c856078b1abaab3&sv=10004&ct=android, From: subscribe, IPv_Type: ipv6, Location: 中国, ISP: 中国电信, Date: None, Delay: -1 ms, Speed: 0.00 M/s, Resolution: None
Name: 湖北卫视, URL: http://mgsp-hs2.live.miguvideo.com:8088/migu/kailu/hbwshd265/54/20200407/index.m3u8?msisdn=2be6b2ec9fcf10d2c2457e2c710e172c&mdspid=&spid=600633&netType=0&sid=5910022163&pid=2028597139&timestamp=20260301080207&Channel_ID=0116_2600034600-99000-201600010010028&ProgramID=947472496&ParentNodeID=-99&assertID=5910022163&client_ip=218.28.233.106&SecurityKey=20260301080207&promotionId=&mvid=5900004355&mcid=500020&playurlVersion=WX-A1-9.2.1-RELEASE&userid=&jmhm=&videocodec=h265&appCode=miguvideo_android&bean=mgspad&tid=android&conFee=0&encrypt=aa932d67270b3afa91ba0a5c18b114ef&sv=10004&ct=android, From: subscribe, IPv_Type: ipv6, Location: 中国, ISP: 中国联通, Date: None, Delay: -1 ms, Speed: 0.00 M/s, Resolution: None
Name: 湖北卫视, URL: https://t.freetv.fun/live/hu-bei-wei-shi-1.php, From: subscribe, IPv_Type: ipv6, Location: 美国, ISP: CloudFlare Inc., Date: None, Delay: -1 ms, Speed: 0.00 M/s, Resolution: None
Name: 湖北卫视, URL: https://gd202.tv1288.xyz/tsfile/live/1019_1.m3u8, From: subscribe, IPv_Type: ipv6, Location: 美国, ISP: CloudFlare Inc., Date: None, Delay: -1 ms, Speed: 0.00 M/s, Resolution: None
Name: 湖北卫视, URL: http://63.141.230.178:82/gslb/zbdq5.m3u8?id=hbwshd, From: subscribe, IPv_Type: ipv4, Location: 美国, ISP: , Date: None, Delay: 585 ms, Speed: 8.54 M/s, Resolution: 1920x1080
Name: 湖北卫视, URL: http://198.204.228.26/live/hbwshd.m3u8, From: subscribe, IPv_Type: ipv4, Location: 美国, ISP: , Date: None, Delay: 582 ms, Speed: 7.92 M/s, Resolution: 1920x1080
Name: 黑龙江卫视, URL: http://php.jdshipin.com/TVOD/hnyd.php?id=200000001898/460000089800010056, From: subscribe, IPv_Type: ipv6, Location: 美国, ISP: CloudFlare Inc., Date: None, Delay: 0.1 ms, Speed: inf M/s, Resolution: 1920x1080
Name: 黑龙江卫视, URL: http://j.x.bkpcp.top/jx/HEILJHD, From: subscribe, IPv_Type: ipv6, Location: 美国, ISP: CloudFlare Inc., Date: None, Delay: 0.1 ms, Speed: inf M/s, Resolution: 1920x1080
Name: 黑龙江卫视, URL: http://l.cztvcloud.com/channels/lantian/SXyuyao3/720p.m3u8, From: subscribe, IPv_Type: ipv6, Location: 中国-江苏-常州, ISP: 电信, Date: None, Delay: 0.1 ms, Speed: inf M/s, Resolution: 1920x1080
Name: 黑龙江卫视, URL: http://iptv.huuc.edu.cn/hls/hljhd.m3u8, From: subscribe, IPv_Type: ipv6, Location: 中国, ISP: 教育网, Date: None, Delay: 0.1 ms, Speed: inf M/s, Resolution: 1920x1080
Name: 黑龙江卫视, URL: http://dsj.motem.top:8880/bptv/10000100000000050000000003873470.m3u8, From: subscribe, IPv_Type: ipv6, Location: 美国, ISP: CloudFlare Inc., Date: None, Delay: 0.1 ms, Speed: inf M/s, Resolution: 1920x1080
Name: 黑龙江卫视, URL: http://z.b.bkpcp.top/m.php?id=hljws, From: subscribe, IPv_Type: ipv6, Location: 美国, ISP: CloudFlare Inc., Date: None, Delay: 0.1 ms, Speed: inf M/s, Resolution: 1920x1080
Name: 黑龙江卫视, URL: http://[2409:8087:1a0a:df::404b]/ottrrs.hl.chinamobile.com/TVOD/88888888/224/3221226327/index.m3u8, From: subscribe, IPv_Type: ipv6, Location: 中国, ISP: 中国移动, Date: None, Delay: 0.1 ms, Speed: inf M/s, Resolution: 1920x1080
Name: 黑龙江卫视, URL: http://[2409:8087:1a01:df::4001]/ottrrs.hl.chinamobile.com/PLTV/88888888/224/3221226327/1.m3u8, From: subscribe, IPv_Type: ipv6, Location: 中国, ISP: 中国移动, Date: None, Delay: 0.1 ms, Speed: inf M/s, Resolution: 1920x1080
Name: 黑龙江卫视, URL: http://[2409:8087:1a01:df::4077]/ottrrs.hl.chinamobile.com/PLTV/88888888/8/3221226327/index.m3u8, From: subscribe, IPv_Type: ipv6, Location: 中国, ISP: 中国移动, Date: None, Delay: 0.1 ms, Speed: inf M/s, Resolution: 1920x1080
Name: 黑龙江卫视, URL: http://[2409:8087:8:21::18]:6610/otttv.bj.chinamobile.com/PLTV/88888888/224/3221226965/1.m3u8?GuardEncType=2&accountinfo=%7E%7EV2.0%7E7UiKL56-L86ihmTWaZ6csw%7EtP4-l0lmSfjwLWEfK_el1vH_mv-s1zo4AQJwdedaVwG9xkuFTDg8J26cwOrNJzn20BErrHdLhuZ9EzLUCD3PMW-OMx4MGteHV2vLeW6BqoY%2CEND, From: subscribe, IPv_Type: ipv6, Location: 中国, ISP: 中国移动, Date: None, Delay: -1 ms, Speed: 0.00 M/s, Resolution: None
Name: 黑龙江卫视, URL: http://iptv.cdn.ha.chinamobile.com/PLTV/88888888/224/3221227207/index.m3u8, From: subscribe, IPv_Type: ipv6, Location: 中国, ISP: 中国移动, Date: None, Delay: 0.1 ms, Speed: inf M/s, Resolution: 1920x1080
Name: 黑龙江卫视, URL: http://[2409:8087:2001:20:2800:0:df6e:eb16]:80/ott.mobaibox.com/PLTV/4/224/3221227514/index.m3u8, From: subscribe, IPv_Type: ipv6, Location: 中国, ISP: 中国移动, Date: None, Delay: 0.1 ms, Speed: inf M/s, Resolution: 1920x1080
Name: 黑龙江卫视, URL: http://[2409:8087:3428:20:500::100f]:6610/PLTV/88888888/224/3221227197/index.m3u8?servicetype=1&IASHttpSessionId=RR423820220409134714119178, From: subscribe, IPv_Type: ipv6, Location: 中国, ISP: 中国移动, Date: None, Delay: 0.1 ms, Speed: inf M/s, Resolution: 1920x1080
Name: 黑龙江卫视, URL: http://[2409:8087:3428:20:500::1009]:6610/PLTV/88888888/224/3221227197/index.m3u8?servicetype=1&IASHttpSessionId=RR423820220409134714119178, From: subscribe, IPv_Type: ipv6, Location: 中国, ISP: 中国移动, Date: None, Delay: 0.1 ms, Speed: inf M/s, Resolution: 1920x1080
Name: 黑龙江卫视, URL: http://yc.myds.me:35455/itv/6000000001000016510.m3u8?cdn=wasusyt, From: subscribe, IPv_Type: ipv6, Location: 中国, ISP: 中国电信, Date: None, Delay: 0.1 ms, Speed: inf M/s, Resolution: 1920x1080
Name: 黑龙江卫视, URL: http://nas.suntao.online:35455/itv/1000000001000001925.m3u8?cdn=ystenlive, From: subscribe, IPv_Type: ipv6, Location: 中国, ISP: 中国联通, Date: None, Delay: 0.1 ms, Speed: inf M/s, Resolution: 1920x1080
Name: 黑龙江卫视, URL: https://stream1.freetv.fun/8eac0925df1ae8507ad57f4372936a304c120cc31636bf1f843872e6681e563f.m3u8, From: subscribe, IPv_Type: ipv6, Location: 美国, ISP: CloudFlare Inc., Date: None, Delay: 0.1 ms, Speed: inf M/s, Resolution: 1920x1080
Name: 黑龙江卫视, URL: http://lu.wqwqwq.sbs/itv/1000000001000001925.m3u8?cdn=ystenlive, From: subscribe, IPv_Type: ipv6, Location: 美国, ISP: CloudFlare Inc., Date: None, Delay: 0.1 ms, Speed: inf M/s, Resolution: 1920x1080
Name: 黑龙江卫视, URL: http://dbiptv.sn.chinamobile.com/PLTV/88888888/224/3221226010/1.m3u8, From: subscribe, IPv_Type: ipv6, Location: 中国, ISP: 中国移动, Date: None, Delay: 0.1 ms, Speed: inf M/s, Resolution: 1920x1080
Name: 黑龙江卫视, URL: http://ottrrs.hl.chinamobile.com/TVOD/88888888/224/3221226525/index.m3u8, From: subscribe, IPv_Type: ipv6, Location: 中国, ISP: 中国移动, Date: None, Delay: 0.1 ms, Speed: inf M/s, Resolution: 1920x1080
Name: 黑龙江卫视, URL: http://hwrr.jx.chinamobile.com:8080/PLTV/88888888/224/3221225586/index.m3u8?fmt=ts2hls, From: subscribe, IPv_Type: ipv6, Location: 中国, ISP: 中国移动, Date: None, Delay: 0.1 ms, Speed: inf M/s, Resolution: 1920x1080
Name: 黑龙江卫视, URL: http://[2409:8087:2001:20:2800:0:df6e:eb07]:80/wh7f454c46tw515505966_53770455/ott.mobaibox.com/PLTV/3/224/3221227252/index.m3u8?icpid=3&RTS=1674380630&from=40&popid=40&hms_devid=2036&prioritypopid=40&vqe=3, From: subscribe, IPv_Type: ipv6, Location: 中国, ISP: 中国移动, Date: None, Delay: 0.1 ms, Speed: inf M/s, Resolution: 1920x1080
Name: 黑龙江卫视, URL: http://[2409:8087:2001:20:2800:0:df6e:eb0c]:80/wh7f454c46tw1754072820_1199010569/ott.mobaibox.com/PLTV/3/224/3221227662/index.m3u8?icpid=3&RTS=1674386164&from=40&popid=40&hms_devid=2040&prioritypopid=40&vqe=3, From: subscribe, IPv_Type: ipv6, Location: 中国, ISP: 中国移动, Date: None, Delay: 0.1 ms, Speed: inf M/s, Resolution: 1920x1080
Name: 黑龙江卫视, URL: http://[2409:8087:2001:20:2800:0:df6e:eb03]:80/wh7f454c46tw516023873_-290665544/ott.mobaibox.com/PLTV/3/224/3221227753/index.m3u8?icpid=3&RTS=1674380631&from=40&popid=40&hms_devid=2039&prioritypopid=40&vqe=3, From: subscribe, IPv_Type: ipv6, Location: 中国, ISP: 中国移动, Date: None, Delay: 0.1 ms, Speed: inf M/s, Resolution: 1920x1080
Name: 黑龙江卫视, URL: http://[2409:8087:1e03:21::42]:6610/cms001/ch00000090990000001031/index.m3u8, From: subscribe, IPv_Type: ipv6, Location: 中国, ISP: 中国移动, Date: None, Delay: 0.1 ms, Speed: inf M/s, Resolution: 1920x1080
Name: 黑龙江卫视, URL: http://[2409:8087:2001:20:2800:0:df6e:eb26]:80/wh7f454c46tw516667270_434053295/ott.mobaibox.com/PLTV/3/224/3221228295/index.m3u8?icpid=3&RTS=1674380632&from=40&popid=40&hms_devid=2293&prioritypopid=40&vqe=3, From: subscribe, IPv_Type: ipv6, Location: 中国, ISP: 中国移动, Date: None, Delay: 0.1 ms, Speed: inf M/s, Resolution: 1920x1080
Name: 黑龙江卫视, URL: http://[2409:8087:2001:20:2800:0:df6e:eb17]/wh7f454c46tw3143044227_-926148572/ott.mobaibox.com/PLTV/3/224/3221227514/index.m3u8?icpid=3&RTS=1668597937&from=40&popid=40&hms_devid=2114&prioritypopid=40&vqe=3, From: subscribe, IPv_Type: ipv6, Location: 中国, ISP: 中国移动, Date: None, Delay: 0.1 ms, Speed: inf M/s, Resolution: 1920x1080
Name: 黑龙江卫视, URL: http://[2409:8087:5e01:34::38]:6610/ZTE_CMS/00000001000000060000000000000175/index.m3u8, From: subscribe, IPv_Type: ipv6, Location: 中国, ISP: 中国移动, Date: None, Delay: 0.1 ms, Speed: inf M/s, Resolution: 1920x1080
Name: 黑龙江卫视, URL: http://[2409:8087:5e00:24::1f]:6060/ZTE_CMS/00000001000000060000000000000175/index.m3u8, From: subscribe, IPv_Type: ipv6, Location: 中国, ISP: 中国移动, Date: None, Delay: 0.1 ms, Speed: inf M/s, Resolution: 1920x1080
Name: 黑龙江卫视, URL: http://[2409:8087:5e01:34::20]:6610/ZTE_CMS/00000001000000060000000000000175/index.m3u8?IAS, From: subscribe, IPv_Type: ipv6, Location: 中国, ISP: 中国移动, Date: None, Delay: 0.1 ms, Speed: inf M/s, Resolution: 1920x1080
Name: 黑龙江卫视, URL: http://[2409:8087:5e01:34::22]:6610/ZTE_CMS/00000001000000060000000000000175/index.m3u8?IAS, From: subscribe, IPv_Type: ipv6, Location: 中国, ISP: 中国移动, Date: None, Delay: 0.1 ms, Speed: inf M/s, Resolution: 1920x1080
Name: 黑龙江卫视, URL: http://[2409:8087:5e01:34::23]:6610/ZTE_CMS/00000001000000060000000000000175/index.m3u8?IAS, From: subscribe, IPv_Type: ipv6, Location: 中国, ISP: 中国移动, Date: None, Delay: 0.1 ms, Speed: inf M/s, Resolution: 1920x1080
Name: 黑龙江卫视, URL: http://[2409:8087:5e01:34::21]:6610/ZTE_CMS/00000001000000060000000000000175/index.m3u8?IAS, From: subscribe, IPv_Type: ipv6, Location: 中国, ISP: 中国移动, Date: None, Delay: 0.1 ms, Speed: inf M/s, Resolution: 1920x1080
Name: 黑龙江卫视, URL: https://epg.pw/stream/c6c1262d0b35e59eac22bf513395f00f8b60cc5eab41f598412cdf8269312f32.m3u8, From: subscribe, IPv_Type: ipv6, Location: 美国, ISP: CloudFlare Inc., Date: None, Delay: 0.1 ms, Speed: inf M/s, Resolution: 1920x1080
Name: 黑龙江卫视, URL: http://[2409:8087:1e03:21::2]:6060/cms001/ch00000090990000001031/index.m3u8, From: subscribe, IPv_Type: ipv6, Location: 中国, ISP: 中国移动, Date: None, Delay: 0.1 ms, Speed: inf M/s, Resolution: 1920x1080
Name: 黑龙江卫视, URL: http://[2409:8087:4c0a:22:1::11]:6410/170000001115/UmaiCHAN181356BESTVSMGSMG/index.m3u8, From: subscribe, IPv_Type: ipv6, Location: 中国, ISP: 中国移动, Date: None, Delay: 0.1 ms, Speed: inf M/s, Resolution: 1920x1080
Name: 黑龙江卫视, URL: http://[2409:8087:74f0:22::6]:6410/270000001128/9900000521/index.m3u8, From: subscribe, IPv_Type: ipv6, Location: 中国, ISP: 中国移动, Date: None, Delay: 0.1 ms, Speed: inf M/s, Resolution: 1920x1080
Name: 黑龙江卫视, URL: http://[2409:8087:1a01:df::7005]/ottrrs.hl.chinamobile.com/PLTV/88888888/224/3221226327/index.m3u8, From: subscribe, IPv_Type: ipv6, Location: 中国, ISP: 中国移动, Date: None, Delay: 0.1 ms, Speed: inf M/s, Resolution: 1920x1080
Name: 黑龙江卫视, URL: http://[2409:8087:5e00:24::1e]:6060/200000001898/460000089800010056/1.m3u8, From: subscribe, IPv_Type: ipv6, Location: 中国, ISP: 中国移动, Date: None, Delay: 0.1 ms, Speed: inf M/s, Resolution: 1920x1080
Name: 黑龙江卫视, URL: http://[2409:8087:3869:8021:1001::e5]:6610/PLTV/88888888/224/3221225690/2/index.m3u8, From: subscribe, IPv_Type: ipv6, Location: 中国, ISP: 中国移动, Date: None, Delay: -1 ms, Speed: 0.00 M/s, Resolution: None
Name: 黑龙江卫视, URL: http://rrs01.hw.gmcc.net:8088/PLTV/81/224/3221226716/1.m3u8, From: subscribe, IPv_Type: ipv6, Location: 中国, ISP: 中国移动, Date: None, Delay: -1 ms, Speed: 0.00 M/s, Resolution: None
Name: 黑龙江卫视, URL: https://hls-gateway.vpstv.net/streams/708854.m3u8, From: subscribe, IPv_Type: ipv6, Location: 美国, ISP: CloudFlare Inc., Date: None, Delay: -1 ms, Speed: 0.00 M/s, Resolution: None
Name: 黑龙江卫视, URL: http://[2409:8087:1a15:10d1::33]/ottrrs.hl.chinamobile.com/PLTV/88888888/224/3221226327/index.m3u8, From: subscribe, IPv_Type: ipv6, Location: 中国, ISP: 中国移动, Date: None, Delay: -1 ms, Speed: 0.00 M/s, Resolution: None
Name: 黑龙江卫视, URL: http://[2409:8087:5e08:25::16]:6610/200000001898/460000089800010056/1.m3u8, From: subscribe, IPv_Type: ipv6, Location: 中国, ISP: 中国移动, Date: None, Delay: -1 ms, Speed: 0.00 M/s, Resolution: None
Name: 黑龙江卫视, URL: https://mursor.ottiptv.cc/mcp/heilongjiang.m3u8, From: subscribe, IPv_Type: ipv6, Location: 美国, ISP: Oracle Corporation, Date: None, Delay: -1 ms, Speed: 0.00 M/s, Resolution: None
Name: 黑龙江卫视, URL: https://migu.188766.xyz/?migutoken=2ae2bfcfa77bfbd130792a36ddcf281a&id=hljws&type=sz, From: subscribe, IPv_Type: ipv6, Location: 美国, ISP: CloudFlare Inc., Date: None, Delay: -1 ms, Speed: 0.00 M/s, Resolution: None
Name: 黑龙江卫视, URL: https://cc06.tv12.xyz/53.m3u8, From: subscribe, IPv_Type: ipv6, Location: 美国, ISP: CloudFlare Inc., Date: None, Delay: -1 ms, Speed: 0.00 M/s, Resolution: None
Name: 黑龙江卫视, URL: https://shyd.695847.xyz/cms001/ch00000090990000001031/index.m3u8?IASHttpSessionId=RR4967720251014100028031761&ispcode=12, From: subscribe, IPv_Type: ipv6, Location: 美国, ISP: CloudFlare Inc., Date: None, Delay: -1 ms, Speed: 0.00 M/s, Resolution: None
Name: 黑龙江卫视, URL: https://iptv.catvod.com/live.php?id=%E9%BB%91%E9%BE%99%E6%B1%9F%E5%8D%AB%E8%A7%86, From: subscribe, IPv_Type: ipv6, Location: 美国, ISP: CloudFlare Inc., Date: None, Delay: -1 ms, Speed: 0.00 M/s, Resolution: None
Name: 黑龙江卫视, URL: http://k.061899.xyz/k.php?id=hljws, From: subscribe, IPv_Type: ipv6, Location: 新加坡, ISP: Aceville Pte.Ltd., Date: None, Delay: -1 ms, Speed: 0.00 M/s, Resolution: None
Name: 黑龙江卫视, URL: http://tvgslb.hn.chinamobile.com:8089/180000001002/00000001000000000008000000047449/main.m3u8?stbid=, From: subscribe, IPv_Type: ipv6, Location: 中国, ISP: 中国移动, Date: None, Delay: -1 ms, Speed: 0.00 M/s, Resolution: None
Name: 黑龙江卫视, URL: http://iptvrr.sh.chinamobile.com:6060/cms001/ch00000090990000001031/index.m3u8, From: subscribe, IPv_Type: ipv6, Location: 中国, ISP: 中国移动, Date: None, Delay: -1 ms, Speed: 0.00 M/s, Resolution: None
Name: 黑龙江卫视, URL: http://hwottcdn.ln.chinamobile.com/PLTV/11/224/3221226749/index.m3u8, From: subscribe, IPv_Type: ipv6, Location: 中国, ISP: 中国移动, Date: None, Delay: -1 ms, Speed: 0.00 M/s, Resolution: None
Name: 黑龙江卫视, URL: http://ott.mobaibox.com/PLTV/3/224/3221227514/index.m3u8, From: subscribe, IPv_Type: ipv6, Location: 中国, ISP: 中国移动, Date: None, Delay: -1 ms, Speed: 0.00 M/s, Resolution: None
Name: 黑龙江卫视, URL: http://hwltc.tv.cdn.zj.chinamobile.com/PLTV/88888888/224/3221236226/index.m3u8, From: subscribe, IPv_Type: ipv6, Location: 中国, ISP: 中国移动, Date: None, Delay: -1 ms, Speed: 0.00 M/s, Resolution: None
Name: 黑龙江卫视, URL: https://t.freetv.fun/live/hei-long-jiang-wei-shi-6.m3u8, From: subscribe, IPv_Type: ipv6, Location: 美国, ISP: CloudFlare Inc., Date: None, Delay: -1 ms, Speed: 0.00 M/s, Resolution: None
Name: 黑龙江卫视, URL: https://idclive.hljtv.com:4430/live/hljws_own.m3u8, From: subscribe, IPv_Type: ipv6, Location: 中国, ISP: 中国移动, Date: None, Delay: -1 ms, Speed: 0.00 M/s, Resolution: None
Name: 黑龙江卫视, URL: https://live.264788.xyz/channel/heilongjiangweishi?streamid=43810153d9094bbea29e4ee654e3b919&livekey=01WgOR41rriMmMkzNsd0UoaxJRwetZdxIvtVk, From: subscribe, IPv_Type: ipv4, Location: 美国, ISP: CloudFlare节点, Date: None, Delay: 978 ms, Speed: 15.66 M/s, Resolution: 1920x1080
Name: 黑龙江卫视, URL: http://192.151.150.154/live/hljwshd.m3u8, From: subscribe, IPv_Type: ipv4, Location: 美国-密苏里州-杰克逊县, ISP: Datashack公司, Date: None, Delay: 581 ms, Speed: 7.80 M/s, Resolution: 1920x1080
Name: 安徽卫视, URL: http://php.jdshipin.com/TVOD/hljyd.php?id=3221226391, From: subscribe, IPv_Type: ipv6, Location: 美国, ISP: CloudFlare Inc., Date: None, Delay: 0.1 ms, Speed: inf M/s, Resolution: 1920x1080
Name: 安徽卫视, URL: http://j.x.bkpcp.top/jx/ANHUIHD, From: subscribe, IPv_Type: ipv6, Location: 美国, ISP: CloudFlare Inc., Date: None, Delay: 0.1 ms, Speed: inf M/s, Resolution: 1920x1080
Name: 安徽卫视, URL: http://iptv.huuc.edu.cn/hls/ahhd.m3u8, From: subscribe, IPv_Type: ipv6, Location: 中国, ISP: 教育网, Date: None, Delay: 0.1 ms, Speed: inf M/s, Resolution: 1920x1080
Name: 安徽卫视, URL: http://dsj.motem.top:8880/bptv/10000100000000050000000003873469.m3u8, From: subscribe, IPv_Type: ipv6, Location: 美国, ISP: CloudFlare Inc., Date: None, Delay: 0.1 ms, Speed: inf M/s, Resolution: 1920x1080
Name: 安徽卫视, URL: http://z.b.bkpcp.top/m.php?id=ahws, From: subscribe, IPv_Type: ipv6, Location: 美国, ISP: CloudFlare Inc., Date: None, Delay: 0.1 ms, Speed: inf M/s, Resolution: 1920x1080
Name: 安徽卫视, URL: http://[2409:8087:1a0a:df::404b]/ottrrs.hl.chinamobile.com/TVOD/88888888/224/3221226391/index.m3u8, From: subscribe, IPv_Type: ipv6, Location: 中国, ISP: 中国移动, Date: None, Delay: 0.1 ms, Speed: inf M/s, Resolution: 1920x1080
Name: 安徽卫视, URL: http://[2409:8087:1a01:df::4077]/ottrrs.hl.chinamobile.com/PLTV/88888888/8/3221226498/index.m3u8, From: subscribe, IPv_Type: ipv6, Location: 中国, ISP: 中国移动, Date: None, Delay: 0.1 ms, Speed: inf M/s, Resolution: 1920x1080
Name: 安徽卫视, URL: http://[2409:8087:2001:20:2800:0:df6e:eb12]/wh7f454c46tw2802330256_375747539/ott.mobaibox.com/PLTV/3/224/3221227558/index.m3u8?icpid=3&RTS=1668597596&from=40&popid=40&hms_devid=2112&prioritypopid=40&vqe=3, From: subscribe, IPv_Type: ipv6, Location: 中国, ISP: 中国移动, Date: None, Delay: 0.1 ms, Speed: inf M/s, Resolution: 1920x1080
Name: 安徽卫视, URL: http://yc.myds.me:35455/itv/6000000001000009954.m3u8?cdn=wasusyt, From: subscribe, IPv_Type: ipv6, Location: 中国, ISP: 中国电信, Date: None, Delay: 0.1 ms, Speed: inf M/s, Resolution: 1920x1080
Name: 安徽卫视, URL: http://nas.suntao.online:35455/itv/1000000001000030159.m3u8?cdn=ystenlive, From: subscribe, IPv_Type: ipv6, Location: 中国, ISP: 中国联通, Date: None, Delay: 0.1 ms, Speed: inf M/s, Resolution: 1920x1080
Name: 安徽卫视, URL: http://iptv.cdn.ha.chinamobile.com/PLTV/88888888/224/3221227230/index.m3u8, From: subscribe, IPv_Type: ipv6, Location: 中国, ISP: 中国移动, Date: None, Delay: 0.1 ms, Speed: inf M/s, Resolution: 1920x1080
Name: 安徽卫视, URL: http://lu.wqwqwq.sbs/itv/1000000005000265025.m3u8?cdn=ystenlive, From: subscribe, IPv_Type: ipv6, Location: 美国, ISP: CloudFlare Inc., Date: None, Delay: 0.1 ms, Speed: inf M/s, Resolution: 1920x1080
Name: 安徽卫视, URL: http://dbiptv.sn.chinamobile.com/PLTV/88888888/224/3221226196/1.m3u8, From: subscribe, IPv_Type: ipv6, Location: 中国, ISP: 中国移动, Date: None, Delay: 0.1 ms, Speed: inf M/s, Resolution: 1920x1080
Name: 安徽卫视, URL: https://stream1.freetv.fun/fd5b9c563728d8fb69fea32ba4ed01d8eeeb316e1c8d7d7a5c8a688e95d14785.m3u8, From: subscribe, IPv_Type: ipv6, Location: 美国, ISP: CloudFlare Inc., Date: None, Delay: 0.1 ms, Speed: inf M/s, Resolution: 1920x1080
Name: 安徽卫视, URL: http://[2409:8087:2001:20:2800:0:df6e:eb13]:80/ott.mobaibox.com/PLTV/4/224/3221227558/index.m3u8, From: subscribe, IPv_Type: ipv6, Location: 中国, ISP: 中国移动, Date: None, Delay: 0.1 ms, Speed: inf M/s, Resolution: 1920x1080
Name: 安徽卫视, URL: http://[2409:8087:3428:20:500::100f]:6610/PLTV/88888888/224/3221225844/index.m3u8?servicetype=1&IASHttpSessionId=RR423820220409134714119178, From: subscribe, IPv_Type: ipv6, Location: 中国, ISP: 中国移动, Date: None, Delay: 0.1 ms, Speed: inf M/s, Resolution: 1920x1080
Name: 安徽卫视, URL: http://[2409:8087:3428:20:500::1009]:6610/PLTV/88888888/224/3221225844/index.m3u8?servicetype=1&IASHttpSessionId=RR423820220409134714119178, From: subscribe, IPv_Type: ipv6, Location: 中国, ISP: 中国移动, Date: None, Delay: 0.1 ms, Speed: inf M/s, Resolution: 1920x1080
Name: 安徽卫视, URL: http://[2409:8087:2001:20:2800:0:df6e:eb19]:80/wh7f454c46tw197120493_402056634/ott.mobaibox.com/PLTV/3/224/3221225634/index.m3u8?icpid=3&RTS=1674380312&from=40&popid=40&hms_devid=2113&prioritypopid=40&vqe=3, From: subscribe, IPv_Type: ipv6, Location: 中国, ISP: 中国移动, Date: None, Delay: 0.1 ms, Speed: inf M/s, Resolution: 1920x1080
Name: 安徽卫视, URL: http://[2409:8087:2001:20:2800:0:df6e:eb17]:80/wh7f454c46tw1543399939_-344486942/ott.mobaibox.com/PLTV/3/224/3221227759/index.m3u8?icpid=3&RTS=1674385953&from=40&popid=40&hms_devid=2114&prioritypopid=40&vqe=3, From: subscribe, IPv_Type: ipv6, Location: 中国, ISP: 中国移动, Date: None, Delay: 0.1 ms, Speed: inf M/s, Resolution: 1920x1080
Name: 安徽卫视, URL: http://[2409:8087:2001:20:2800:0:df6e:eb11]:80/wh7f454c46tw1748810169_-884235889/ott.mobaibox.com/PLTV/3/224/3221228153/index.m3u8?icpid=3&RTS=1674386159&from=40&popid=40&hms_devid=2110&prioritypopid=40&vqe=3, From: subscribe, IPv_Type: ipv6, Location: 中国, ISP: 中国移动, Date: None, Delay: 0.1 ms, Speed: inf M/s, Resolution: 1920x1080
Name: 安徽卫视, URL: http://[2409:8087:1e03:21::42]:6610/cms001/ch00000090990000001037/index.m3u8, From: subscribe, IPv_Type: ipv6, Location: 中国, ISP: 中国移动, Date: None, Delay: 0.1 ms, Speed: inf M/s, Resolution: 1920x1080
Name: 安徽卫视, URL: http://[2409:8087:5e01:34::38]:6610/ZTE_CMS/00000001000000060000000000000368/index.m3u8, From: subscribe, IPv_Type: ipv6, Location: 中国, ISP: 中国移动, Date: None, Delay: 0.1 ms, Speed: inf M/s, Resolution: 1920x1080
Name: 安徽卫视, URL: http://[2409:8087:4c0a:22:1::11]:6410/170000001115/UmaiCHAN3540416BESTVSMGSMG/index.m3u8?m3u8_level=2, From: subscribe, IPv_Type: ipv6, Location: 中国, ISP: 中国移动, Date: None, Delay: 0.1 ms, Speed: inf M/s, Resolution: 1920x1080
Name: 安徽卫视, URL: http://[2409:8087:5e01:34::20]:6610/ZTE_CMS/00000001000000060000000000000368/index.m3u8?IAS, From: subscribe, IPv_Type: ipv6, Location: 中国, ISP: 中国移动, Date: None, Delay: 0.1 ms, Speed: inf M/s, Resolution: 1920x1080
Name: 安徽卫视, URL: http://[2409:8087:5e01:34::23]:6610/ZTE_CMS/00000001000000060000000000000368/index.m3u8?IAS, From: subscribe, IPv_Type: ipv6, Location: 中国, ISP: 中国移动, Date: None, Delay: 0.1 ms, Speed: inf M/s, Resolution: 1920x1080
Name: 安徽卫视, URL: http://[2409:8087:5e01:34::21]:6610/ZTE_CMS/00000001000000060000000000000368/index.m3u8?IAS, From: subscribe, IPv_Type: ipv6, Location: 中国, ISP: 中国移动, Date: None, Delay: 0.1 ms, Speed: inf M/s, Resolution: 1920x1080
Name: 安徽卫视, URL: http://[2409:8087:5e01:34::22]:6610/ZTE_CMS/00000001000000060000000000000368/index.m3u8?IAS, From: subscribe, IPv_Type: ipv6, Location: 中国, ISP: 中国移动, Date: None, Delay: 0.1 ms, Speed: inf M/s, Resolution: 1920x1080
Name: 安徽卫视, URL: http://[2409:8087:1e03:21::2]:6060/cms001/ch00000090990000001037/index.m3u8, From: subscribe, IPv_Type: ipv6, Location: 中国, ISP: 中国移动, Date: None, Delay: 0.1 ms, Speed: inf M/s, Resolution: 1920x1080
Name: 安徽卫视, URL: http://[2409:8087:74f0:22::7]:6410/270000001128/9900000514/index.m3u8, From: subscribe, IPv_Type: ipv6, Location: 中国, ISP: 中国移动, Date: None, Delay: 0.1 ms, Speed: inf M/s, Resolution: 1920x1080
Name: 安徽卫视, URL: http://[2409:8087:1a01:df::7005]/ottrrs.hl.chinamobile.com/PLTV/88888888/224/3221226391/index.m3u8, From: subscribe, IPv_Type: ipv6, Location: 中国, ISP: 中国移动, Date: None, Delay: 0.1 ms, Speed: inf M/s, Resolution: 1920x1080
Name: 安徽卫视, URL: http://[2409:8087:5e00:24::1e]:6060/200000001898/460000089800010041/1.m3u8, From: subscribe, IPv_Type: ipv6, Location: 中国, ISP: 中国移动, Date: None, Delay: 0.1 ms, Speed: inf M/s, Resolution: 1920x1080
Name: 安徽卫视, URL: http://[2409:8087:3869:8021:1001::e5]:6610/PLTV/88888910/224/3221225691/index.m3u8, From: subscribe, IPv_Type: ipv6, Location: 中国, ISP: 中国移动, Date: None, Delay: -1 ms, Speed: 0.00 M/s, Resolution: None
Name: 安徽卫视, URL: http://[2409:8087:8:21::18]:6610/otttv.bj.chinamobile.com/PLTV/88888888/224/3221226943/1.m3u8?GuardEncType=2&accountinfo=%7E%7EV2.0%7E0QmKQ_slRCwvVVUUfxPVbw%7EtP4-l0lmSfjwLWEfK_el1vH_mv-s1zo4AQJwdedaVwG9xkuFTDg8J26cwOrNJzn20BErrHdLhuZ9EzLUCD3PMW-OMx4MGteHV2vLeW6BqoY%2CEND, From: subscribe, IPv_Type: ipv6, Location: 中国, ISP: 中国移动, Date: None, Delay: -1 ms, Speed: 0.00 M/s, Resolution: None
Name: 安徽卫视, URL: http://rrs01.hw.gmcc.net:8088/PLTV/81/224/3221226664/1.m3u8, From: subscribe, IPv_Type: ipv6, Location: 中国, ISP: 中国移动, Date: None, Delay: -1 ms, Speed: 0.00 M/s, Resolution: None
Name: 安徽卫视, URL: http://[2409:8087:1a15:10d1::39]/ottrrs.hl.chinamobile.com/PLTV/88888888/224/3221226391/index.m3u8, From: subscribe, IPv_Type: ipv6, Location: 中国, ISP: 中国移动, Date: None, Delay: -1 ms, Speed: 0.00 M/s, Resolution: None
Name: 安徽卫视, URL: http://[2409:8087:5e08:25::16]:6610/200000001898/460000089800010041/1.m3u8, From: subscribe, IPv_Type: ipv6, Location: 中国, ISP: 中国移动, Date: None, Delay: -1 ms, Speed: 0.00 M/s, Resolution: None
Name: 安徽卫视, URL: https://mursor.ottiptv.cc/mcp/anhui.m3u8, From: subscribe, IPv_Type: ipv6, Location: 美国, ISP: Oracle Corporation, Date: None, Delay: -1 ms, Speed: 0.00 M/s, Resolution: None
Name: 安徽卫视, URL: https://migu.188766.xyz/?migutoken=5b3405d3c4bfc76c7b5f57725d16e1b4&id=ahws&type=sz, From: subscribe, IPv_Type: ipv6, Location: 美国, ISP: CloudFlare Inc., Date: None, Delay: -1 ms, Speed: 0.00 M/s, Resolution: None
Name: 安徽卫视, URL: https://cc06.tv12.xyz/26.m3u8, From: subscribe, IPv_Type: ipv6, Location: 美国, ISP: CloudFlare Inc., Date: None, Delay: -1 ms, Speed: 0.00 M/s, Resolution: None
Name: 安徽卫视, URL: https://jzb.wwkejishe.top/?id=612, From: subscribe, IPv_Type: ipv6, Location: 美国, ISP: CloudFlare Inc., Date: None, Delay: -1 ms, Speed: 0.00 M/s, Resolution: None
Name: 安徽卫视, URL: https://shyd.695847.xyz/cms001/ch00000090990000001037/index.m3u8?IASHttpSessionId=RR4967720251014100028031761&ispcode=12, From: subscribe, IPv_Type: ipv6, Location: 美国, ISP: CloudFlare Inc., Date: None, Delay: -1 ms, Speed: 0.00 M/s, Resolution: None
Name: 安徽卫视, URL: https://iptv.catvod.com/live.php?id=%E5%AE%89%E5%BE%BD%E5%8D%AB%E8%A7%86, From: subscribe, IPv_Type: ipv6, Location: 美国, ISP: CloudFlare Inc., Date: None, Delay: -1 ms, Speed: 0.00 M/s, Resolution: None
Name: 安徽卫视, URL: http://tvgslb.hn.chinamobile.com:8089/180000001002/00000001000000000016000000007224/main.m3u8?stbid=, From: subscribe, IPv_Type: ipv6, Location: 中国, ISP: 中国移动, Date: None, Delay: -1 ms, Speed: 0.00 M/s, Resolution: None
Name: 安徽卫视, URL: http://hwottcdn.ln.chinamobile.com/PLTV/11/224/3221226746/index.m3u8, From: subscribe, IPv_Type: ipv6, Location: 中国, ISP: 中国移动, Date: None, Delay: -1 ms, Speed: 0.00 M/s, Resolution: None
Name: 安徽卫视, URL: http://ott.mobaibox.com/PLTV/3/224/3221227558/index.m3u8, From: subscribe, IPv_Type: ipv6, Location: 中国, ISP: 中国移动, Date: None, Delay: -1 ms, Speed: 0.00 M/s, Resolution: None
Name: 安徽卫视, URL: http://iptvrr.sh.chinamobile.com:6060/cms001/ch00000090990000001037/index.m3u8, From: subscribe, IPv_Type: ipv6, Location: 中国, ISP: 中国移动, Date: None, Delay: -1 ms, Speed: 0.00 M/s, Resolution: None
Name: 安徽卫视, URL: http://k.061899.xyz/k.php?id=ahws, From: subscribe, IPv_Type: ipv6, Location: 新加坡, ISP: Aceville Pte.Ltd., Date: None, Delay: -1 ms, Speed: 0.00 M/s, Resolution: None
Name: 安徽卫视, URL: http://hwltc.tv.cdn.zj.chinamobile.com/PLTV/88888888/224/3221236177/index.m3u8, From: subscribe, IPv_Type: ipv6, Location: 中国, ISP: 中国移动, Date: None, Delay: -1 ms, Speed: 0.00 M/s, Resolution: None
Name: 安徽卫视, URL: https://t.freetv.fun/live/an-hui-wei-shi.m3u8, From: subscribe, IPv_Type: ipv6, Location: 美国, ISP: CloudFlare Inc., Date: None, Delay: -1 ms, Speed: 0.00 M/s, Resolution: None
Name: 安徽卫视, URL: http://198.204.228.26/live/ahwshd.m3u8, From: subscribe, IPv_Type: ipv4, Location: 美国, ISP: , Date: None, Delay: 609 ms, Speed: 8.50 M/s, Resolution: 1920x1080
Name: 重庆卫视, URL: http://php.jdshipin.com/TVOD/hnyd.php?id=200000001898/460000089800010053, From: subscribe, IPv_Type: ipv6, Location: 美国, ISP: CloudFlare Inc., Date: None, Delay: 0.1 ms, Speed: inf M/s, Resolution: 1920x1080
Name: 重庆卫视, URL: http://z.b.bkpcp.top/m.php?id=cqws, From: subscribe, IPv_Type: ipv6, Location: 美国, ISP: CloudFlare Inc., Date: None, Delay: 0.1 ms, Speed: inf M/s, Resolution: 1920x1080
Name: 重庆卫视, URL: http://j.x.bkpcp.top/jx/CHONGQHD, From: subscribe, IPv_Type: ipv6, Location: 美国, ISP: CloudFlare Inc., Date: None, Delay: 0.1 ms, Speed: inf M/s, Resolution: 1920x1080
Name: 重庆卫视, URL: http://iptv.huuc.edu.cn/hls/cqhd.m3u8, From: subscribe, IPv_Type: ipv6, Location: 中国, ISP: 教育网, Date: None, Delay: 0.1 ms, Speed: inf M/s, Resolution: 1920x1080
Name: 重庆卫视, URL: http://dsj.motem.top:8880/bptv/10000100000000050000000004796458.m3u8, From: subscribe, IPv_Type: ipv6, Location: 美国, ISP: CloudFlare Inc., Date: None, Delay: 0.1 ms, Speed: inf M/s, Resolution: 1920x1080
Name: 重庆卫视, URL: http://[2409:8087:1a0a:df::404b]/ottrrs.hl.chinamobile.com/TVOD/88888888/224/3221226409/index.m3u8, From: subscribe, IPv_Type: ipv6, Location: 中国, ISP: 中国移动, Date: None, Delay: 0.1 ms, Speed: inf M/s, Resolution: 1920x1080
Name: 重庆卫视, URL: http://[2409:8087:1a01:df::4077]/ottrrs.hl.chinamobile.com/PLTV/88888888/8/3221226409/index.m3u8, From: subscribe, IPv_Type: ipv6, Location: 中国, ISP: 中国移动, Date: None, Delay: 0.1 ms, Speed: inf M/s, Resolution: 1920x1080
Name: 重庆卫视, URL: http://[2409:8087:8:21::18]:6610/otttv.bj.chinamobile.com/PLTV/88888888/224/3221226963/1.m3u8?GuardEncType=2&accountinfo=%7E%7EV2.0%7EjTXsJprEx2nE38tdvu5lhA%7EtP4-l0lmSfjwLWEfK_el1vH_mv-s1zo4AQJwdedaVwG9xkuFTDg8J26cwOrNJzn20BErrHdLhuZ9EzLUCD3PMW-OMx4MGteHV2vLeW6BqoY%2CEND, From: subscribe, IPv_Type: ipv6, Location: 中国, ISP: 中国移动, Date: None, Delay: -1 ms, Speed: 0.00 M/s, Resolution: None
Name: 重庆卫视, URL: http://[2409:8087:1e03:21::2]:6060/cms001/ch00000090990000001129/index.m3u8, From: subscribe, IPv_Type: ipv6, Location: 中国, ISP: 中国移动, Date: None, Delay: 0.1 ms, Speed: inf M/s, Resolution: 1920x1080
Name: 重庆卫视, URL: http://[2409:8087:2001:20:2800:0:df6e:eb09]:80/ott.mobaibox.com/PLTV/4/224/3221228133/index.m3u8, From: subscribe, IPv_Type: ipv6, Location: 中国, ISP: 中国移动, Date: None, Delay: 0.1 ms, Speed: inf M/s, Resolution: 1920x1080
Name: 重庆卫视, URL: http://goo.bkpcp.top/mg/cqws, From: subscribe, IPv_Type: ipv6, Location: 美国, ISP: CloudFlare Inc., Date: None, Delay: 0.1 ms, Speed: inf M/s, Resolution: 1920x1080
Name: 重庆卫视, URL: http://yc.myds.me:35455/itv/1000000005000265017.m3u8?cdn=ystenlive, From: subscribe, IPv_Type: ipv6, Location: 中国, ISP: 中国电信, Date: None, Delay: 0.1 ms, Speed: inf M/s, Resolution: 1920x1080
Name: 重庆卫视, URL: http://nas.suntao.online:35455/itv/1000000001000001096.m3u8?cdn=ystenlive, From: subscribe, IPv_Type: ipv6, Location: 中国, ISP: 中国联通, Date: None, Delay: 0.1 ms, Speed: inf M/s, Resolution: 1920x1080
Name: 重庆卫视, URL: http://iptv.cdn.ha.chinamobile.com/PLTV/88888888/224/3221227220/index.m3u8, From: subscribe, IPv_Type: ipv6, Location: 中国, ISP: 中国移动, Date: None, Delay: 0.1 ms, Speed: inf M/s, Resolution: 1920x1080
Name: 重庆卫视, URL: https://stream1.freetv.fun/b9f205578f15321cdeac2291efa202a62fb3b6fc3f3a1761d51b9357e7916be7.m3u8, From: subscribe, IPv_Type: ipv6, Location: 美国, ISP: CloudFlare Inc., Date: None, Delay: 0.1 ms, Speed: inf M/s, Resolution: 1920x1080
Name: 重庆卫视, URL: http://lu.wqwqwq.sbs/itv/1000000005000265017.m3u8?cdn=ystenlive, From: subscribe, IPv_Type: ipv6, Location: 美国, ISP: CloudFlare Inc., Date: None, Delay: 0.1 ms, Speed: inf M/s, Resolution: 1920x1080
Name: 重庆卫视, URL: http://dbiptv.sn.chinamobile.com/PLTV/88888888/224/3221226202/1.m3u8, From: subscribe, IPv_Type: ipv6, Location: 中国, ISP: 中国移动, Date: None, Delay: 0.1 ms, Speed: inf M/s, Resolution: 1920x1080
Name: 重庆卫视, URL: http://hwrr.jx.chinamobile.com:8080/PLTV/88888888/224/3221225612/index.m3u8?fmt=ts2hls, From: subscribe, IPv_Type: ipv6, Location: 中国, ISP: 中国移动, Date: None, Delay: 0.1 ms, Speed: inf M/s, Resolution: 1920x1080
Name: 重庆卫视, URL: http://[2409:8087:3428:20:500::100f]:6610/PLTV/88888888/224/3221225831/index.m3u8?servicetype=1&IASHttpSessionId=RR423820220409134714119178, From: subscribe, IPv_Type: ipv6, Location: 中国, ISP: 中国移动, Date: None, Delay: 0.1 ms, Speed: inf M/s, Resolution: 1920x1080
Name: 重庆卫视, URL: http://[2409:8087:3428:20:500::1009]:6610/PLTV/88888888/224/3221227240/index.m3u8?servicetype=1&IASHttpSessionId=RR423820220409134714119178, From: subscribe, IPv_Type: ipv6, Location: 中国, ISP: 中国移动, Date: None, Delay: 0.1 ms, Speed: inf M/s, Resolution: 1920x1080
Name: 重庆卫视, URL: http://[2409:8087:1e03:21::42]:6610/cms001/ch00000090990000001129/index.m3u8, From: subscribe, IPv_Type: ipv6, Location: 中国, ISP: 中国移动, Date: None, Delay: 0.1 ms, Speed: inf M/s, Resolution: 1920x1080
Name: 重庆卫视, URL: http://[2409:8087:4c0a:22:1::11]:6410/170000001115/UmaiCHAN3840707BESTVSMGSMG9/index.m3u8?m3u8_level=2, From: subscribe, IPv_Type: ipv6, Location: 中国, ISP: 中国移动, Date: None, Delay: 0.1 ms, Speed: inf M/s, Resolution: 1920x1080
Name: 重庆卫视, URL: http://[2409:8087:5e01:34::38]:6610/ZTE_CMS/00000001000000060000000000000523/index.m3u8, From: subscribe, IPv_Type: ipv6, Location: 中国, ISP: 中国移动, Date: None, Delay: 0.1 ms, Speed: inf M/s, Resolution: 1920x1080
Name: 重庆卫视, URL: http://[2409:8087:5e01:34::20]:6610/ZTE_CMS/00000001000000060000000000000523/index.m3u8?IAS, From: subscribe, IPv_Type: ipv6, Location: 中国, ISP: 中国移动, Date: None, Delay: 0.1 ms, Speed: inf M/s, Resolution: 1920x1080
Name: 重庆卫视, URL: http://[2409:8087:5e01:34::22]:6610/ZTE_CMS/00000001000000060000000000000523/index.m3u8?IAS, From: subscribe, IPv_Type: ipv6, Location: 中国, ISP: 中国移动, Date: None, Delay: 0.1 ms, Speed: inf M/s, Resolution: 1920x1080
Name: 重庆卫视, URL: http://[2409:8087:5e01:34::23]:6610/ZTE_CMS/00000001000000060000000000000523/index.m3u8?IAS, From: subscribe, IPv_Type: ipv6, Location: 中国, ISP: 中国移动, Date: None, Delay: 0.1 ms, Speed: inf M/s, Resolution: 1920x1080
Name: 重庆卫视, URL: http://[2409:8087:5e01:34::21]:6610/ZTE_CMS/00000001000000060000000000000523/index.m3u8?IAS, From: subscribe, IPv_Type: ipv6, Location: 中国, ISP: 中国移动, Date: None, Delay: 0.1 ms, Speed: inf M/s, Resolution: 1920x1080
Name: 重庆卫视, URL: http://[2409:8087:2001:20:2800:0:df6e:eb16]:80/wh7f454c46tw1552893761_-1608513550/ott.mobaibox.com/PLTV/3/224/3221227632/index.m3u8?icpid=3&RTS=1674385963&from=40&popid=40&hms_devid=2114&prioritypopid=40&vqe=3, From: subscribe, IPv_Type: ipv6, Location: 中国, ISP: 中国移动, Date: None, Delay: 0.1 ms, Speed: inf M/s, Resolution: 1920x1080
Name: 重庆卫视, URL: http://[2409:8087:2001:20:2800:0:df6e:eb1b]:80/wh7f454c46tw514879444_-1075144663/ott.mobaibox.com/PLTV/3/224/3221227550/index.m3u8?icpid=3&RTS=1674380630&from=40&popid=40&hms_devid=2116&prioritypopid=40&vqe=3, From: subscribe, IPv_Type: ipv6, Location: 中国, ISP: 中国移动, Date: None, Delay: 0.1 ms, Speed: inf M/s, Resolution: 1920x1080
Name: 重庆卫视, URL: http://[2409:8087:2001:20:2800:0:df6e:eb0d]:80/wh7f454c46tw515202699_-176956124/ott.mobaibox.com/PLTV/3/224/3221227729/index.m3u8?icpid=3&RTS=1674380630&from=40&popid=40&hms_devid=2040&prioritypopid=40&vqe=3, From: subscribe, IPv_Type: ipv6, Location: 中国, ISP: 中国移动, Date: None, Delay: 0.1 ms, Speed: inf M/s, Resolution: 1920x1080
Name: 重庆卫视, URL: http://[2409:8087:74f0:22::7]:6410/270000001128/9900000517/index.m3u8, From: subscribe, IPv_Type: ipv6, Location: 中国, ISP: 中国移动, Date: None, Delay: 0.1 ms, Speed: inf M/s, Resolution: 1920x1080
Name: 重庆卫视, URL: http://[2409:8087:1a01:df::7005]/ottrrs.hl.chinamobile.com/PLTV/88888888/224/3221226409/index.m3u8, From: subscribe, IPv_Type: ipv6, Location: 中国, ISP: 中国移动, Date: None, Delay: 0.1 ms, Speed: inf M/s, Resolution: 1920x1080
Name: 重庆卫视, URL: http://[2409:8087:5e00:24::1e]:6060/200000001898/460000089800010053/1.m3u8, From: subscribe, IPv_Type: ipv6, Location: 中国, ISP: 中国移动, Date: None, Delay: 0.1 ms, Speed: inf M/s, Resolution: 1920x1080
Name: 重庆卫视, URL: http://[2409:8087:3869:8021:1001::e5]:6610/PLTV/88888888/224/3221225612/2/index.m3u8, From: subscribe, IPv_Type: ipv6, Location: 中国, ISP: 中国移动, Date: None, Delay: -1 ms, Speed: 0.00 M/s, Resolution: None
Name: 重庆卫视, URL: http://rrs01.hw.gmcc.net:8088/PLTV/81/224/3221226680/1.m3u8, From: subscribe, IPv_Type: ipv6, Location: 中国, ISP: 中国移动, Date: None, Delay: -1 ms, Speed: 0.00 M/s, Resolution: None
Name: 重庆卫视, URL: http://[2409:8087:1a15:10d1::36]/ottrrs.hl.chinamobile.com/PLTV/88888888/224/3221226409/index.m3u8, From: subscribe, IPv_Type: ipv6, Location: 中国, ISP: 中国移动, Date: None, Delay: -1 ms, Speed: 0.00 M/s, Resolution: None
Name: 重庆卫视, URL: http://[2409:8087:5e08:25::16]:6610/200000001898/460000089800010053/1.m3u8, From: subscribe, IPv_Type: ipv6, Location: 中国, ISP: 中国移动, Date: None, Delay: -1 ms, Speed: 0.00 M/s, Resolution: None
Name: 重庆卫视, URL: https://mursor.ottiptv.cc/mcp/chongqing.m3u8, From: subscribe, IPv_Type: ipv6, Location: 美国, ISP: Oracle Corporation, Date: None, Delay: -1 ms, Speed: 0.00 M/s, Resolution: None
Name: 重庆卫视, URL: https://migu.188766.xyz/?migutoken=742c9c7b9fe7e7ab390f4e6371d55092&id=cqws&type=sz, From: subscribe, IPv_Type: ipv6, Location: 美国, ISP: CloudFlare Inc., Date: None, Delay: -1 ms, Speed: 0.00 M/s, Resolution: None
Name: 重庆卫视, URL: https://cc06.tv12.xyz/34.m3u8, From: subscribe, IPv_Type: ipv6, Location: 美国, ISP: CloudFlare Inc., Date: None, Delay: -1 ms, Speed: 0.00 M/s, Resolution: None
Name: 重庆卫视, URL: https://jzb.wwkejishe.top/?id=607, From: subscribe, IPv_Type: ipv6, Location: 美国, ISP: CloudFlare Inc., Date: None, Delay: -1 ms, Speed: 0.00 M/s, Resolution: None
Name: 重庆卫视, URL: https://shyd.695847.xyz/cms001/ch00000090990000001129/index.m3u8?IASHttpSessionId=RR4967720251014100028031761&ispcode=12, From: subscribe, IPv_Type: ipv6, Location: 美国, ISP: CloudFlare Inc., Date: None, Delay: -1 ms, Speed: 0.00 M/s, Resolution: None
Name: 重庆卫视, URL: https://iptv.catvod.com/live.php?id=%E9%87%8D%E5%BA%86%E5%8D%AB%E8%A7%86%E5%8F%B0, From: subscribe, IPv_Type: ipv6, Location: 美国, ISP: CloudFlare Inc., Date: None, Delay: -1 ms, Speed: 0.00 M/s, Resolution: None
Name: 重庆卫视, URL: http://gslbmgsplive.miguvideo.com/envivo_x/2018/SD/chongqing/1000/index.m3u8?msisdn=202512080802597a08d06eac4a45549ad09db5d96a6c0e&mdspid=&spid=600697&netType=0&sid=5910022305&pid=2028597139&timestamp=20251208080259&Channel_ID=0116_2600037000-99000-200300220100002&ProgramID=738910914&ParentNodeID=-99&assertID=5910022305&client_ip=218.28.233.106&SecurityKey=20251208080259&promotionId=&mvid=5900004329&mcid=500020&playurlVersion=WX-A1-8.11.2-RELEASE&userid=&jmhm=&videocodec=h264&appCode=miguvideo_android&bean=mgspad&tid=android&conFee=0&puData=9f60021d18c1d0cf85bf7d6faa1f05f2&ddCalcu=29ffv56a00lf0a12a1adf168dc71fdb05c8f&sv=10004&ct=android, From: subscribe, IPv_Type: ipv6, Location: 中国, ISP: 中国移动, Date: None, Delay: -1 ms, Speed: 0.00 M/s, Resolution: None
Name: 重庆卫视, URL: http://tvgslb.hn.chinamobile.com:8089/180000001002/00000001000000000064000000308825/main.m3u8?stbid=, From: subscribe, IPv_Type: ipv6, Location: 中国, ISP: 中国移动, Date: None, Delay: -1 ms, Speed: 0.00 M/s, Resolution: None
Name: 重庆卫视, URL: http://iptvrr.sh.chinamobile.com:6060/cms001/ch00000090990000001129/index.m3u8, From: subscribe, IPv_Type: ipv6, Location: 中国, ISP: 中国移动, Date: None, Delay: -1 ms, Speed: 0.00 M/s, Resolution: None
Name: 重庆卫视, URL: http://hwltc.tv.cdn.zj.chinamobile.com/PLTV/88888888/224/3221236292/index.m3u8, From: subscribe, IPv_Type: ipv6, Location: 中国, ISP: 中国移动, Date: None, Delay: -1 ms, Speed: 0.00 M/s, Resolution: None
Name: 重庆卫视, URL: http://hwottcdn.ln.chinamobile.com/PLTV/11/224/3221226169/index.m3u8, From: subscribe, IPv_Type: ipv6, Location: 中国, ISP: 中国移动, Date: None, Delay: -1 ms, Speed: 0.00 M/s, Resolution: None
Name: 重庆卫视, URL: http://k.061899.xyz/k.php?id=cqws, From: subscribe, IPv_Type: ipv6, Location: 新加坡, ISP: Aceville Pte.Ltd., Date: None, Delay: -1 ms, Speed: 0.00 M/s, Resolution: None
Name: 重庆卫视, URL: http://ott.mobaibox.com/PLTV/3/224/3221228133/index.m3u8, From: subscribe, IPv_Type: ipv6, Location: 中国, ISP: 中国移动, Date: None, Delay: -1 ms, Speed: 0.00 M/s, Resolution: None
Name: 重庆卫视, URL: https://hlsbkmgsplive.miguvideo.com/envivo_x/2018/SD/chongqing/1000/01.m3u8?&HlsSubType=&encrypt=, From: subscribe, IPv_Type: ipv6, Location: 中国, ISP: 中国移动, Date: None, Delay: -1 ms, Speed: 0.00 M/s, Resolution: None
Name: 重庆卫视, URL: http://mgsp-zy2.live.miguvideo.com:8088/envivo_x/2018/SD/chongqing/1000/index.m3u8?msisdn=e55e9ee71b42d2d7008a152c069625e3&mdspid=&spid=600697&netType=0&sid=5910022305&pid=2028597139&timestamp=20260215080209&Channel_ID=0116_2600034600-99000-201600010010028&ProgramID=738910914&ParentNodeID=-99&assertID=5910022305&client_ip=218.28.233.106&SecurityKey=20260215080209&promotionId=&mvid=5900004329&mcid=500020&playurlVersion=WX-A1-9.2.1-RELEASE&userid=&jmhm=&videocodec=h264&appCode=miguvideo_android&bean=mgspad&tid=android&conFee=0&encrypt=abcb9a2ebb25ac5bf5b8e36ac904b5e4&sv=10004&ct=android, From: subscribe, IPv_Type: ipv6, Location: 中国, ISP: 中国电信, Date: None, Delay: -1 ms, Speed: 0.00 M/s, Resolution: None
Name: 重庆卫视, URL: http://mgsp-tx2.live.miguvideo.com:8088/envivo_x/2018/SD/chongqing/1000/index.m3u8?msisdn=e55e9ee71b42d2d7008a152c069625e3&mdspid=&spid=600697&netType=0&sid=5910022305&pid=2028597139&timestamp=20260216060219&Channel_ID=0116_2600034600-99000-201600010010028&ProgramID=738910914&ParentNodeID=-99&assertID=5910022305&client_ip=218.28.233.106&SecurityKey=20260216060219&promotionId=&mvid=5900004329&mcid=500020&playurlVersion=WX-A1-9.2.1-RELEASE&userid=&jmhm=&videocodec=h264&appCode=miguvideo_android&bean=mgspad&tid=android&conFee=0&encrypt=adc3464f37362dd62206e7804662e56d&sv=10004&ct=android, From: subscribe, IPv_Type: ipv6, Location: 中国, ISP: 中国联通, Date: None, Delay: -1 ms, Speed: 0.00 M/s, Resolution: None
Name: 重庆卫视, URL: http://mgsp-hs2.live.miguvideo.com:8088/envivo_x/2018/SD/chongqing/1000/index.m3u8?msisdn=e55e9ee71b42d2d7008a152c069625e3&mdspid=&spid=600697&netType=0&sid=5910022305&pid=2028597139&timestamp=20260217084019&Channel_ID=0116_2600034600-99000-201600010010028&ProgramID=738910914&ParentNodeID=-99&assertID=5910022305&client_ip=218.28.233.106&SecurityKey=20260217084019&promotionId=&mvid=5900004329&mcid=500020&playurlVersion=WX-A1-9.2.1-RELEASE&userid=&jmhm=&videocodec=h264&appCode=miguvideo_android&bean=mgspad&tid=android&conFee=0&encrypt=5d392487b65c1f9cf59ca5f3d289d78d&sv=10004&ct=android, From: subscribe, IPv_Type: ipv6, Location: 中国, ISP: 中国移动, Date: None, Delay: -1 ms, Speed: 0.00 M/s, Resolution: None
Name: 重庆卫视, URL: http://mgsp-yx2.live.miguvideo.com:8088/envivo_x/2018/SD/chongqing/1000/index.m3u8?msisdn=2be6b2ec9fcf10d2c2457e2c710e172c&mdspid=&spid=600697&netType=0&sid=5910022305&pid=2028597139&timestamp=20260226080226&Channel_ID=0116_2600034600-99000-201600010010028&ProgramID=738910914&ParentNodeID=-99&assertID=5910022305&client_ip=218.28.233.106&SecurityKey=20260226080226&promotionId=&mvid=5900004329&mcid=500020&playurlVersion=WX-A1-9.2.1-RELEASE&userid=&jmhm=&videocodec=h264&appCode=miguvideo_android&bean=mgspad&tid=android&conFee=0&encrypt=97dc7107902348359b303b05fc1e9d54&sv=10004&ct=android, From: subscribe, IPv_Type: ipv6, Location: 中国, ISP: 中国电信, Date: None, Delay: -1 ms, Speed: 0.00 M/s, Resolution: None
Name: 重庆卫视, URL: http://mgsp-ws2.live.miguvideo.com:8088/envivo_x/2018/SD/chongqing/1000/index.m3u8?msisdn=2be6b2ec9fcf10d2c2457e2c710e172c&mdspid=&spid=600697&netType=0&sid=5910022305&pid=2028597139&timestamp=20260302080226&Channel_ID=0116_2600034600-99000-201600010010028&ProgramID=738910914&ParentNodeID=-99&assertID=5910022305&client_ip=218.28.233.106&SecurityKey=20260302080226&promotionId=&mvid=5900004329&mcid=500020&playurlVersion=WX-A1-9.2.1-RELEASE&userid=&jmhm=&videocodec=h264&appCode=miguvideo_android&bean=mgspad&tid=android&conFee=0&encrypt=465ea28d9daf1ead09c9e09597d55d0c&sv=10004&ct=android, From: subscribe, IPv_Type: ipv6, Location: 加拿大, ISP: , Date: None, Delay: -1 ms, Speed: 0.00 M/s, Resolution: None
Name: 东方卫视, URL: http://php.jdshipin.com/TVOD/hnyd.php?id=200000001898/460000089800010054, From: subscribe, IPv_Type: ipv6, Location: 美国, ISP: CloudFlare Inc., Date: None, Delay: 0.1 ms, Speed: inf M/s, Resolution: 1920x1080
Name: 东方卫视, URL: http://z.b.bkpcp.top/m.php?id=dfws#rtsp://115.85.232.19/PLTV/88888910/224/3221225531/10000100000000060000000000107311_0.smil, From: subscribe, IPv_Type: ipv6, Location: 美国, ISP: CloudFlare Inc., Date: None, Delay: 0.1 ms, Speed: inf M/s, Resolution: 1920x1080
Name: 东方卫视, URL: http://goo.bkpcp.top/mg/dfws, From: subscribe, IPv_Type: ipv6, Location: 美国, ISP: CloudFlare Inc., Date: None, Delay: 0.1 ms, Speed: inf M/s, Resolution: 1920x1080
Name: 东方卫视, URL: http://iptv.huuc.edu.cn/hls/dfhd.m3u8, From: subscribe, IPv_Type: ipv6, Location: 中国, ISP: 教育网, Date: None, Delay: 0.1 ms, Speed: inf M/s, Resolution: 1920x1080
Name: 东方卫视, URL: https://www.freetv.top/migu/651632648.m3u8?migutoken=67b4219a3e6acdcf288118ed6bf84d3197052966f0bc854079b6038b3fca6437744ca78bb0ea1fad6f61b4c73d0df57bd8b539ec247fd28ce16d1375716bbf774ea19c99e4585bb828fa3851c0, From: subscribe, IPv_Type: ipv6, Location: 美国-加利福尼亚州-圣克拉拉, ISP: DigitalOcean, Date: None, Delay: 0.1 ms, Speed: inf M/s, Resolution: 1920x1080
Name: 东方卫视, URL: http://dsj.motem.top:8880/bptv/10000100000000050000000003873462.m3u8, From: subscribe, IPv_Type: ipv6, Location: 美国, ISP: CloudFlare Inc., Date: None, Delay: 0.1 ms, Speed: inf M/s, Resolution: 1920x1080
Name: 东方卫视, URL: https://bp-cdn-ali.bestv.cn/enhance/bestvdfws_enhance.m3u8?auth_key=1746334807-ddb61092a75249868c8bd1834313f437-0-8a760296d281d86bc4612f5fc4f85247, From: subscribe, IPv_Type: ipv6, Location: 中国, ISP: 中国电信, Date: None, Delay: 0.1 ms, Speed: inf M/s, Resolution: 1920x1080
Name: 东方卫视, URL: https://live.lalifeier.eu.org/kankanews/dfws.m3u8?t=1746372302&key=04c79ed1fd72dbd3188040c54dc3858b, From: subscribe, IPv_Type: ipv6, Location: 美国, ISP: CloudFlare Inc., Date: None, Delay: 0.1 ms, Speed: inf M/s, Resolution: 1920x1080
Name: 东方卫视, URL: http://[2409:8087:1a01:df::4077]:80/ottrrs.hl.chinamobile.com/yinhe/88888888/224/3221226345/index.m3u8, From: subscribe, IPv_Type: ipv6, Location: 中国, ISP: 中国移动, Date: None, Delay: -1 ms, Speed: 0.00 M/s, Resolution: None
Name: 东方卫视, URL: http://[2409:8087:1a0a:df::404b]/ottrrs.hl.chinamobile.com/TVOD/88888888/224/3221226345/index.m3u8, From: subscribe, IPv_Type: ipv6, Location: 中国, ISP: 中国移动, Date: None, Delay: 0.1 ms, Speed: inf M/s, Resolution: 1920x1080
Name: 东方卫视, URL: http://yc.myds.me:35455/itv/5000000004000014098.m3u8?cdn=bestzb, From: subscribe, IPv_Type: ipv6, Location: 中国, ISP: 中国电信, Date: None, Delay: 0.1 ms, Speed: inf M/s, Resolution: 1920x1080
Name: 东方卫视, URL: http://iptv.cdn.ha.chinamobile.com/PLTV/88888888/224/3221227199/index.m3u8, From: subscribe, IPv_Type: ipv6, Location: 中国, ISP: 中国移动, Date: None, Delay: 0.1 ms, Speed: inf M/s, Resolution: 1920x1080
Name: 东方卫视, URL: http://lu.wqwqwq.sbs/itv/1000000005000265018.m3u8?cdn=ystenlive, From: subscribe, IPv_Type: ipv6, Location: 美国, ISP: CloudFlare Inc., Date: None, Delay: 0.1 ms, Speed: inf M/s, Resolution: 1920x1080
Name: 东方卫视, URL: http://dbiptv.sn.chinamobile.com/PLTV/88888888/224/3221225797/1.m3u8, From: subscribe, IPv_Type: ipv6, Location: 中国, ISP: 中国移动, Date: None, Delay: 0.1 ms, Speed: inf M/s, Resolution: 1920x1080
Name: 东方卫视, URL: http://hwrr.jx.chinamobile.com:8080/PLTV/88888888/224/3221225489/index.m3u8?fmt=ts2hls, From: subscribe, IPv_Type: ipv6, Location: 中国, ISP: 中国移动, Date: None, Delay: 0.1 ms, Speed: inf M/s, Resolution: 1920x1080
Name: 东方卫视, URL: http://[2409:8087:2001:20:2800:0:df6e:eb16]:80/ott.mobaibox.com/PLTV/4/224/3221227511/index.m3u8, From: subscribe, IPv_Type: ipv6, Location: 中国, ISP: 中国移动, Date: None, Delay: 0.1 ms, Speed: inf M/s, Resolution: 1920x1080
Name: 东方卫视, URL: http://[2409:8087:3428:20:500::100f]:6610/PLTV/88888888/224/3221226603/index.m3u8?servicetype=1&IASHttpSessionId=RR423820220409134714119178, From: subscribe, IPv_Type: ipv6, Location: 中国, ISP: 中国移动, Date: None, Delay: 0.1 ms, Speed: inf M/s, Resolution: 1920x1080
Name: 东方卫视, URL: http://[2409:8087:3428:20:500::1009]:6610/PLTV/88888888/224/3221226603/index.m3u8?servicetype=1&IASHttpSessionId=RR423820220409134714119178, From: subscribe, IPv_Type: ipv6, Location: 中国, ISP: 中国移动, Date: None, Delay: 0.1 ms, Speed: inf M/s, Resolution: 1920x1080
Name: 东方卫视, URL: http://[2409:8087:2001:20:2800:0:df6e:eb18]:80/wh7f454c46tw1540523289_-2010744264/ott.mobaibox.com/PLTV/3/224/3221227597/index.m3u8?icpid=3&RTS=1674385950&from=40&popid=40&hms_devid=2113&prioritypopid=40&vqe=3, From: subscribe, IPv_Type: ipv6, Location: 中国, ISP: 中国移动, Date: None, Delay: 0.1 ms, Speed: inf M/s, Resolution: 1920x1080
Name: 东方卫视, URL: http://[2409:8087:2001:20:2800:0:df6e:eb0b]:80/wh7f454c46tw1928465870_439778439/ott.mobaibox.com/PLTV/3/224/3221227732/index.m3u8?icpid=3&RTS=1674386338&from=40&popid=40&hms_devid=2038&prioritypopid=40&vqe=3, From: subscribe, IPv_Type: ipv6, Location: 中国, ISP: 中国移动, Date: None, Delay: 0.1 ms, Speed: inf M/s, Resolution: 1920x1080
Name: 东方卫视, URL: http://[2409:8087:2001:20:2800:0:df6e:eb0c]:80/wh7f454c46tw1746983786_-1453355574/ott.mobaibox.com/PLTV/3/224/3221227688/index.m3u8?icpid=3&RTS=1674386157&from=40&popid=40&hms_devid=2040&prioritypopid=40&vqe=3, From: subscribe, IPv_Type: ipv6, Location: 中国, ISP: 中国移动, Date: None, Delay: 0.1 ms, Speed: inf M/s, Resolution: 1920x1080
Name: 东方卫视, URL: http://[2409:8087:2001:20:2800:0:df6e:eb1b]:80/wh7f454c46tw1588003974_1980521361/ott.mobaibox.com/PLTV/3/224/3221228150/index.m3u8?icpid=3&RTS=1674381703&from=40&popid=40&hms_devid=2116&prioritypopid=40&vqe=3, From: subscribe, IPv_Type: ipv6, Location: 中国, ISP: 中国移动, Date: None, Delay: 0.1 ms, Speed: inf M/s, Resolution: 1920x1080
Name: 东方卫视, URL: http://[2409:8087:2001:20:2800:0:df6e:eb17]:80/wh7f454c46tw1928619653_-1503168431/ott.mobaibox.com/PLTV/3/224/3221227511/index.m3u8?icpid=3&RTS=1674386339&from=40&popid=40&hms_devid=2114&prioritypopid=40&vqe=3, From: subscribe, IPv_Type: ipv6, Location: 中国, ISP: 中国移动, Date: None, Delay: 0.1 ms, Speed: inf M/s, Resolution: 1920x1080
Name: 东方卫视, URL: http://[2409:8087:1e03:21::42]:6610/cms001/ch00000090990000001013/index.m3u8, From: subscribe, IPv_Type: ipv6, Location: 中国, ISP: 中国移动, Date: None, Delay: 0.1 ms, Speed: inf M/s, Resolution: 1920x1080
Name: 东方卫视, URL: http://[2409:8087:4c0a:22:1::11]:6410/170000001115/UmaiCHAN111131BESTVSMGSMG/index.m3u8?m3u8_level=2, From: subscribe, IPv_Type: ipv6, Location: 中国, ISP: 中国移动, Date: None, Delay: 0.1 ms, Speed: inf M/s, Resolution: 1920x1080
Name: 东方卫视, URL: http://[2409:8087:5e01:34::38]:6610/ZTE_CMS/00000001000000060000000000000182/index.m3u8, From: subscribe, IPv_Type: ipv6, Location: 中国, ISP: 中国移动, Date: None, Delay: 0.1 ms, Speed: inf M/s, Resolution: 1920x1080
Name: 东方卫视, URL: http://[2409:8087:5e01:34::23]:6610/ZTE_CMS/00000001000000060000000000000182/index.m3u8?IAS, From: subscribe, IPv_Type: ipv6, Location: 中国, ISP: 中国移动, Date: None, Delay: 0.1 ms, Speed: inf M/s, Resolution: 1920x1080
Name: 东方卫视, URL: http://[2409:8087:5e01:34::22]:6610/ZTE_CMS/00000001000000060000000000000182/index.m3u8?IAS, From: subscribe, IPv_Type: ipv6, Location: 中国, ISP: 中国移动, Date: None, Delay: 0.1 ms, Speed: inf M/s, Resolution: 1920x1080
Name: 东方卫视, URL: http://[2409:8087:5e01:34::20]:6610/ZTE_CMS/00000001000000060000000000000182/index.m3u8?IAS, From: subscribe, IPv_Type: ipv6, Location: 中国, ISP: 中国移动, Date: None, Delay: 0.1 ms, Speed: inf M/s, Resolution: 1920x1080
Name: 东方卫视, URL: http://[2409:8087:5e01:34::21]:6610/ZTE_CMS/00000001000000060000000000000182/index.m3u8?IAS, From: subscribe, IPv_Type: ipv6, Location: 中国, ISP: 中国移动, Date: None, Delay: 0.1 ms, Speed: inf M/s, Resolution: 1920x1080
Name: 东方卫视, URL: https://stream1.freetv.fun/dong-fang-wei-shi-gao-qing-2.m3u8, From: subscribe, IPv_Type: ipv6, Location: 美国, ISP: CloudFlare Inc., Date: None, Delay: -1 ms, Speed: 0.00 M/s, Resolution: None
Name: 东方卫视, URL: https://epg.pw/stream/6aec3ea636542c53729b5c9dd290864ab04d4a69d2b9cb7864a9898779915898.m3u8, From: subscribe, IPv_Type: ipv6, Location: 美国, ISP: CloudFlare Inc., Date: None, Delay: 0.1 ms, Speed: inf M/s, Resolution: 1920x1080
Name: 东方卫视, URL: http://[2409:8087:1e03:21::2]:6060/cms001/ch00000090990000001013/index.m3u8, From: subscribe, IPv_Type: ipv6, Location: 中国, ISP: 中国移动, Date: None, Delay: 0.1 ms, Speed: inf M/s, Resolution: 1920x1080
Name: 东方卫视, URL: http://[2409:8087:2001:20:2800:0:df6e:eb21]:80/wh7f454c46tw145917302_1381458537/ott.mobaibox.com/PLTV/3/224/3221228425/index.m3u8?icpid=3&RTS=1674371671&from=40&popid=40&hms_devid=2290&prioritypopid=40&vqe=3, From: subscribe, IPv_Type: ipv6, Location: 中国, ISP: 中国移动, Date: None, Delay: 0.1 ms, Speed: inf M/s, Resolution: 1920x1080
Name: 东方卫视, URL: http://[2409:8087:74f0:22::5]:6410/270000001128/9900000518/index.m3u8, From: subscribe, IPv_Type: ipv6, Location: 中国, ISP: 中国移动, Date: None, Delay: 0.1 ms, Speed: inf M/s, Resolution: 1920x1080
Name: 东方卫视, URL: http://[2409:8087:1a01:df::7005]/ottrrs.hl.chinamobile.com/PLTV/88888888/224/3221226345/index.m3u8, From: subscribe, IPv_Type: ipv6, Location: 中国, ISP: 中国移动, Date: None, Delay: 0.1 ms, Speed: inf M/s, Resolution: 1920x1080
Name: 东方卫视, URL: http://[2409:8087:5e00:24::1e]:6060/200000001898/460000089800010054/1.m3u8, From: subscribe, IPv_Type: ipv6, Location: 中国, ISP: 中国移动, Date: None, Delay: 0.1 ms, Speed: inf M/s, Resolution: 1920x1080
Name: 东方卫视, URL: http://[2409:8087:3869:8021:1001::e5]:6610/PLTV/88888910/224/3221225659/index.m3u8, From: subscribe, IPv_Type: ipv6, Location: 中国, ISP: 中国移动, Date: None, Delay: -1 ms, Speed: 0.00 M/s, Resolution: None
Name: 东方卫视, URL: http://[2409:8087:8:21::18]:6610/otttv.bj.chinamobile.com/PLTV/88888888/224/3221226898/1.m3u8?GuardEncType=2&accountinfo=%7E%7EV2.0%7E0uh4lyjjBCCN7TCq21vSIQ%7EtP4-l0lmSfjwLWEfK_el1vH_mv-s1zo4AQJwdedaVwG9xkuFTDg8J26cwOrNJzn20BErrHdLhuZ9EzLUCD3PMW-OMx4MGteHV2vLeW6BqoY%2CEND, From: subscribe, IPv_Type: ipv6, Location: 中国, ISP: 中国移动, Date: None, Delay: -1 ms, Speed: 0.00 M/s, Resolution: None
Name: 东方卫视, URL: http://rrs01.hw.gmcc.net:8088/PLTV/81/224/3221226734/1.m3u8, From: subscribe, IPv_Type: ipv6, Location: 中国, ISP: 中国移动, Date: None, Delay: -1 ms, Speed: 0.00 M/s, Resolution: None
Name: 东方卫视, URL: http://[2409:8087:1a15:10d1::37]/ottrrs.hl.chinamobile.com/PLTV/88888888/224/3221225735/index.m3u8, From: subscribe, IPv_Type: ipv6, Location: 中国, ISP: 中国移动, Date: None, Delay: -1 ms, Speed: 0.00 M/s, Resolution: None
Name: 东方卫视, URL: http://[2409:8087:5e08:25::16]:6610/200000001898/460000089800010054/1.m3u8, From: subscribe, IPv_Type: ipv6, Location: 中国, ISP: 中国移动, Date: None, Delay: -1 ms, Speed: 0.00 M/s, Resolution: None
Name: 东方卫视, URL: https://mursor.ottiptv.cc/mcp/dongfang.m3u8, From: subscribe, IPv_Type: ipv6, Location: 美国, ISP: Oracle Corporation, Date: None, Delay: -1 ms, Speed: 0.00 M/s, Resolution: None
Name: 东方卫视, URL: https://migu.188766.xyz/?migutoken=0997436376353f235a87c6b242760e40&id=%E4%B8%9C%E6%96%B9%E5%8D%AB%E8%A7%86&pp=1, From: subscribe, IPv_Type: ipv6, Location: 美国, ISP: CloudFlare Inc., Date: None, Delay: -1 ms, Speed: 0.00 M/s, Resolution: None
Name: 东方卫视, URL: http://gslbmgsplive.miguvideo.com/wd_r4/dfl/dongfangwshd/1200/index.m3u8?msisdn=202509190801332004c7b89a414322b1f4517e1f70915c&mdspid=&spid=600697&netType=0&sid=5910022185&pid=2028597139&timestamp=20250919080133&Channel_ID=0116_2600000900-99000-201600010010027&ProgramID=651632648&ParentNodeID=-99&assertID=5910022185&client_ip=106.13.250.88&SecurityKey=20250919080133&promotionId=&mvid=5100043384&mcid=500020&playurlVersion=WX-A1-8.9.1-RELEASE&userid=&jmhm=&videocodec=h264&bean=mgspad&tid=android&conFee=0&puData=38d5aa4d767f71b881d69a0db3bd32fd&ddCalcu=d3f8e2d1351da0ba34bdd706a79f67d11b88, From: subscribe, IPv_Type: ipv6, Location: 中国, ISP: 中国移动, Date: None, Delay: -1 ms, Speed: 0.00 M/s, Resolution: None
Name: 东方卫视, URL: https://cc06.tv12.xyz/37.m3u8, From: subscribe, IPv_Type: ipv6, Location: 美国, ISP: CloudFlare Inc., Date: None, Delay: -1 ms, Speed: 0.00 M/s, Resolution: None
Name: 东方卫视, URL: http://cdn.jdshipin.com/kkxw.php?id=1, From: subscribe, IPv_Type: ipv6, Location: 美国, ISP: CloudFlare Inc., Date: None, Delay: -1 ms, Speed: 0.00 M/s, Resolution: None
Name: 东方卫视, URL: https://jzb.wwkejishe.top/?id=597, From: subscribe, IPv_Type: ipv6, Location: 美国, ISP: CloudFlare Inc., Date: None, Delay: -1 ms, Speed: 0.00 M/s, Resolution: None
Name: 东方卫视, URL: https://iptv.catvod.com/live.php?id=%E4%B8%9C%E6%96%B9%E5%8D%AB%E8%A7%86, From: subscribe, IPv_Type: ipv6, Location: 美国, ISP: CloudFlare Inc., Date: None, Delay: -1 ms, Speed: 0.00 M/s, Resolution: None
Name: 东方卫视, URL: https://shyd.695847.xyz/cms001/ch00000090990000001013/index.m3u8?IASHttpSessionId=RR4967720251014100028031761&ispcode=12, From: subscribe, IPv_Type: ipv6, Location: 美国, ISP: CloudFlare Inc., Date: None, Delay: -1 ms, Speed: 0.00 M/s, Resolution: None
Name: 东方卫视, URL: https://live.chinacert.cftest5.cn/mg/?id=651632648, From: subscribe, IPv_Type: ipv6, Location: 中国, ISP: 中国联通, Date: None, Delay: -1 ms, Speed: 0.00 M/s, Resolution: None
Name: 东方卫视, URL: http://k.061899.xyz/k.php?id=dfws, From: subscribe, IPv_Type: ipv6, Location: 新加坡, ISP: Aceville Pte.Ltd., Date: None, Delay: -1 ms, Speed: 0.00 M/s, Resolution: None
Name: 东方卫视, URL: http://tvgslb.hn.chinamobile.com:8089/180000001002/00000001000000000008000000047445/main.m3u8?stbid=, From: subscribe, IPv_Type: ipv6, Location: 中国, ISP: 中国移动, Date: None, Delay: -1 ms, Speed: 0.00 M/s, Resolution: None
Name: 东方卫视, URL: http://hwottcdn.ln.chinamobile.com/PLTV/11/224/3221226697/index.m3u8, From: subscribe, IPv_Type: ipv6, Location: 中国, ISP: 中国移动, Date: None, Delay: -1 ms, Speed: 0.00 M/s, Resolution: None
Name: 东方卫视, URL: http://hwltc.tv.cdn.zj.chinamobile.com/PLTV/88888888/224/3221236227/index.m3u8, From: subscribe, IPv_Type: ipv6, Location: 中国, ISP: 中国移动, Date: None, Delay: -1 ms, Speed: 0.00 M/s, Resolution: None
Name: 东方卫视, URL: http://ott.mobaibox.com/PLTV/3/224/3221227511/index.m3u8, From: subscribe, IPv_Type: ipv6, Location: 中国, ISP: 中国移动, Date: None, Delay: -1 ms, Speed: 0.00 M/s, Resolution: None
Name: 东方卫视, URL: http://iptvrr.sh.chinamobile.com:6060/cms001/ch00000090990000001013/index.m3u8, From: subscribe, IPv_Type: ipv6, Location: 中国, ISP: 中国移动, Date: None, Delay: -1 ms, Speed: 0.00 M/s, Resolution: None
Name: 东方卫视, URL: https://t.freetv.fun/live/dong-fang-wei-shi-4.m3u8, From: subscribe, IPv_Type: ipv6, Location: 美国, ISP: CloudFlare Inc., Date: None, Delay: -1 ms, Speed: 0.00 M/s, Resolution: None
Name: 东方卫视, URL: http://mgsp-ws2.live.miguvideo.com:8088/migu/kailu/dongfanghd265/51/20191230/index.m3u8?msisdn=e55e9ee71b42d2d7008a152c069625e3&mdspid=&spid=600697&netType=0&sid=5910022185&pid=2028597139&timestamp=20260216060218&Channel_ID=0116_2600034600-99000-201600010010028&ProgramID=651632648&ParentNodeID=-99&assertID=5910022185&client_ip=218.28.233.106&SecurityKey=20260216060218&promotionId=&mvid=5100043384&mcid=500020&playurlVersion=WX-A1-9.2.1-RELEASE&userid=&jmhm=&videocodec=h265&appCode=miguvideo_android&bean=mgspad&tid=android&conFee=0&encrypt=9be0858a18bbe68b4e37a2f6915af4f5&sv=10004&ct=android, From: subscribe, IPv_Type: ipv6, Location: 加拿大, ISP: , Date: None, Delay: -1 ms, Speed: 0.00 M/s, Resolution: None
Name: 东方卫视, URL: http://mgsp-zy2.live.miguvideo.com:8088/migu/kailu/dongfanghd265/51/20191230/index.m3u8?msisdn=2be6b2ec9fcf10d2c2457e2c710e172c&mdspid=&spid=600697&netType=0&sid=5910022185&pid=2028597139&timestamp=20260227060204&Channel_ID=0116_2600034600-99000-201600010010028&ProgramID=651632648&ParentNodeID=-99&assertID=5910022185&client_ip=218.28.233.106&SecurityKey=20260227060204&promotionId=&mvid=5100043384&mcid=500020&playurlVersion=WX-A1-9.2.1-RELEASE&userid=&jmhm=&videocodec=h265&appCode=miguvideo_android&bean=mgspad&tid=android&conFee=0&encrypt=0adf53fd24afe036747f20e3b8b775a4&sv=10004&ct=android, From: subscribe, IPv_Type: ipv6, Location: 中国, ISP: 中国电信, Date: None, Delay: -1 ms, Speed: 0.00 M/s, Resolution: None
Name: 东方卫视, URL: https://live.264788.xyz/channel/dongfangweishi?streamid=7245d9e90a18060f183b84e383e941a4&livekey=01WgOR41rriMmMkzNsd0UoaxJRwetZdxIvtVk, From: subscribe, IPv_Type: ipv4, Location: 美国, ISP: CloudFlare节点, Date: None, Delay: 169 ms, Speed: 73.29 M/s, Resolution: 1920x1080
Name: 东方卫视, URL: http://198.204.228.26/live/dfwshd.m3u8, From: subscribe, IPv_Type: ipv4, Location: 美国, ISP: , Date: None, Delay: 579 ms, Speed: 8.66 M/s, Resolution: 1920x1080
Name: 东南卫视, URL: http://php.jdshipin.com/TVOD/hnyd.php?id=200000001898/460000089800010096, From: subscribe, IPv_Type: ipv6, Location: 美国, ISP: CloudFlare Inc., Date: None, Delay: 0.1 ms, Speed: inf M/s, Resolution: 1920x1080
Name: 东南卫视, URL: http://z.b.bkpcp.top/m.php?id=dnws, From: subscribe, IPv_Type: ipv6, Location: 美国, ISP: CloudFlare Inc., Date: None, Delay: 0.1 ms, Speed: inf M/s, Resolution: 1920x1080
Name: 东南卫视, URL: http://j.x.bkpcp.top/jx/DONGNHD, From: subscribe, IPv_Type: ipv6, Location: 美国, ISP: CloudFlare Inc., Date: None, Delay: 0.1 ms, Speed: inf M/s, Resolution: 1920x1080
Name: 东南卫视, URL: http://iptv.huuc.edu.cn/hls/dnhd.m3u8, From: subscribe, IPv_Type: ipv6, Location: 中国, ISP: 教育网, Date: None, Delay: 0.1 ms, Speed: inf M/s, Resolution: 1920x1080
Name: 东南卫视, URL: http://live.zohi.tv/video/s10001-fztv-3/index.m3u8, From: subscribe, IPv_Type: ipv6, Location: 中国, ISP: 中国电信, Date: None, Delay: 0.1 ms, Speed: inf M/s, Resolution: 1920x1080
Name: 东南卫视, URL: http://[2409:8087:1a01:df::4035]:80/TVOD/88888888/224/3221225950/main.m3u8, From: subscribe, IPv_Type: ipv6, Location: 中国, ISP: 中国移动, Date: None, Delay: -1 ms, Speed: 0.00 M/s, Resolution: None
Name: 东南卫视, URL: https://smart.pendy.dpdns.org/Smart.php?id=fujian, From: subscribe, IPv_Type: ipv6, Location: 美国, ISP: CloudFlare Inc., Date: None, Delay: 0.1 ms, Speed: inf M/s, Resolution: 1920x1080
Name: 东南卫视, URL: http://dsj.motem.top:8880/bptv/10000100000000050000000003873473.m3u8, From: subscribe, IPv_Type: ipv6, Location: 美国, ISP: CloudFlare Inc., Date: None, Delay: 0.1 ms, Speed: inf M/s, Resolution: 1920x1080
Name: 东南卫视, URL: http://[2409:8087:1a0a:df::404b]/ottrrs.hl.chinamobile.com/TVOD/88888888/224/3221226341/index.m3u8, From: subscribe, IPv_Type: ipv6, Location: 中国, ISP: 中国移动, Date: None, Delay: 0.1 ms, Speed: inf M/s, Resolution: 1920x1080
Name: 东南卫视, URL: http://[2409:8087:1a01:df::4077]/ottrrs.hl.chinamobile.com/PLTV/88888888/8/3221226341/index.m3u8, From: subscribe, IPv_Type: ipv6, Location: 中国, ISP: 中国移动, Date: None, Delay: 0.1 ms, Speed: inf M/s, Resolution: 1920x1080
Name: 东南卫视, URL: http://[2409:8087:8:21::18]:6610/otttv.bj.chinamobile.com/PLTV/88888888/224/3221226991/1.m3u8?GuardEncType=2&accountinfo=%7E%7EV2.0%7EQ6F5Mjgs0tJyEArWFL3vQA%7EtP4-l0lmSfjwLWEfK_el1vH_mv-s1zo4AQJwdedaVwG9xkuFTDg8J26cwOrNJzn20BErrHdLhuZ9EzLUCD3PMW-OMx4MGteHV2vLeW6BqoY%2CEND, From: None, IPv_Type: ipv6, Location: 中国, ISP: 中国移动, Date: None, Delay: -1 ms, Speed: 0.00 M/s, Resolution: None
Name: 东南卫视, URL: http://iptv.cdn.ha.chinamobile.com/PLTV/88888888/224/3221227195/index.m3u8, From: subscribe, IPv_Type: ipv6, Location: 中国, ISP: 中国移动, Date: None, Delay: 0.1 ms, Speed: inf M/s, Resolution: 1920x1080
Name: 东南卫视, URL: https://www.freetv.top/migu/849116810.m3u8?migutoken=820d1dfe311ed9d88634dc040a64adbd8f30c96a6aec221a9807061025c02cc5be8e21cca6eb021eb76ad7333303e5dbe8e3ef24ad4aa58a274dc33ec25a3b373ddb6aee551e16ba35b3a9143a, From: subscribe, IPv_Type: ipv6, Location: 美国-加利福尼亚州-圣克拉拉, ISP: DigitalOcean, Date: None, Delay: 0.1 ms, Speed: inf M/s, Resolution: 1920x1080
Name: 东南卫视, URL: http://yc.myds.me:35455/itv/5000000004000010584.m3u8?cdn=bestzb, From: subscribe, IPv_Type: ipv6, Location: 中国, ISP: 中国电信, Date: None, Delay: 0.1 ms, Speed: inf M/s, Resolution: 1920x1080
Name: 东南卫视, URL: http://nas.suntao.online:35455/itv/5000000004000010584.m3u8?cdn=bestzb, From: subscribe, IPv_Type: ipv6, Location: 中国, ISP: 中国联通, Date: None, Delay: 0.1 ms, Speed: inf M/s, Resolution: 1920x1080
Name: 东南卫视, URL: http://lu.wqwqwq.sbs/itv/1000000005000265033.m3u8?cdn=ystenlive, From: subscribe, IPv_Type: ipv6, Location: 美国, ISP: CloudFlare Inc., Date: None, Delay: 0.1 ms, Speed: inf M/s, Resolution: 1920x1080
Name: 东南卫视, URL: http://[2409:8087:2001:20:2800:0:df6e:eb21]:80/ott.mobaibox.com/PLTV/4/224/3221228428/index.m3u8, From: subscribe, IPv_Type: ipv6, Location: 中国, ISP: 中国移动, Date: None, Delay: 0.1 ms, Speed: inf M/s, Resolution: 1920x1080
Name: 东南卫视, URL: http://[2409:8087:3428:20:500::100f]:6610/PLTV/88888888/224/3221225833/index.m3u8?servicetype=1&IASHttpSessionId=RR423820220409134714119178, From: subscribe, IPv_Type: ipv6, Location: 中国, ISP: 中国移动, Date: None, Delay: 0.1 ms, Speed: inf M/s, Resolution: 1920x1080
Name: 东南卫视, URL: http://[2409:8087:3428:20:500::1009]:6610/PLTV/88888888/224/3221227156/index.m3u8?servicetype=1&IASHttpSessionId=RR423820220409134714119178, From: subscribe, IPv_Type: ipv6, Location: 中国, ISP: 中国移动, Date: None, Delay: 0.1 ms, Speed: inf M/s, Resolution: 1920x1080
Name: 东南卫视, URL: http://[2409:8087:1e03:21::13]:6610/cms001/ch00000090990000001201/index.m3u8, From: subscribe, IPv_Type: ipv6, Location: 中国, ISP: 中国移动, Date: None, Delay: 0.1 ms, Speed: inf M/s, Resolution: 1920x1080
Name: 东南卫视, URL: http://[2409:8087:2001:20:2800:0:df6e:eb18]:80/wh7f454c46tw1460673280_696172443/ott.mobaibox.com/PLTV/3/224/3221227553/index.m3u8?icpid=3&RTS=1674381576&from=40&popid=40&hms_devid=2113&prioritypopid=40&vqe=3, From: subscribe, IPv_Type: ipv6, Location: 中国, ISP: 中国移动, Date: None, Delay: 0.1 ms, Speed: inf M/s, Resolution: 1920x1080
Name: 东南卫视, URL: http://[2409:8087:2001:20:2800:0:df6e:eb0b]:80/wh7f454c46tw1481870012_-1505625723/ott.mobaibox.com/PLTV/3/224/3221227670/index.m3u8?icpid=3&RTS=1674381597&from=40&popid=40&hms_devid=2038&prioritypopid=40&vqe=3, From: subscribe, IPv_Type: ipv6, Location: 中国, ISP: 中国移动, Date: None, Delay: 0.1 ms, Speed: inf M/s, Resolution: 1920x1080
Name: 东南卫视, URL: http://[2409:8087:2001:20:2800:0:df6e:eb0a]/ott.mobaibox.com/PLTV/3/224/3221227670/index.m3u8, From: subscribe, IPv_Type: ipv6, Location: 中国, ISP: 中国移动, Date: None, Delay: 0.1 ms, Speed: inf M/s, Resolution: 1920x1080
Name: 东南卫视, URL: http://[2409:8087:1e03:21::42]:6610/cms001/ch00000090990000001201/index.m3u8, From: subscribe, IPv_Type: ipv6, Location: 中国, ISP: 中国移动, Date: None, Delay: 0.1 ms, Speed: inf M/s, Resolution: 1920x1080
Name: 东南卫视, URL: http://[2409:8087:4c0a:22:1::11]:6410/170000001115/UmaiCHAN3540417BESTVSMGSMG/index.m3u8?m3u8_level=2, From: subscribe, IPv_Type: ipv6, Location: 中国, ISP: 中国移动, Date: None, Delay: 0.1 ms, Speed: inf M/s, Resolution: 1920x1080
Name: 东南卫视, URL: http://[2409:8087:5e01:34::38]:6610/ZTE_CMS/00000001000000060000000000000502/index.m3u8, From: subscribe, IPv_Type: ipv6, Location: 中国, ISP: 中国移动, Date: None, Delay: 0.1 ms, Speed: inf M/s, Resolution: 1920x1080
Name: 东南卫视, URL: http://[2409:8087:5e01:34::20]:6610/ZTE_CMS/00000001000000060000000000000502/index.m3u8?IAS, From: subscribe, IPv_Type: ipv6, Location: 中国, ISP: 中国移动, Date: None, Delay: 0.1 ms, Speed: inf M/s, Resolution: 1920x1080
Name: 东南卫视, URL: http://[2409:8087:5e01:34::22]:6610/ZTE_CMS/00000001000000060000000000000502/index.m3u8?IAS, From: subscribe, IPv_Type: ipv6, Location: 中国, ISP: 中国移动, Date: None, Delay: 0.1 ms, Speed: inf M/s, Resolution: 1920x1080
Name: 东南卫视, URL: http://[2409:8087:5e01:34::21]:6610/ZTE_CMS/00000001000000060000000000000502/index.m3u8?IAS, From: subscribe, IPv_Type: ipv6, Location: 中国, ISP: 中国移动, Date: None, Delay: 0.1 ms, Speed: inf M/s, Resolution: 1920x1080
Name: 东南卫视, URL: http://[2409:8087:1a0b:df::4020]:80/ottrrs.hl.chinamobile.com/PLTV/88888888/224/3221226341/index.m3u8, From: subscribe, IPv_Type: ipv6, Location: 中国, ISP: 中国移动, Date: None, Delay: 0.1 ms, Speed: inf M/s, Resolution: 1920x1080
Name: 东南卫视, URL: http://[2409:8087:5e01:34::23]:6610/ZTE_CMS/00000001000000060000000000000502/index.m3u8?IAS, From: subscribe, IPv_Type: ipv6, Location: 中国, ISP: 中国移动, Date: None, Delay: 0.1 ms, Speed: inf M/s, Resolution: 1920x1080
Name: 东南卫视, URL: https://stream1.freetv.fun/aec96cccdb2b6747a2847037fe2551e76bf9cade4e7147da751a523a332bb390.m3u8, From: subscribe, IPv_Type: ipv6, Location: 美国, ISP: CloudFlare Inc., Date: None, Delay: -1 ms, Speed: 0.00 M/s, Resolution: None
Name: 东南卫视, URL: http://[2409:8087:1e03:21::2]:6060/cms001/ch00000090990000001201/index.m3u8, From: subscribe, IPv_Type: ipv6, Location: 中国, ISP: 中国移动, Date: None, Delay: 0.1 ms, Speed: inf M/s, Resolution: 1920x1080
Name: 东南卫视, URL: http://[2409:8087:74f0:22::4]:6610/270000001128/9900000519/index.m3u8, From: subscribe, IPv_Type: ipv6, Location: 中国, ISP: 中国移动, Date: None, Delay: 0.1 ms, Speed: inf M/s, Resolution: 1920x1080
Name: 东南卫视, URL: http://[2409:8087:1a01:df::7005]/ottrrs.hl.chinamobile.com/PLTV/88888888/224/3221226341/index.m3u8, From: subscribe, IPv_Type: ipv6, Location: 中国, ISP: 中国移动, Date: None, Delay: 0.1 ms, Speed: inf M/s, Resolution: 1920x1080
Name: 东南卫视, URL: http://[2409:8087:5e00:24::1e]:6060/200000001898/460000089800010096/1.m3u8, From: subscribe, IPv_Type: ipv6, Location: 中国, ISP: 中国移动, Date: None, Delay: 0.1 ms, Speed: inf M/s, Resolution: 1920x1080
Name: 东南卫视, URL: http://[2409:8087:3869:8021:1001::e5]:6610/PLTV/88888888/224/3221225657/2/index.m3u8, From: subscribe, IPv_Type: ipv6, Location: 中国, ISP: 中国移动, Date: None, Delay: -1 ms, Speed: 0.00 M/s, Resolution: None
Name: 东南卫视, URL: http://rrs01.hw.gmcc.net:8088/PLTV/81/224/3221226670/1.m3u8, From: subscribe, IPv_Type: ipv6, Location: 中国, ISP: 中国移动, Date: None, Delay: -1 ms, Speed: 0.00 M/s, Resolution: None
Name: 东南卫视, URL: https://mursor.ottiptv.cc/migu/849116810.m3u8?migutoken=014b95a53095818f8ad2a30cc3d3f67aa4b109c10b94458b5cad53ac8361f27208aa7a7a66bebce7220d50e66d3f80b5e74206d6ac47309504139232b4b79c22918f04eba66a5404c48ca4767d, From: subscribe, IPv_Type: ipv6, Location: 美国-加利福尼亚州-圣克拉拉, ISP: DigitalOcean, Date: None, Delay: -1 ms, Speed: 0.00 M/s, Resolution: None
Name: 东南卫视, URL: http://[2409:8087:1a15:10d1::39]/ottrrs.hl.chinamobile.com/PLTV/88888888/224/3221226341/index.m3u8, From: subscribe, IPv_Type: ipv6, Location: 中国, ISP: 中国移动, Date: None, Delay: -1 ms, Speed: 0.00 M/s, Resolution: None
Name: 东南卫视, URL: http://[2409:8087:5e08:25::16]:6610/200000001898/460000089800010096/1.m3u8, From: subscribe, IPv_Type: ipv6, Location: 中国, ISP: 中国移动, Date: None, Delay: -1 ms, Speed: 0.00 M/s, Resolution: None
Name: 东南卫视, URL: https://migu.188766.xyz/?migutoken=6203c5090e46a900c2d98d90fea1af50&id=dnws_hd&type=sz, From: subscribe, IPv_Type: ipv6, Location: 美国, ISP: CloudFlare Inc., Date: None, Delay: -1 ms, Speed: 0.00 M/s, Resolution: None
Name: 东南卫视, URL: http://gslbmgsplive.miguvideo.com/migu/kailu/dongnanws/51/20230724/index.m3u8?msisdn=20250923080119d8f1308965ae4012bc57610a2431279e&mdspid=&spid=600717&netType=0&sid=5910022182&pid=2028597139&timestamp=20250923080119&Channel_ID=0116_2600000900-99000-201600010010027&ProgramID=849116810&ParentNodeID=-99&assertID=5910022182&client_ip=106.13.250.83&SecurityKey=20250923080119&promotionId=&mvid=5900006229&mcid=500020&playurlVersion=WX-A1-8.9.1-RELEASE&userid=&jmhm=&videocodec=h264&bean=mgspad&tid=android&conFee=0&puData=af7fcfe6794f487b10180bf7c14d8ae0&ddCalcu=0aefea728f9dc04f1ec677f9b40f8418071b, From: subscribe, IPv_Type: ipv6, Location: 中国, ISP: 中国移动, Date: None, Delay: -1 ms, Speed: 0.00 M/s, Resolution: None
Name: 东南卫视, URL: https://cc06.tv12.xyz/38.m3u8, From: subscribe, IPv_Type: ipv6, Location: 美国, ISP: CloudFlare Inc., Date: None, Delay: -1 ms, Speed: 0.00 M/s, Resolution: None
Name: 东南卫视, URL: https://shyd.695847.xyz/cms001/ch00000090990000001201/index.m3u8?IASHttpSessionId=RR4967720251014100028031761&ispcode=12, From: subscribe, IPv_Type: ipv6, Location: 美国, ISP: CloudFlare Inc., Date: None, Delay: -1 ms, Speed: 0.00 M/s, Resolution: None
Name: 东南卫视, URL: https://live.chinacert.cftest5.cn/mg/?id=849116810, From: subscribe, IPv_Type: ipv6, Location: 中国, ISP: 中国联通, Date: None, Delay: -1 ms, Speed: 0.00 M/s, Resolution: None
Name: 东南卫视, URL: https://iptv.catvod.com/live.php?id=%E4%B8%9C%E5%8D%97%E5%8D%AB%E8%A7%86, From: subscribe, IPv_Type: ipv6, Location: 美国, ISP: CloudFlare Inc., Date: None, Delay: -1 ms, Speed: 0.00 M/s, Resolution: None
Name: 东南卫视, URL: http://hwottcdn.ln.chinamobile.com/PLTV/11/224/3221227472/index.m3u8, From: subscribe, IPv_Type: ipv6, Location: 中国, ISP: 中国移动, Date: None, Delay: -1 ms, Speed: 0.00 M/s, Resolution: None
Name: 东南卫视, URL: http://iptvrr.sh.chinamobile.com:6060/cms001/ch00000090990000001201/index.m3u8, From: subscribe, IPv_Type: ipv6, Location: 中国, ISP: 中国移动, Date: None, Delay: -1 ms, Speed: 0.00 M/s, Resolution: None
Name: 东南卫视, URL: http://hwltc.tv.cdn.zj.chinamobile.com/PLTV/88888888/224/3221236151/index.m3u8, From: subscribe, IPv_Type: ipv6, Location: 中国, ISP: 中国移动, Date: None, Delay: -1 ms, Speed: 0.00 M/s, Resolution: None
Name: 东南卫视, URL: http://k.061899.xyz/k.php?id=dnws, From: subscribe, IPv_Type: ipv6, Location: 新加坡, ISP: Aceville Pte.Ltd., Date: None, Delay: -1 ms, Speed: 0.00 M/s, Resolution: None
Name: 东南卫视, URL: http://tvgslb.hn.chinamobile.com:8089/180000001002/00000001000000000010000000040459/main.m3u8?stbid=, From: subscribe, IPv_Type: ipv6, Location: 中国, ISP: 中国移动, Date: None, Delay: -1 ms, Speed: 0.00 M/s, Resolution: None
Name: 东南卫视, URL: http://ott.mobaibox.com/PLTV/3/224/3221227670/index.m3u8, From: subscribe, IPv_Type: ipv6, Location: 中国, ISP: 中国移动, Date: None, Delay: -1 ms, Speed: 0.00 M/s, Resolution: None
Name: 东南卫视, URL: https://hlsbkmgsplive.miguvideo.com/migu/kailu/dongnanws/51/20230724/01.m3u8?&HlsSubType=&encrypt=, From: subscribe, IPv_Type: ipv6, Location: 中国, ISP: 中国移动, Date: None, Delay: -1 ms, Speed: 0.00 M/s, Resolution: None
Name: 东南卫视, URL: https://t.freetv.fun/live/dong-nan-wei-shi-1.php, From: subscribe, IPv_Type: ipv6, Location: 美国, ISP: CloudFlare Inc., Date: None, Delay: -1 ms, Speed: 0.00 M/s, Resolution: None
Name: 东南卫视, URL: http://mgsp-hs2.live.miguvideo.com:8088/migu/kailu/dongnanws/51/20230724/index.m3u8?msisdn=e55e9ee71b42d2d7008a152c069625e3&mdspid=&spid=600717&netType=0&sid=5910022182&pid=2028597139&timestamp=20260215080208&Channel_ID=0116_2600034600-99000-201600010010028&ProgramID=849116810&ParentNodeID=-99&assertID=5910022182&client_ip=218.28.233.106&SecurityKey=20260215080208&promotionId=&mvid=5900006229&mcid=500020&playurlVersion=WX-A1-9.2.1-RELEASE&userid=&jmhm=&videocodec=h264&appCode=miguvideo_android&bean=mgspad&tid=android&conFee=0&encrypt=be589ab04f4528143cd6017ef45f6e82&sv=10004&ct=android, From: subscribe, IPv_Type: ipv6, Location: 中国, ISP: 中国电信, Date: None, Delay: -1 ms, Speed: 0.00 M/s, Resolution: None
Name: 东南卫视, URL: http://mgsp-zy2.live.miguvideo.com:8088/migu/kailu/dongnanws/51/20230724/index.m3u8?msisdn=e55e9ee71b42d2d7008a152c069625e3&mdspid=&spid=600717&netType=0&sid=5910022182&pid=2028597139&timestamp=20260216080226&Channel_ID=0116_2600034600-99000-201600010010028&ProgramID=849116810&ParentNodeID=-99&assertID=5910022182&client_ip=218.28.233.106&SecurityKey=20260216080226&promotionId=&mvid=5900006229&mcid=500020&playurlVersion=WX-A1-9.2.1-RELEASE&userid=&jmhm=&videocodec=h264&appCode=miguvideo_android&bean=mgspad&tid=android&conFee=0&encrypt=3874f80e210c081938c948f65ea18ec5&sv=10004&ct=android, From: subscribe, IPv_Type: ipv6, Location: 中国, ISP: 中国电信, Date: None, Delay: -1 ms, Speed: 0.00 M/s, Resolution: None
Name: 东南卫视, URL: http://198.204.228.26/live/dnwshd.m3u8, From: subscribe, IPv_Type: ipv4, Location: 美国, ISP: , Date: None, Delay: 580 ms, Speed: 7.11 M/s, Resolution: 1920x1080
Name: 甘肃卫视, URL: http://live.zohi.tv/video/s10001-fztv-3/index.m3u8, From: subscribe, IPv_Type: ipv6, Location: 中国, ISP: 中国电信, Date: None, Delay: 0.1 ms, Speed: inf M/s, Resolution: 1920x1080
Name: 甘肃卫视, URL: http://php.jdshipin.com/TVOD/hnyd.php?id=200000001898/460000089800010098, From: subscribe, IPv_Type: ipv6, Location: 美国, ISP: CloudFlare Inc., Date: None, Delay: 0.1 ms, Speed: inf M/s, Resolution: 1920x1080
Name: 甘肃卫视, URL: http://z.b.bkpcp.top/m.php?id=gsws, From: subscribe, IPv_Type: ipv6, Location: 美国, ISP: CloudFlare Inc., Date: None, Delay: 0.1 ms, Speed: inf M/s, Resolution: 1920x1080
Name: 甘肃卫视, URL: http://j.x.bkpcp.top/jx/GSWS, From: subscribe, IPv_Type: ipv6, Location: 美国, ISP: CloudFlare Inc., Date: None, Delay: 0.1 ms, Speed: inf M/s, Resolution: 1920x1080
Name: 甘肃卫视, URL: http://goo.bkpcp.top/mg/gsws, From: subscribe, IPv_Type: ipv6, Location: 美国, ISP: CloudFlare Inc., Date: None, Delay: 0.1 ms, Speed: inf M/s, Resolution: 1920x1080
Name: 甘肃卫视, URL: http://dsj.motem.top:8880/bptv/10000100000000050000000003887450.m3u8, From: subscribe, IPv_Type: ipv6, Location: 美国, ISP: CloudFlare Inc., Date: None, Delay: 0.1 ms, Speed: inf M/s, Resolution: 1920x1080
Name: 甘肃卫视, URL: http://[2409:8087:8:21::18]:6610/otttv.bj.chinamobile.com/PLTV/88888888/224/3221227020/1.m3u8?GuardEncType=2&accountinfo=%7E%7EV2.0%7Err-CLugPnTcUinEM8JeySg%7EtP4-l0lmSfjwLWEfK_el1vH_mv-s1zo4AQJwdedaVwG9xkuFTDg8J26cwOrNJzn20BErrHdLhuZ9EzLUCD3PMW-OMx4MGteHV2vLeW6BqoY%2CEND, From: subscribe, IPv_Type: ipv6, Location: 中国, ISP: 中国移动, Date: None, Delay: -1 ms, Speed: 0.00 M/s, Resolution: None
Name: 甘肃卫视, URL: http://[2409:8c02:21c:60::2b]/live.rxip.sc96655.com/live/gsws_4000.m3u8, From: subscribe, IPv_Type: ipv6, Location: 中国, ISP: 中国移动, Date: None, Delay: 0.1 ms, Speed: inf M/s, Resolution: 1920x1080
Name: 甘肃卫视, URL: http://[2409:8087:3428:20:500::100f]:6610/PLTV/88888888/224/3221225845/index.m3u8?servicetype=1&IASHttpSessionId=RR423820220409134714119178, From: subscribe, IPv_Type: ipv6, Location: 中国, ISP: 中国移动, Date: None, Delay: 0.1 ms, Speed: inf M/s, Resolution: 1920x1080
Name: 甘肃卫视, URL: http://[2409:8087:3428:20:500::1009]:6610/PLTV/88888888/224/3221225845/index.m3u8?servicetype=1&IASHttpSessionId=RR423820220409134714119178, From: subscribe, IPv_Type: ipv6, Location: 中国, ISP: 中国移动, Date: None, Delay: 0.1 ms, Speed: inf M/s, Resolution: 1920x1080
Name: 甘肃卫视, URL: http://[2409:8087:2001:20:2800:0:df6e:eb1b]:80/wh7f454c46tw1625690606_1267463833/ott.mobaibox.com/PLTV/3/224/3221227568/index.m3u8?icpid=3&RTS=1674377446&from=40&popid=40&hms_devid=2116&prioritypopid=40&vqe=3, From: subscribe, IPv_Type: ipv6, Location: 中国, ISP: 中国移动, Date: None, Delay: 0.1 ms, Speed: inf M/s, Resolution: 1920x1080
Name: 甘肃卫视, URL: http://[2409:8087:2001:20:2800:0:df6e:eb1a]/ott.mobaibox.com/PLTV/3/224/3221227568/index.m3u8, From: subscribe, IPv_Type: ipv6, Location: 中国, ISP: 中国移动, Date: None, Delay: 0.1 ms, Speed: inf M/s, Resolution: 1920x1080
Name: 甘肃卫视, URL: http://nas.suntao.online:35455/itv/5000000011000031121.m3u8?cdn=bestzb, From: subscribe, IPv_Type: ipv6, Location: 中国, ISP: 中国联通, Date: None, Delay: 0.1 ms, Speed: inf M/s, Resolution: 1920x1080
Name: 甘肃卫视, URL: https://stream1.freetv.fun/b952940e7fe39f023a81766692ac308f2f049e3625b5ee1abb983000a57ae91f.ctv, From: subscribe, IPv_Type: ipv6, Location: 美国, ISP: CloudFlare Inc., Date: None, Delay: 0.1 ms, Speed: inf M/s, Resolution: 1920x1080
Name: 甘肃卫视, URL: http://[2409:8087:1e03:21::42]:6610/cms001/ch00000090990000001298/index.m3u8, From: subscribe, IPv_Type: ipv6, Location: 中国, ISP: 中国移动, Date: None, Delay: 0.1 ms, Speed: inf M/s, Resolution: 1920x1080
Name: 甘肃卫视, URL: http://[2409:8087:74F1:0021::0008]:80/270000001322/69900158041111100000002160/index.m3u8, From: subscribe, IPv_Type: ipv6, Location: 中国, ISP: 中国移动, Date: None, Delay: 0.1 ms, Speed: inf M/s, Resolution: 1920x1080
Name: 甘肃卫视, URL: http://[2409:8087:74f0:22::5]:6410/270000001128/9900000023/index.m3u8, From: subscribe, IPv_Type: ipv6, Location: 中国, ISP: 中国移动, Date: None, Delay: 0.1 ms, Speed: inf M/s, Resolution: 1920x1080
Name: 甘肃卫视, URL: http://[2409:8087:74f0:22::7]:6410/270000001111/1110000322/index.m3u8, From: subscribe, IPv_Type: ipv6, Location: 中国, ISP: 中国移动, Date: None, Delay: 0.1 ms, Speed: inf M/s, Resolution: 1920x1080
Name: 甘肃卫视, URL: http://[2409:8087:1a01:df::7005]:80/ottrrs.hl.chinamobile.com/PLTV/88888888/224/3221225633/index.m3u8, From: subscribe, IPv_Type: ipv6, Location: 中国, ISP: 中国移动, Date: None, Delay: 0.1 ms, Speed: inf M/s, Resolution: 1920x1080
Name: 甘肃卫视, URL: http://[2409:8087:5e00:24::1e]:6060/200000001898/460000089800010098/1.m3u8, From: subscribe, IPv_Type: ipv6, Location: 中国, ISP: 中国移动, Date: None, Delay: 0.1 ms, Speed: inf M/s, Resolution: 1920x1080
Name: 甘肃卫视, URL: http://[2409:8087:3869:8021:1001::e5]:6610/PLTV/88888888/224/3221225724/2/index.m3u8, From: subscribe, IPv_Type: ipv6, Location: 中国, ISP: 中国移动, Date: None, Delay: -1 ms, Speed: 0.00 M/s, Resolution: None
Name: 甘肃卫视, URL: http://rrs01.hw.gmcc.net:8088/PLTV/81/224/3221226662/1.m3u8, From: subscribe, IPv_Type: ipv6, Location: 中国, ISP: 中国移动, Date: None, Delay: -1 ms, Speed: 0.00 M/s, Resolution: None
Name: 甘肃卫视, URL: http://[2409:8087:1a15:10d1::31]/ottrrs.hl.chinamobile.com/PLTV/88888888/224/3221225633/index.m3u8, From: subscribe, IPv_Type: ipv6, Location: 中国, ISP: 中国移动, Date: None, Delay: -1 ms, Speed: 0.00 M/s, Resolution: None
Name: 甘肃卫视, URL: http://[2409:8087:5e08:25::16]:6610/200000001898/460000089800010098/1.m3u8, From: subscribe, IPv_Type: ipv6, Location: 中国, ISP: 中国移动, Date: None, Delay: -1 ms, Speed: 0.00 M/s, Resolution: None
Name: 甘肃卫视, URL: https://mursor.ottiptv.cc/mcp/gansu.m3u8, From: subscribe, IPv_Type: ipv6, Location: 美国, ISP: Oracle Corporation, Date: None, Delay: -1 ms, Speed: 0.00 M/s, Resolution: None
Name: 甘肃卫视, URL: https://migu.188766.xyz/?migutoken=8f7cae08dda18de121b154a4ad15641c&id=gsws&type=sz, From: subscribe, IPv_Type: ipv6, Location: 美国, ISP: CloudFlare Inc., Date: None, Delay: -1 ms, Speed: 0.00 M/s, Resolution: None
Name: 甘肃卫视, URL: https://cc06.tv12.xyz/44.m3u8, From: subscribe, IPv_Type: ipv6, Location: 美国, ISP: CloudFlare Inc., Date: None, Delay: -1 ms, Speed: 0.00 M/s, Resolution: None
Name: 甘肃卫视, URL: https://jzb.wwkejishe.top/?id=622, From: subscribe, IPv_Type: ipv6, Location: 美国, ISP: CloudFlare Inc., Date: None, Delay: -1 ms, Speed: 0.00 M/s, Resolution: None
Name: 甘肃卫视, URL: https://shyd.695847.xyz/cms001/ch00000090990000001298/index.m3u8?IASHttpSessionId=RR4967720251014100028031761&ispcode=12, From: subscribe, IPv_Type: ipv6, Location: 美国, ISP: CloudFlare Inc., Date: None, Delay: -1 ms, Speed: 0.00 M/s, Resolution: None
Name: 甘肃卫视, URL: https://iptv.catvod.com/live.php?id=%E7%94%98%E8%82%83%E5%8D%AB%E8%A7%86%E5%8F%B0, From: subscribe, IPv_Type: ipv6, Location: 美国, ISP: CloudFlare Inc., Date: None, Delay: -1 ms, Speed: 0.00 M/s, Resolution: None
Name: 甘肃卫视, URL: http://iptvrr.sh.chinamobile.com:6060/cms001/ch00000090990000001298/index.m3u8, From: subscribe, IPv_Type: ipv6, Location: 中国, ISP: 中国移动, Date: None, Delay: -1 ms, Speed: 0.00 M/s, Resolution: None
Name: 甘肃卫视, URL: http://tvgslb.hn.chinamobile.com:8089/180000001002/00000000000000020000000000182276/main.m3u8?stbid=, From: subscribe, IPv_Type: ipv6, Location: 中国, ISP: 中国移动, Date: None, Delay: -1 ms, Speed: 0.00 M/s, Resolution: None
Name: 甘肃卫视, URL: http://k.061899.xyz/k.php?id=gsws, From: subscribe, IPv_Type: ipv6, Location: 新加坡, ISP: Aceville Pte.Ltd., Date: None, Delay: -1 ms, Speed: 0.00 M/s, Resolution: None
Name: 甘肃卫视, URL: http://hwottcdn.ln.chinamobile.com/PLTV/11/224/3221226875/index.m3u8, From: subscribe, IPv_Type: ipv6, Location: 中国, ISP: 中国移动, Date: None, Delay: -1 ms, Speed: 0.00 M/s, Resolution: None
Name: 甘肃卫视, URL: http://ott.mobaibox.com/PLTV/3/224/3221227568/index.m3u8, From: subscribe, IPv_Type: ipv6, Location: 中国, ISP: 中国移动, Date: None, Delay: -1 ms, Speed: 0.00 M/s, Resolution: None
Name: 甘肃卫视, URL: http://hwltc.tv.cdn.zj.chinamobile.com/PLTV/88888888/224/3221236201/index.m3u8, From: subscribe, IPv_Type: ipv6, Location: 中国, ISP: 中国移动, Date: None, Delay: -1 ms, Speed: 0.00 M/s, Resolution: None
Name: 甘肃卫视, URL: https://t.freetv.fun/live/gan-su-wei-shi-3.m3u8, From: subscribe, IPv_Type: ipv6, Location: 美国, ISP: CloudFlare Inc., Date: None, Delay: -1 ms, Speed: 0.00 M/s, Resolution: None
Name: 甘肃卫视, URL: http://63.141.230.178:82/gslb/zbdq5.m3u8?id=gswshd, From: subscribe, IPv_Type: ipv4, Location: 美国, ISP: , Date: None, Delay: 516 ms, Speed: 6.32 M/s, Resolution: 1920x1080
Name: 广西卫视, URL: http://php.jdshipin.com/TVOD/hljyd.php?id=3221226549, From: subscribe, IPv_Type: ipv6, Location: 美国, ISP: CloudFlare Inc., Date: None, Delay: 0.1 ms, Speed: inf M/s, Resolution: 1920x1080
Name: 广西卫视, URL: http://z.b.bkpcp.top/m.php?id=gxws, From: subscribe, IPv_Type: ipv6, Location: 美国, ISP: CloudFlare Inc., Date: None, Delay: 0.1 ms, Speed: inf M/s, Resolution: 1920x1080
Name: 广西卫视, URL: https://mobilelive.gxtv.cn/live/gx_live1004/playlist.m3u8, From: subscribe, IPv_Type: ipv6, Location: 中国-广东-佛山, ISP: 电信, Date: None, Delay: 0.1 ms, Speed: inf M/s, Resolution: 1920x1080
Name: 广西卫视, URL: http://goo.bkpcp.top/mg/gxws, From: subscribe, IPv_Type: ipv6, Location: 美国, ISP: CloudFlare Inc., Date: None, Delay: 0.1 ms, Speed: inf M/s, Resolution: 1920x1080
Name: 广西卫视, URL: http://live.cztv.cc:85/live/ggpd.m3u8, From: subscribe, IPv_Type: ipv6, Location: 中国, ISP: 中国电信, Date: None, Delay: 0.1 ms, Speed: inf M/s, Resolution: 1920x1080
Name: 广西卫视, URL: https://hlscdn.liangtv.cn/live/de0f97348eb84f62aa6b7d8cf0430770/dd505d87880c478f901f38560ca4d4e6.m3u8, From: subscribe, IPv_Type: ipv6, Location: 中国-江苏-扬州, ISP: 电信, Date: None, Delay: 0.1 ms, Speed: inf M/s, Resolution: 1920x1080
Name: 广西卫视, URL: http://[2409:8087:1a01:df::4047]:80/TVOD/88888888/224/3221226091/main.m3u8, From: subscribe, IPv_Type: ipv6, Location: 中国, ISP: 中国移动, Date: None, Delay: 0.1 ms, Speed: inf M/s, Resolution: 1920x1080
Name: 广西卫视, URL: https://smart.pendy.dpdns.org/Smart.php?id=guangxi, From: subscribe, IPv_Type: ipv6, Location: 美国, ISP: CloudFlare Inc., Date: None, Delay: 0.1 ms, Speed: inf M/s, Resolution: 1920x1080
Name: 广西卫视, URL: http://dsj.motem.top:8880/bptv/10000100000000050000000003887394.m3u8, From: subscribe, IPv_Type: ipv6, Location: 美国, ISP: CloudFlare Inc., Date: None, Delay: 0.1 ms, Speed: inf M/s, Resolution: 1920x1080
Name: 广西卫视, URL: http://[2409:8087:1a0a:df::404b]/ottrrs.hl.chinamobile.com/TVOD/88888888/224/3221226549/index.m3u8, From: subscribe, IPv_Type: ipv6, Location: 中国, ISP: 中国移动, Date: None, Delay: 0.1 ms, Speed: inf M/s, Resolution: 1920x1080
Name: 广西卫视, URL: http://[2409:8087:8:21::18]:6610/otttv.bj.chinamobile.com/PLTV/88888888/224/3221227010/1.m3u8?GuardEncType=2&accountinfo=%7E%7EV2.0%7EkAhb-89sxdm9fz6-heXCuw%7EtP4-l0lmSfjwLWEfK_el1vH_mv-s1zo4AQJwdedaVwG9xkuFTDg8J26cwOrNJzn20BErrHdLhuZ9EzLUCD3PMW-OMx4MGteHV2vLeW6BqoY%2CEND, From: None, IPv_Type: ipv6, Location: 中国, ISP: 中国移动, Date: None, Delay: -1 ms, Speed: 0.00 M/s, Resolution: None
Name: 广西卫视, URL: http://[2409:8087:2001:20:2800:0:df6e:eb1a]:80/wh7f454c46tw1546067216_-1703904154/ott.mobaibox.com/PLTV/3/224/3221228183/index.m3u8?icpid=3&RTS=1674385956&from=40&popid=40&hms_devid=2116&prioritypopid=40&vqe=3, From: subscribe, IPv_Type: ipv6, Location: 中国, ISP: 中国移动, Date: None, Delay: 0.1 ms, Speed: inf M/s, Resolution: 1920x1080
Name: 广西卫视, URL: http://[2409:8087:2001:20:2800:0:df6e:eb04]:80/ott.mobaibox.com/PLTV/4/224/3221228183/index.m3u8, From: subscribe, IPv_Type: ipv6, Location: 中国, ISP: 中国移动, Date: None, Delay: 0.1 ms, Speed: inf M/s, Resolution: 1920x1080
Name: 广西卫视, URL: http://[2409:8087:1e03:21::2]:6060/cms001/ch00000090990000001224/index.m3u8, From: subscribe, IPv_Type: ipv6, Location: 中国, ISP: 中国移动, Date: None, Delay: 0.1 ms, Speed: inf M/s, Resolution: 1920x1080
Name: 广西卫视, URL: http://[2409:8087:3428:20:500::100f]:6610/PLTV/88888888/224/3221227250/index.m3u8?servicetype=1&IASHttpSessionId=RR423820220409134714119178, From: subscribe, IPv_Type: ipv6, Location: 中国, ISP: 中国移动, Date: None, Delay: 0.1 ms, Speed: inf M/s, Resolution: 1920x1080
Name: 广西卫视, URL: http://iptv.cdn.ha.chinamobile.com/PLTV/88888888/224/3221227242/index.m3u8, From: subscribe, IPv_Type: ipv6, Location: 中国, ISP: 中国移动, Date: None, Delay: 0.1 ms, Speed: inf M/s, Resolution: 1920x1080
Name: 广西卫视, URL: http://nas.suntao.online:35455/itv/5000000011000031118.m3u8?cdn=bestzb, From: subscribe, IPv_Type: ipv6, Location: 中国, ISP: 中国联通, Date: None, Delay: 0.1 ms, Speed: inf M/s, Resolution: 1920x1080
Name: 广西卫视, URL: https://stream1.freetv.fun/840f9576ae171a370f146ffea676f1a77801172f5c1e76e16f7bd004938346cf.ctv, From: subscribe, IPv_Type: ipv6, Location: 美国, ISP: CloudFlare Inc., Date: None, Delay: 0.1 ms, Speed: inf M/s, Resolution: 1920x1080
Name: 广西卫视, URL: http://hwrr.jx.chinamobile.com:8080/PLTV/88888888/224/3221226211/index.m3u8?fmt=ts2hls, From: subscribe, IPv_Type: ipv6, Location: 中国, ISP: 中国移动, Date: None, Delay: 0.1 ms, Speed: inf M/s, Resolution: 1920x1080
Name: 广西卫视, URL: http://[2409:8087:3428:20:500::1009]:6610/PLTV/88888888/224/3221225836/index.m3u8?servicetype=1&IASHttpSessionId=RR423820220409134714119178, From: subscribe, IPv_Type: ipv6, Location: 中国, ISP: 中国移动, Date: None, Delay: 0.1 ms, Speed: inf M/s, Resolution: 1920x1080
Name: 广西卫视, URL: http://[2409:8087:2001:20:2800:0:df6e:eb05]/ott.mobaibox.com/PLTV/3/224/3221228183/index.m3u8, From: subscribe, IPv_Type: ipv6, Location: 中国, ISP: 中国移动, Date: None, Delay: 0.1 ms, Speed: inf M/s, Resolution: 1920x1080
Name: 广西卫视, URL: http://[2409:8087:1e03:21::42]:6610/cms001/ch00000090990000001224/index.m3u8, From: subscribe, IPv_Type: ipv6, Location: 中国, ISP: 中国移动, Date: None, Delay: 0.1 ms, Speed: inf M/s, Resolution: 1920x1080
Name: 广西卫视, URL: http://[2409:8087:4c0a:22:1::11]:6410/170000001115/UmaiCHAN5000045BESTVSMGSMG/index.m3u8?m3u8_level=2, From: subscribe, IPv_Type: ipv6, Location: 中国, ISP: 中国移动, Date: None, Delay: 0.1 ms, Speed: inf M/s, Resolution: 1920x1080
Name: 广西卫视, URL: http://dbiptv.sn.chinamobile.com/PLTV/88888890/224/3221225770/index.m3u8, From: subscribe, IPv_Type: ipv6, Location: 中国, ISP: 中国移动, Date: None, Delay: 0.1 ms, Speed: inf M/s, Resolution: 1920x1080
Name: 广西卫视, URL: https://live.v1.mk/api/bestv.php?id=gxwshd8m/8000000, From: subscribe, IPv_Type: ipv6, Location: 美国, ISP: CloudFlare Inc., Date: None, Delay: 0.1 ms, Speed: inf M/s, Resolution: 1920x1080
Name: 广西卫视, URL: http://[2409:8087:74f0:22::7]:6410/270000001128/9900000034/index.m3u8, From: subscribe, IPv_Type: ipv6, Location: 中国, ISP: 中国移动, Date: None, Delay: 0.1 ms, Speed: inf M/s, Resolution: 1920x1080
Name: 广西卫视, URL: http://[2409:8087:1a01:df::7005]/ottrrs.hl.chinamobile.com/PLTV/88888888/224/3221226549/index.m3u8, From: subscribe, IPv_Type: ipv6, Location: 中国, ISP: 中国移动, Date: None, Delay: 0.1 ms, Speed: inf M/s, Resolution: 1920x1080
Name: 广西卫视, URL: http://[2409:8087:5e00:24::1e]:6060/200000001898/460000089800010099/1.m3u8, From: subscribe, IPv_Type: ipv6, Location: 中国, ISP: 中国移动, Date: None, Delay: 0.1 ms, Speed: inf M/s, Resolution: 1920x1080
Name: 广西卫视, URL: http://[2409:8087:3869:8021:1001::e5]:6610/PLTV/88888888/224/3221225731/2/index.m3u8, From: subscribe, IPv_Type: ipv6, Location: 中国, ISP: 中国移动, Date: None, Delay: 0.1 ms, Speed: inf M/s, Resolution: 1920x1080
Name: 广西卫视, URL: http://rrs01.hw.gmcc.net:8088/PLTV/81/224/3221226681/1.m3u8, From: subscribe, IPv_Type: ipv6, Location: 中国, ISP: 中国移动, Date: None, Delay: -1 ms, Speed: 0.00 M/s, Resolution: None
Name: 广西卫视, URL: http://[2409:8087:5e08:25::16]:6610/200000001898/460000089800010099/1.m3u8, From: subscribe, IPv_Type: ipv6, Location: 中国, ISP: 中国移动, Date: None, Delay: -1 ms, Speed: 0.00 M/s, Resolution: None
Name: 广西卫视, URL: https://mursor.ottiptv.cc/mcp/guangxi.m3u8, From: subscribe, IPv_Type: ipv6, Location: 美国, ISP: Oracle Corporation, Date: None, Delay: -1 ms, Speed: 0.00 M/s, Resolution: None
Name: 广西卫视, URL: https://migu.188766.xyz/?migutoken=c21182f55bd387d89ef6f64cf26a4366&id=gxws&type=sz, From: subscribe, IPv_Type: ipv6, Location: 美国, ISP: CloudFlare Inc., Date: None, Delay: -1 ms, Speed: 0.00 M/s, Resolution: None
Name: 广西卫视, URL: https://cc06.tv12.xyz/46.m3u8, From: subscribe, IPv_Type: ipv6, Location: 美国, ISP: CloudFlare Inc., Date: None, Delay: -1 ms, Speed: 0.00 M/s, Resolution: None
Name: 广西卫视, URL: https://iptv.catvod.com/live.php?id=%E5%B9%BF%E8%A5%BF%E5%8D%AB%E8%A7%86, From: subscribe, IPv_Type: ipv6, Location: 美国, ISP: CloudFlare Inc., Date: None, Delay: -1 ms, Speed: 0.00 M/s, Resolution: None
Name: 广西卫视, URL: https://shyd.695847.xyz/cms001/ch00000090990000001224/index.m3u8?IASHttpSessionId=RR4967720251014100028031761&ispcode=12, From: subscribe, IPv_Type: ipv6, Location: 美国, ISP: CloudFlare Inc., Date: None, Delay: -1 ms, Speed: 0.00 M/s, Resolution: None
Name: 广西卫视, URL: http://tvgslb.hn.chinamobile.com:8089/180000001002/00000001000000000090000000215605/main.m3u8?stbid=, From: subscribe, IPv_Type: ipv6, Location: 中国, ISP: 中国移动, Date: None, Delay: -1 ms, Speed: 0.00 M/s, Resolution: None
Name: 广西卫视, URL: http://iptvrr.sh.chinamobile.com:6060/cms001/ch00000090990000001224/index.m3u8, From: subscribe, IPv_Type: ipv6, Location: 中国, ISP: 中国移动, Date: None, Delay: -1 ms, Speed: 0.00 M/s, Resolution: None
Name: 广西卫视, URL: http://k.061899.xyz/k.php?id=gxws, From: subscribe, IPv_Type: ipv6, Location: 新加坡, ISP: Aceville Pte.Ltd., Date: None, Delay: -1 ms, Speed: 0.00 M/s, Resolution: None
Name: 广西卫视, URL: http://hwottcdn.ln.chinamobile.com/PLTV/11/224/3221226150/index.m3u8, From: subscribe, IPv_Type: ipv6, Location: 中国, ISP: 中国移动, Date: None, Delay: -1 ms, Speed: 0.00 M/s, Resolution: None
Name: 广西卫视, URL: http://hwltc.tv.cdn.zj.chinamobile.com/PLTV/88888888/224/3221236263/index.m3u8, From: subscribe, IPv_Type: ipv6, Location: 中国, ISP: 中国移动, Date: None, Delay: -1 ms, Speed: 0.00 M/s, Resolution: None
Name: 广西卫视, URL: http://ott.mobaibox.com/PLTV/3/224/3221228183/index.m3u8, From: subscribe, IPv_Type: ipv6, Location: 中国, ISP: 中国移动, Date: None, Delay: -1 ms, Speed: 0.00 M/s, Resolution: None
Name: 广西卫视, URL: http://pull-hls-f11.douyincdn.com/media/stream-695314078702240428.m3u8?arch_hrchy=w1&exp_hrchy=w1&expire=1771760950&major_anchor_level=common&sign=d9c21ca1151fa649e68dc18c13ac2e23&t_id=037-2026021519491078C5C8D15B8DDFD19426-OM31JH, From: subscribe, IPv_Type: ipv6, Location: 中国, ISP: 中国联通, Date: None, Delay: -1 ms, Speed: 0.00 M/s, Resolution: None
Name: 广西卫视, URL: https://gd202.tv1288.xyz/tsfile/live/1028_1.m3u8, From: subscribe, IPv_Type: ipv6, Location: 美国, ISP: CloudFlare Inc., Date: None, Delay: -1 ms, Speed: 0.00 M/s, Resolution: None
Name: 广西卫视, URL: https://t.freetv.fun/live/yan-xi-wei-shi-5.m3u8, From: subscribe, IPv_Type: ipv6, Location: 美国, ISP: CloudFlare Inc., Date: None, Delay: -1 ms, Speed: 0.00 M/s, Resolution: None
Name: 广西卫视, URL: http://a.xiongnas.top:8888/rtp/239.3.1.39:8300, From: subscribe, IPv_Type: ipv6, Location: 中国, ISP: 中国联通, Date: None, Delay: -1 ms, Speed: 0.00 M/s, Resolution: None
Name: 贵州卫视, URL: http://php.jdshipin.com/TVOD/hljyd.php?id=3221226474, From: subscribe, IPv_Type: ipv6, Location: 美国, ISP: CloudFlare Inc., Date: None, Delay: 0.1 ms, Speed: inf M/s, Resolution: 1920x1080
Name: 贵州卫视, URL: http://z.b.bkpcp.top/m.php?id=gzws, From: subscribe, IPv_Type: ipv6, Location: 美国, ISP: CloudFlare Inc., Date: None, Delay: 0.1 ms, Speed: inf M/s, Resolution: 1920x1080
Name: 贵州卫视, URL: http://j.x.bkpcp.top/jx/GUIZHD, From: subscribe, IPv_Type: ipv6, Location: 美国, ISP: CloudFlare Inc., Date: None, Delay: 0.1 ms, Speed: inf M/s, Resolution: 1920x1080
Name: 贵州卫视, URL: http://goo.bkpcp.top/mg/gzws, From: subscribe, IPv_Type: ipv6, Location: 美国, ISP: CloudFlare Inc., Date: None, Delay: 0.1 ms, Speed: inf M/s, Resolution: 1920x1080
Name: 贵州卫视, URL: http://[2409:8087:1a01:df::4030]:80/TVOD/88888888/224/3221225974/main.m3u8, From: subscribe, IPv_Type: ipv6, Location: 中国, ISP: 中国移动, Date: None, Delay: 0.1 ms, Speed: inf M/s, Resolution: 1920x1080
Name: 贵州卫视, URL: http://dsj.motem.top:8880/bptv/10000100000000050000000003873471.m3u8, From: subscribe, IPv_Type: ipv6, Location: 美国, ISP: CloudFlare Inc., Date: None, Delay: 0.1 ms, Speed: inf M/s, Resolution: 1920x1080
Name: 贵州卫视, URL: http://[2409:8087:1a0a:df::404b]/ottrrs.hl.chinamobile.com/TVOD/88888888/224/3221226474/index.m3u8, From: subscribe, IPv_Type: ipv6, Location: 中国, ISP: 中国移动, Date: None, Delay: 0.1 ms, Speed: inf M/s, Resolution: 1920x1080
Name: 贵州卫视, URL: http://[2409:8087:1a01:df::4077]/ottrrs.hl.chinamobile.com/PLTV/88888888/8/3221226474/index.m3u8, From: subscribe, IPv_Type: ipv6, Location: 中国, ISP: 中国移动, Date: None, Delay: 0.1 ms, Speed: inf M/s, Resolution: 1920x1080
Name: 贵州卫视, URL: http://[2409:8087:8:21::18]:6610/otttv.bj.chinamobile.com/PLTV/88888888/224/3221227012/1.m3u8?GuardEncType=2&accountinfo=%7E%7EV2.0%7EnqBF03rFwPucF8ODtWxLQQ%7EtP4-l0lmSfjwLWEfK_el1vH_mv-s1zo4AQJwdedaVwG9xkuFTDg8J26cwOrNJzn20BErrHdLhuZ9EzLUCD3PMW-OMx4MGteHV2vLeW6BqoY%2CEND, From: subscribe, IPv_Type: ipv6, Location: 中国, ISP: 中国移动, Date: None, Delay: -1 ms, Speed: 0.00 M/s, Resolution: None
Name: 贵州卫视, URL: http://[2409:8087:2001:20:2800:0:df6e:eb09]:80/ott.mobaibox.com/PLTV/4/224/3221228136/index.m3u8, From: subscribe, IPv_Type: ipv6, Location: 中国, ISP: 中国移动, Date: None, Delay: 0.1 ms, Speed: inf M/s, Resolution: 1920x1080
Name: 贵州卫视, URL: http://[2409:8087:3428:20:500::100f]:6610/PLTV/88888888/224/3221227201/index.m3u8?servicetype=1&IASHttpSessionId=RR423820220409134714119178, From: subscribe, IPv_Type: ipv6, Location: 中国, ISP: 中国移动, Date: None, Delay: 0.1 ms, Speed: inf M/s, Resolution: 1920x1080
Name: 贵州卫视, URL: http://nas.suntao.online:35455/itv/5000000004000025843.m3u8?cdn=bestzb, From: subscribe, IPv_Type: ipv6, Location: 中国, ISP: 中国联通, Date: None, Delay: 0.1 ms, Speed: inf M/s, Resolution: 1920x1080
Name: 贵州卫视, URL: http://iptv.cdn.ha.chinamobile.com/PLTV/88888888/224/3221227224/index.m3u8, From: subscribe, IPv_Type: ipv6, Location: 中国, ISP: 中国移动, Date: None, Delay: 0.1 ms, Speed: inf M/s, Resolution: 1920x1080
Name: 贵州卫视, URL: http://hwrr.jx.chinamobile.com:8080/PLTV/88888888/224/3221225483/index.m3u8?fmt=ts2hls, From: subscribe, IPv_Type: ipv6, Location: 中国, ISP: 中国移动, Date: None, Delay: 0.1 ms, Speed: inf M/s, Resolution: 1920x1080
Name: 贵州卫视, URL: http://[2409:8087:3428:20:500::1009]:6610/PLTV/88888888/224/3221227201/index.m3u8?servicetype=1&IASHttpSessionId=RR423820220409134714119178, From: subscribe, IPv_Type: ipv6, Location: 中国, ISP: 中国移动, Date: None, Delay: 0.1 ms, Speed: inf M/s, Resolution: 1920x1080
Name: 贵州卫视, URL: http://[2409:8087:2001:20:2800:0:df6e:eb08]/ott.mobaibox.com/PLTV/3/224/3221228136/index.m3u8, From: subscribe, IPv_Type: ipv6, Location: 中国, ISP: 中国移动, Date: None, Delay: 0.1 ms, Speed: inf M/s, Resolution: 1920x1080
Name: 贵州卫视, URL: http://[2409:8087:1e03:21::42]:6610/cms001/ch00000090990000001184/index.m3u8, From: subscribe, IPv_Type: ipv6, Location: 中国, ISP: 中国移动, Date: None, Delay: 0.1 ms, Speed: inf M/s, Resolution: 1920x1080
Name: 贵州卫视, URL: http://[2409:8087:5e01:34::38]:6610/ZTE_CMS/00000001000000060000000000000489/index.m3u8, From: subscribe, IPv_Type: ipv6, Location: 中国, ISP: 中国移动, Date: None, Delay: 0.1 ms, Speed: inf M/s, Resolution: 1920x1080
Name: 贵州卫视, URL: http://[2409:8087:5e00:24::1f]:6060/ZTE_CMS/00000001000000060000000000000489/index.m3u8, From: subscribe, IPv_Type: ipv6, Location: 中国, ISP: 中国移动, Date: None, Delay: 0.1 ms, Speed: inf M/s, Resolution: 1920x1080
Name: 贵州卫视, URL: http://[2409:8087:5e01:34::23]:6610/ZTE_CMS/00000001000000060000000000000489/index.m3u8?IAS, From: subscribe, IPv_Type: ipv6, Location: 中国, ISP: 中国移动, Date: None, Delay: 0.1 ms, Speed: inf M/s, Resolution: 1920x1080
Name: 贵州卫视, URL: http://[2409:8087:4c0a:22:1::11]:6410/170000001115/UmaiCHAN4252663BESTVSMGSMG9/index.m3u8?m3u8_level=2, From: subscribe, IPv_Type: ipv6, Location: 中国, ISP: 中国移动, Date: None, Delay: 0.1 ms, Speed: inf M/s, Resolution: 1920x1080
Name: 贵州卫视, URL: http://[2409:8087:5e01:34::21]:6610/ZTE_CMS/00000001000000060000000000000489/index.m3u8?IAS, From: subscribe, IPv_Type: ipv6, Location: 中国, ISP: 中国移动, Date: None, Delay: 0.1 ms, Speed: inf M/s, Resolution: 1920x1080
Name: 贵州卫视, URL: http://[2409:8087:5e01:34::22]:6610/ZTE_CMS/00000001000000060000000000000489/index.m3u8?IAS, From: subscribe, IPv_Type: ipv6, Location: 中国, ISP: 中国移动, Date: None, Delay: 0.1 ms, Speed: inf M/s, Resolution: 1920x1080
Name: 贵州卫视, URL: http://[2409:8087:5e01:34::20]:6610/ZTE_CMS/00000001000000060000000000000489/index.m3u8?IAS, From: subscribe, IPv_Type: ipv6, Location: 中国, ISP: 中国移动, Date: None, Delay: 0.1 ms, Speed: inf M/s, Resolution: 1920x1080
Name: 贵州卫视, URL: https://stream1.freetv.fun/gui-zhou-wei-shi-gao-qing-3.ctv, From: subscribe, IPv_Type: ipv6, Location: 美国, ISP: CloudFlare Inc., Date: None, Delay: 0.1 ms, Speed: inf M/s, Resolution: 1920x1080
Name: 贵州卫视, URL: http://[2409:8087:1e03:21::2]:6060/cms001/ch00000090990000001184/index.m3u8, From: subscribe, IPv_Type: ipv6, Location: 中国, ISP: 中国移动, Date: None, Delay: 0.1 ms, Speed: inf M/s, Resolution: 1920x1080
Name: 贵州卫视, URL: http://[2409:8087:2001:20:2800:0:df6e:eb1b]:80/wh7f454c46tw1568871343_-998620180/ott.mobaibox.com/PLTV/3/224/3221227551/index.m3u8?icpid=3&RTS=1674385979&from=40&popid=40&hms_devid=2116&prioritypopid=40&vqe=3, From: subscribe, IPv_Type: ipv6, Location: 中国, ISP: 中国移动, Date: None, Delay: 0.1 ms, Speed: inf M/s, Resolution: 1920x1080
Name: 贵州卫视, URL: http://[2409:8087:74f0:22::7]:6410/270000001128/9900000036/index.m3u8, From: subscribe, IPv_Type: ipv6, Location: 中国, ISP: 中国移动, Date: None, Delay: 0.1 ms, Speed: inf M/s, Resolution: 1920x1080
Name: 贵州卫视, URL: http://[2409:8087:1a01:df::7005]/ottrrs.hl.chinamobile.com/PLTV/88888888/224/3221226474/index.m3u8, From: subscribe, IPv_Type: ipv6, Location: 中国, ISP: 中国移动, Date: None, Delay: 0.1 ms, Speed: inf M/s, Resolution: 1920x1080
Name: 贵州卫视, URL: http://[2409:8087:5e00:24::1e]:6060/200000001898/460000089800010100/1.m3u8, From: subscribe, IPv_Type: ipv6, Location: 中国, ISP: 中国移动, Date: None, Delay: 0.1 ms, Speed: inf M/s, Resolution: 1920x1080
Name: 贵州卫视, URL: http://[2409:8087:3869:8021:1001::e5]:6610/PLTV/88888888/224/3221225483/2/index.m3u8, From: subscribe, IPv_Type: ipv6, Location: 中国, ISP: 中国移动, Date: None, Delay: -1 ms, Speed: 0.00 M/s, Resolution: None
Name: 贵州卫视, URL: http://rrs01.hw.gmcc.net:8088/PLTV/81/224/3221226672/1.m3u8, From: subscribe, IPv_Type: ipv6, Location: 中国, ISP: 中国移动, Date: None, Delay: -1 ms, Speed: 0.00 M/s, Resolution: None
Name: 贵州卫视, URL: http://lu.wqwqwq.sbs/itv/5000000004000025843.m3u8?cdn=bestzb, From: subscribe, IPv_Type: ipv6, Location: 美国, ISP: CloudFlare Inc., Date: None, Delay: -1 ms, Speed: 0.00 M/s, Resolution: None
Name: 贵州卫视, URL: http://[2409:8087:1a15:10d1::34]/ottrrs.hl.chinamobile.com/PLTV/88888888/224/3221226474/index.m3u8, From: subscribe, IPv_Type: ipv6, Location: 中国, ISP: 中国移动, Date: None, Delay: -1 ms, Speed: 0.00 M/s, Resolution: None
Name: 贵州卫视, URL: http://[2409:8087:5e08:25::16]:6610/200000001898/460000089800010100/1.m3u8, From: subscribe, IPv_Type: ipv6, Location: 中国, ISP: 中国移动, Date: None, Delay: -1 ms, Speed: 0.00 M/s, Resolution: None
Name: 贵州卫视, URL: https://mursor.ottiptv.cc/mcp/guizhou.m3u8, From: subscribe, IPv_Type: ipv6, Location: 美国, ISP: Oracle Corporation, Date: None, Delay: -1 ms, Speed: 0.00 M/s, Resolution: None
Name: 贵州卫视, URL: https://migu.188766.xyz/?migutoken=73188353f5172edc44798a776775751a&id=gzws&type=sz, From: subscribe, IPv_Type: ipv6, Location: 美国, ISP: CloudFlare Inc., Date: None, Delay: -1 ms, Speed: 0.00 M/s, Resolution: None
Name: 贵州卫视, URL: https://cc06.tv12.xyz/48.m3u8, From: subscribe, IPv_Type: ipv6, Location: 美国, ISP: CloudFlare Inc., Date: None, Delay: -1 ms, Speed: 0.00 M/s, Resolution: None
Name: 贵州卫视, URL: https://jzb.wwkejishe.top/?id=619, From: subscribe, IPv_Type: ipv6, Location: 美国, ISP: CloudFlare Inc., Date: None, Delay: -1 ms, Speed: 0.00 M/s, Resolution: None
Name: 贵州卫视, URL: https://shyd.695847.xyz/cms001/ch00000090990000001184/index.m3u8?IASHttpSessionId=RR4967720251014100028031761&ispcode=12, From: subscribe, IPv_Type: ipv6, Location: 美国, ISP: CloudFlare Inc., Date: None, Delay: -1 ms, Speed: 0.00 M/s, Resolution: None
Name: 贵州卫视, URL: https://iptv.catvod.com/live.php?id=%E8%B4%B5%E5%B7%9E%E5%8D%AB%E8%A7%86, From: subscribe, IPv_Type: ipv6, Location: 美国, ISP: CloudFlare Inc., Date: None, Delay: -1 ms, Speed: 0.00 M/s, Resolution: None
Name: 贵州卫视, URL: http://hwltc.tv.cdn.zj.chinamobile.com/PLTV/88888888/224/3221236236/index.m3u8, From: subscribe, IPv_Type: ipv6, Location: 中国, ISP: 中国移动, Date: None, Delay: -1 ms, Speed: 0.00 M/s, Resolution: None
Name: 贵州卫视, URL: http://tvgslb.hn.chinamobile.com:8089/180000001002/00000000000000020000000000182262/main.m3u8?stbid=, From: subscribe, IPv_Type: ipv6, Location: 中国, ISP: 中国移动, Date: None, Delay: -1 ms, Speed: 0.00 M/s, Resolution: None
Name: 贵州卫视, URL: http://hwottcdn.ln.chinamobile.com/PLTV/11/224/3221226164/index.m3u8, From: subscribe, IPv_Type: ipv6, Location: 中国, ISP: 中国移动, Date: None, Delay: -1 ms, Speed: 0.00 M/s, Resolution: None
Name: 贵州卫视, URL: http://ott.mobaibox.com/PLTV/3/224/3221228136/index.m3u8, From: subscribe, IPv_Type: ipv6, Location: 中国, ISP: 中国移动, Date: None, Delay: -1 ms, Speed: 0.00 M/s, Resolution: None
Name: 贵州卫视, URL: http://k.061899.xyz/k.php?id=gzws, From: subscribe, IPv_Type: ipv6, Location: 新加坡, ISP: Aceville Pte.Ltd., Date: None, Delay: -1 ms, Speed: 0.00 M/s, Resolution: None
Name: 贵州卫视, URL: http://iptvrr.sh.chinamobile.com:6060/cms001/ch00000090990000001184/index.m3u8, From: subscribe, IPv_Type: ipv6, Location: 中国, ISP: 中国移动, Date: None, Delay: -1 ms, Speed: 0.00 M/s, Resolution: None
Name: 贵州卫视, URL: https://t.freetv.fun/live/gui-zhou-wei-shi-5.m3u8, From: subscribe, IPv_Type: ipv6, Location: 美国, ISP: CloudFlare Inc., Date: None, Delay: -1 ms, Speed: 0.00 M/s, Resolution: None
Name: 贵州卫视, URL: https://gd202.tv1288.xyz/tsfile/live/1023_1.m3u8, From: subscribe, IPv_Type: ipv6, Location: 美国, ISP: CloudFlare Inc., Date: None, Delay: -1 ms, Speed: 0.00 M/s, Resolution: None
Name: 贵州卫视, URL: http://125.43.249.150:9901/tsfile/live/1038_1.m3u8?key=txiptv&playlive=1&authid=0, From: subscribe, IPv_Type: ipv4, Location: 中国-河南-焦作, ISP: 联通, Date: None, Delay: 10305 ms, Speed: 0.00 M/s, Resolution: None
Name: 海南卫视, URL: http://php.jdshipin.com/TVOD/hnyd.php?id=200000001898/460000089800010083, From: subscribe, IPv_Type: ipv6, Location: 美国, ISP: CloudFlare Inc., Date: None, Delay: 0.1 ms, Speed: inf M/s, Resolution: 1920x1080
Name: 海南卫视, URL: http://z.b.bkpcp.top/m.php?id=hinws, From: subscribe, IPv_Type: ipv6, Location: 美国, ISP: CloudFlare Inc., Date: None, Delay: 0.1 ms, Speed: inf M/s, Resolution: 1920x1080
Name: 海南卫视, URL: http://j.x.bkpcp.top/jx/HAINHD, From: subscribe, IPv_Type: ipv6, Location: 美国, ISP: CloudFlare Inc., Date: None, Delay: 0.1 ms, Speed: inf M/s, Resolution: 1920x1080
Name: 海南卫视, URL: http://goo.bkpcp.top/mg/hinws, From: subscribe, IPv_Type: ipv6, Location: 美国, ISP: CloudFlare Inc., Date: None, Delay: 0.1 ms, Speed: inf M/s, Resolution: 1920x1080
Name: 海南卫视, URL: http://dsj.motem.top:8880/bptv/10000100000000050000000004796877.m3u8, From: subscribe, IPv_Type: ipv6, Location: 美国, ISP: CloudFlare Inc., Date: None, Delay: 0.1 ms, Speed: inf M/s, Resolution: 1920x1080
Name: 海南卫视, URL: http://[2409:8087:1a0a:df::404b]/ottrrs.hl.chinamobile.com/TVOD/88888888/224/3221226465/index.m3u8, From: subscribe, IPv_Type: ipv6, Location: 中国, ISP: 中国移动, Date: None, Delay: 0.1 ms, Speed: inf M/s, Resolution: 1920x1080
Name: 海南卫视, URL: http://[2409:8087:1a01:df::4077]/ottrrs.hl.chinamobile.com/PLTV/88888888/8/3221226465/index.m3u8, From: subscribe, IPv_Type: ipv6, Location: 中国, ISP: 中国移动, Date: None, Delay: 0.1 ms, Speed: inf M/s, Resolution: 1920x1080
Name: 海南卫视, URL: http://[2409:8087:8:21::18]:6610/otttv.bj.chinamobile.com/PLTV/88888888/224/3221227029/1.m3u8?GuardEncType=2&accountinfo=%7E%7EV2.0%7EEuBMjt2kLMD8fAO7QYER7Q%7EtP4-l0lmSfjwLWEfK_el1vH_mv-s1zo4AQJwdedaVwG9xkuFTDg8J26cwOrNJzn20BErrHdLhuZ9EzLUCD3PMW-OMx4MGteHV2vLeW6BqoY%2CEND, From: subscribe, IPv_Type: ipv6, Location: 中国, ISP: 中国移动, Date: None, Delay: -1 ms, Speed: 0.00 M/s, Resolution: None
Name: 海南卫视, URL: http://[2409:8087:2001:20:2800:0:df6e:eb09]:80/ott.mobaibox.com/PLTV/4/224/3221228139/index.m3u8, From: subscribe, IPv_Type: ipv6, Location: 中国, ISP: 中国移动, Date: None, Delay: 0.1 ms, Speed: inf M/s, Resolution: 1920x1080
Name: 海南卫视, URL: http://[2409:8087:1e03:21::2]:6060/cms001/ch00000090990000001183/index.m3u8, From: subscribe, IPv_Type: ipv6, Location: 中国, ISP: 中国移动, Date: None, Delay: 0.1 ms, Speed: inf M/s, Resolution: 1920x1080
Name: 海南卫视, URL: http://[2409:8087:3428:20:500::100f]:6610/PLTV/88888888/224/3221225855/index.m3u8?servicetype=1&IASHttpSessionId=RR423820220409134714119178, From: subscribe, IPv_Type: ipv6, Location: 中国, ISP: 中国移动, Date: None, Delay: 0.1 ms, Speed: inf M/s, Resolution: 1920x1080
Name: 海南卫视, URL: http://[2409:8087:3428:20:500::1009]:6610/PLTV/88888888/224/3221225855/index.m3u8?servicetype=1&IASHttpSessionId=RR423820220409134714119178, From: subscribe, IPv_Type: ipv6, Location: 中国, ISP: 中国移动, Date: None, Delay: 0.1 ms, Speed: inf M/s, Resolution: 1920x1080
Name: 海南卫视, URL: http://iptv.cdn.ha.chinamobile.com/PLTV/88888888/224/3221226562/index.m3u8, From: subscribe, IPv_Type: ipv6, Location: 中国, ISP: 中国移动, Date: None, Delay: 0.1 ms, Speed: inf M/s, Resolution: 1920x1080
Name: 海南卫视, URL: https://www.freetv.top/migu/947472502.m3u8?migutoken=7837384e48fd26a97f31b5166b88580720ebc21f5e10f392561f571058dda831b33433f9113b41fa03dff482db5244ae83df7b277e82cf7a4651045d113b16c3733999e3c4428166e0995051a4, From: subscribe, IPv_Type: ipv6, Location: 美国-加利福尼亚州-圣克拉拉, ISP: DigitalOcean, Date: None, Delay: 0.1 ms, Speed: inf M/s, Resolution: 1920x1080
Name: 海南卫视, URL: http://nas.suntao.online:35455/itv/5000000004000006211.m3u8?cdn=bestzb, From: subscribe, IPv_Type: ipv6, Location: 中国, ISP: 中国联通, Date: None, Delay: 0.1 ms, Speed: inf M/s, Resolution: 1920x1080
Name: 海南卫视, URL: https://stream1.freetv.fun/e7287ead73b2c6f7869c81ee2fcec3298ffc2cea26a0402cd3c32084280590b6.ctv, From: subscribe, IPv_Type: ipv6, Location: 美国, ISP: CloudFlare Inc., Date: None, Delay: 0.1 ms, Speed: inf M/s, Resolution: 1920x1080
Name: 海南卫视, URL: http://hwrr.jx.chinamobile.com:8080/PLTV/88888888/224/3221226212/index.m3u8?fmt=ts2hls, From: subscribe, IPv_Type: ipv6, Location: 中国, ISP: 中国移动, Date: None, Delay: 0.1 ms, Speed: inf M/s, Resolution: 1920x1080
Name: 海南卫视, URL: http://[2409:8087:2001:20:2800:0:df6e:eb08]/wh7f454c46tw2843123663_1489055229/ott.mobaibox.com/PLTV/3/224/3221228139/index.m3u8?icpid=3&RTS=1669701444&from=40&popid=40&hms_devid=2037&prioritypopid=40&vqe=3, From: subscribe, IPv_Type: ipv6, Location: 中国, ISP: 中国移动, Date: None, Delay: 0.1 ms, Speed: inf M/s, Resolution: 1920x1080
Name: 海南卫视, URL: http://[2409:8087:1e03:21::11]:6610/cms001/ch00000090990000001183/index.m3u8, From: subscribe, IPv_Type: ipv6, Location: 中国, ISP: 中国移动, Date: None, Delay: 0.1 ms, Speed: inf M/s, Resolution: 1920x1080
Name: 海南卫视, URL: http://[2409:8087:2001:20:2800:0:df6e:eb05]:80/wh7f454c46tw1760762625_-423271938/ott.mobaibox.com/PLTV/3/224/3221228101/index.m3u8?icpid=3&RTS=1674386171&from=40&popid=40&hms_devid=2041&prioritypopid=40&vqe=3, From: subscribe, IPv_Type: ipv6, Location: 中国, ISP: 中国移动, Date: None, Delay: 0.1 ms, Speed: inf M/s, Resolution: 1920x1080
Name: 海南卫视, URL: http://[2409:8087:1e03:21::42]:6610/cms001/ch00000090990000001183/index.m3u8, From: subscribe, IPv_Type: ipv6, Location: 中国, ISP: 中国移动, Date: None, Delay: 0.1 ms, Speed: inf M/s, Resolution: 1920x1080
Name: 海南卫视, URL: http://[2409:8087:4c0a:22:1::11]:6410/170000001115/UmaiCHAN4252684BESTVSMGSMG9/index.m3u8?m3u8_level=2, From: subscribe, IPv_Type: ipv6, Location: 中国, ISP: 中国移动, Date: None, Delay: 0.1 ms, Speed: inf M/s, Resolution: 1920x1080
Name: 海南卫视, URL: http://[2409:8087:5e01:34::38]:6610/ZTE_CMS/00000001000000060000000000000262/index.m3u8?, From: subscribe, IPv_Type: ipv6, Location: 中国, ISP: 中国移动, Date: None, Delay: 0.1 ms, Speed: inf M/s, Resolution: 1920x1080
Name: 海南卫视, URL: http://[2409:8087:1a0b:df::4020]/ottrrs.hl.chinamobile.com/PLTV/88888888/224/3221226465/index.m3u8, From: subscribe, IPv_Type: ipv6, Location: 中国, ISP: 中国移动, Date: None, Delay: 0.1 ms, Speed: inf M/s, Resolution: 1920x1080
Name: 海南卫视, URL: http://[2409:8087:5e01:34::20]:6610/ZTE_CMS/00000001000000060000000000000262/index.m3u8?IAS, From: subscribe, IPv_Type: ipv6, Location: 中国, ISP: 中国移动, Date: None, Delay: 0.1 ms, Speed: inf M/s, Resolution: 1920x1080
Name: 海南卫视, URL: http://[2409:8087:5e01:34::21]:6610/ZTE_CMS/00000001000000060000000000000262/index.m3u8?IAS, From: subscribe, IPv_Type: ipv6, Location: 中国, ISP: 中国移动, Date: None, Delay: 0.1 ms, Speed: inf M/s, Resolution: 1920x1080
Name: 海南卫视, URL: http://[2409:8087:5e01:34::22]:6610/ZTE_CMS/00000001000000060000000000000262/index.m3u8?IAS, From: subscribe, IPv_Type: ipv6, Location: 中国, ISP: 中国移动, Date: None, Delay: 0.1 ms, Speed: inf M/s, Resolution: 1920x1080
Name: 海南卫视, URL: http://[2409:8087:5e01:34::23]:6610/ZTE_CMS/00000001000000060000000000000262/index.m3u8?IAS, From: subscribe, IPv_Type: ipv6, Location: 中国, ISP: 中国移动, Date: None, Delay: 0.1 ms, Speed: inf M/s, Resolution: 1920x1080
Name: 海南卫视, URL: http://live.wqwqwq.sbs/itv/5000000004000006211.m3u8?cdn=bestzb, From: subscribe, IPv_Type: ipv6, Location: 美国, ISP: CloudFlare Inc., Date: None, Delay: 0.1 ms, Speed: inf M/s, Resolution: 1920x1080
Name: 海南卫视, URL: http://[2409:8087:74f0:22::7]:6410/270000001128/9900000037/index.m3u8, From: subscribe, IPv_Type: ipv6, Location: 中国, ISP: 中国移动, Date: None, Delay: 0.1 ms, Speed: inf M/s, Resolution: 1920x1080
Name: 海南卫视, URL: http://[2409:8087:1a01:df::7005]/ottrrs.hl.chinamobile.com/PLTV/88888888/224/3221226465/index.m3u8, From: subscribe, IPv_Type: ipv6, Location: 中国, ISP: 中国移动, Date: None, Delay: 0.1 ms, Speed: inf M/s, Resolution: 1920x1080
Name: 海南卫视, URL: http://[2409:8087:3869:8021:1001::e5]:6610/PLTV/88888888/224/3221225722/2/index.m3u8, From: subscribe, IPv_Type: ipv6, Location: 中国, ISP: 中国移动, Date: None, Delay: -1 ms, Speed: 0.00 M/s, Resolution: None
Name: 海南卫视, URL: http://rrs01.hw.gmcc.net:8088/PLTV/81/224/3221226679/1.m3u8, From: subscribe, IPv_Type: ipv6, Location: 中国, ISP: 中国移动, Date: None, Delay: -1 ms, Speed: 0.00 M/s, Resolution: None
Name: 海南卫视, URL: http://lu.wqwqwq.sbs/itv/5000000004000006211.m3u8?cdn=bestzb, From: subscribe, IPv_Type: ipv6, Location: 美国, ISP: CloudFlare Inc., Date: None, Delay: -1 ms, Speed: 0.00 M/s, Resolution: None
Name: 海南卫视, URL: http://[2409:8087:5e08:25::16]:6610/200000001898/460000089800010083/1.m3u8, From: subscribe, IPv_Type: ipv6, Location: 中国, ISP: 中国移动, Date: None, Delay: -1 ms, Speed: 0.00 M/s, Resolution: None
Name: 海南卫视, URL: https://mursor.ottiptv.cc/mcp/hainan.m3u8, From: subscribe, IPv_Type: ipv6, Location: 美国, ISP: Oracle Corporation, Date: None, Delay: -1 ms, Speed: 0.00 M/s, Resolution: None
Name: 海南卫视, URL: http://gslbmgsplive.miguvideo.com/envivo_x/SD/lvyou/711/index.m3u8?msisdn=20250919080133fff788240a634f059b6251c98cf52cd7&mdspid=&spid=600633&netType=0&sid=5910022165&pid=2028597139&timestamp=20250919080133&Channel_ID=0116_2600000900-99000-201600010010027&ProgramID=947472502&ParentNodeID=-99&assertID=5910022165&client_ip=106.13.250.88&SecurityKey=20250919080133&promotionId=&mvid=5900004359&mcid=500020&playurlVersion=WX-A1-8.9.1-RELEASE&userid=&jmhm=&videocodec=h264&bean=mgspad&tid=android&conFee=0&puData=b9e200bd43702b46484ce57e292ea580&ddCalcu=0b89e5e1a27e00209b2de47357e0c24b8446, From: subscribe, IPv_Type: ipv6, Location: 中国, ISP: 中国移动, Date: None, Delay: -1 ms, Speed: 0.00 M/s, Resolution: None
Name: 海南卫视, URL: https://migu.188766.xyz/?migutoken=a7fb0639ca49b74ff0dab2d634d0478f&id=hinws_hd&type=sz, From: subscribe, IPv_Type: ipv6, Location: 美国, ISP: CloudFlare Inc., Date: None, Delay: -1 ms, Speed: 0.00 M/s, Resolution: None
Name: 海南卫视, URL: https://cc06.tv12.xyz/93.m3u8, From: subscribe, IPv_Type: ipv6, Location: 美国, ISP: CloudFlare Inc., Date: None, Delay: -1 ms, Speed: 0.00 M/s, Resolution: None
Name: 海南卫视, URL: https://jzb.wwkejishe.top/?id=600, From: subscribe, IPv_Type: ipv6, Location: 美国, ISP: CloudFlare Inc., Date: None, Delay: -1 ms, Speed: 0.00 M/s, Resolution: None
Name: 海南卫视, URL: https://shyd.695847.xyz/cms001/ch00000090990000001183/index.m3u8?IASHttpSessionId=RR4967720251014100028031761&ispcode=12, From: subscribe, IPv_Type: ipv6, Location: 美国, ISP: CloudFlare Inc., Date: None, Delay: -1 ms, Speed: 0.00 M/s, Resolution: None
Name: 海南卫视, URL: https://iptv.catvod.com/live.php?id=%E6%B5%B7%E5%8D%97%E5%8D%AB%E8%A7%86, From: subscribe, IPv_Type: ipv6, Location: 美国, ISP: CloudFlare Inc., Date: None, Delay: -1 ms, Speed: 0.00 M/s, Resolution: None
Name: 海南卫视, URL: https://live.chinacert.cftest5.cn/mg/?id=947472502, From: subscribe, IPv_Type: ipv6, Location: 中国, ISP: 中国联通, Date: None, Delay: -1 ms, Speed: 0.00 M/s, Resolution: None
Name: 海南卫视, URL: http://ott.mobaibox.com/PLTV/3/224/3221228139/index.m3u8, From: subscribe, IPv_Type: ipv6, Location: 中国, ISP: 中国移动, Date: None, Delay: -1 ms, Speed: 0.00 M/s, Resolution: None
Name: 海南卫视, URL: http://hwltc.tv.cdn.zj.chinamobile.com/PLTV/88888888/224/3221236232/index.m3u8, From: subscribe, IPv_Type: ipv6, Location: 中国, ISP: 中国移动, Date: None, Delay: -1 ms, Speed: 0.00 M/s, Resolution: None
Name: 海南卫视, URL: http://hwottcdn.ln.chinamobile.com/PLTV/11/224/3221226801/index.m3u8, From: subscribe, IPv_Type: ipv6, Location: 中国, ISP: 中国移动, Date: None, Delay: -1 ms, Speed: 0.00 M/s, Resolution: None
Name: 海南卫视, URL: http://k.061899.xyz/k.php?id=hinws, From: subscribe, IPv_Type: ipv6, Location: 新加坡, ISP: Aceville Pte.Ltd., Date: None, Delay: -1 ms, Speed: 0.00 M/s, Resolution: None
Name: 海南卫视, URL: http://iptvrr.sh.chinamobile.com:6060/cms001/ch00000090990000001183/index.m3u8, From: subscribe, IPv_Type: ipv6, Location: 中国, ISP: 中国移动, Date: None, Delay: -1 ms, Speed: 0.00 M/s, Resolution: None
Name: 海南卫视, URL: http://tvgslb.hn.chinamobile.com:8089/180000001002/00000000000000020000000000181765/main.m3u8?stbid=, From: subscribe, IPv_Type: ipv6, Location: 中国, ISP: 中国移动, Date: None, Delay: -1 ms, Speed: 0.00 M/s, Resolution: None
Name: 海南卫视, URL: http://mgsp-ws2.live.miguvideo.com:8088/envivo_x/SD/lvyou/711/index.m3u8?msisdn=e55e9ee71b42d2d7008a152c069625e3&mdspid=&spid=600633&netType=0&sid=5910022165&pid=2028597139&timestamp=20260216080226&Channel_ID=0116_2600034600-99000-201600010010028&ProgramID=947472502&ParentNodeID=-99&assertID=5910022165&client_ip=218.28.233.106&SecurityKey=20260216080226&promotionId=&mvid=5900004359&mcid=500020&playurlVersion=WX-A1-9.2.1-RELEASE&userid=&jmhm=&videocodec=h264&appCode=miguvideo_android&bean=mgspad&tid=android&conFee=0&encrypt=cf9ef97bce870bd381cebe396eb02ff6&sv=10004&ct=android, From: subscribe, IPv_Type: ipv6, Location: 加拿大, ISP: , Date: None, Delay: -1 ms, Speed: 0.00 M/s, Resolution: None
Name: 海南卫视, URL: http://mgsp-yx2.live.miguvideo.com:8088/envivo_x/SD/lvyou/711/index.m3u8?msisdn=2be6b2ec9fcf10d2c2457e2c710e172c&mdspid=&spid=600633&netType=0&sid=5910022165&pid=2028597139&timestamp=20260227080208&Channel_ID=0116_2600034600-99000-201600010010028&ProgramID=947472502&ParentNodeID=-99&assertID=5910022165&client_ip=218.28.233.106&SecurityKey=20260227080208&promotionId=&mvid=5900004359&mcid=500020&playurlVersion=WX-A1-9.2.1-RELEASE&userid=&jmhm=&videocodec=h264&appCode=miguvideo_android&bean=mgspad&tid=android&conFee=0&encrypt=16edca1f344ce003fd10554d577aef35&sv=10004&ct=android, From: subscribe, IPv_Type: ipv6, Location: 中国, ISP: 中国电信, Date: None, Delay: -1 ms, Speed: 0.00 M/s, Resolution: None
Name: 海南卫视, URL: http://mgsp-hs2.live.miguvideo.com:8088/envivo_x/SD/lvyou/711/index.m3u8?msisdn=2be6b2ec9fcf10d2c2457e2c710e172c&mdspid=&spid=600633&netType=0&sid=5910022165&pid=2028597139&timestamp=20260303080208&Channel_ID=0116_2600034600-99000-201600010010028&ProgramID=947472502&ParentNodeID=-99&assertID=5910022165&client_ip=218.28.233.106&SecurityKey=20260303080208&promotionId=&mvid=5900004359&mcid=500020&playurlVersion=WX-A1-9.2.2-RELEASE&userid=&jmhm=&videocodec=h264&appCode=miguvideo_android&bean=mgspad&tid=android&conFee=0&encrypt=a308dd656b4d22ccafa7946bc0be8e27&sv=10004&ct=android, From: subscribe, IPv_Type: ipv6, Location: 中国, ISP: 中国联通, Date: None, Delay: -1 ms, Speed: 0.00 M/s, Resolution: None
Name: 海南卫视, URL: https://gd202.tv1288.xyz/tsfile/live/1027_1.m3u8, From: subscribe, IPv_Type: ipv6, Location: 美国, ISP: CloudFlare Inc., Date: None, Delay: -1 ms, Speed: 0.00 M/s, Resolution: None
Name: 海南卫视, URL: http://a.xiongnas.top:8888/rtp/239.3.1.45:8304, From: subscribe, IPv_Type: ipv6, Location: 中国, ISP: 中国联通, Date: None, Delay: -1 ms, Speed: 0.00 M/s, Resolution: None
Name: 海南卫视, URL: http://b.xiongnas.top:8888/rtp/239.3.1.45:8304, From: subscribe, IPv_Type: ipv6, Location: 中国, ISP: 中国联通, Date: None, Delay: -1 ms, Speed: 0.00 M/s, Resolution: None
Name: 河北卫视, URL: http://php.jdshipin.com/TVOD/hnyd.php?id=200000001898/460000089800010101, From: subscribe, IPv_Type: ipv6, Location: 美国, ISP: CloudFlare Inc., Date: None, Delay: 0.1 ms, Speed: inf M/s, Resolution: 1920x1080
Name: 河北卫视, URL: http://z.b.bkpcp.top/m.php?id=hbws, From: subscribe, IPv_Type: ipv6, Location: 美国, ISP: CloudFlare Inc., Date: None, Delay: 0.1 ms, Speed: inf M/s, Resolution: 1920x1080
Name: 河北卫视, URL: https://jwplay.hebyun.com.cn/live/hbwstv/1500k/tzwj_video.m3u8, From: subscribe, IPv_Type: ipv6, Location: 中国, ISP: 中国联通, Date: None, Delay: 0.1 ms, Speed: inf M/s, Resolution: 1920x1080
Name: 河北卫视, URL: http://iptv.huuc.edu.cn/hls/hebhd.m3u8, From: subscribe, IPv_Type: ipv6, Location: 中国, ISP: 教育网, Date: None, Delay: 0.1 ms, Speed: inf M/s, Resolution: 1920x1080
Name: 河北卫视, URL: http://[2409:8087:1a01:df::4077]/ottrrs.hl.chinamobile.com/PLTV/88888888/8/3221226406/index.m3u8, From: subscribe, IPv_Type: ipv6, Location: 中国, ISP: 中国移动, Date: None, Delay: 0.1 ms, Speed: inf M/s, Resolution: 1920x1080
Name: 河北卫视, URL: http://tv.pull.hebtv.com/jishi/weishipindao.m3u8?t=2510710360&k=3d44740039027301acf8341d7361ab59, From: subscribe, IPv_Type: ipv6, Location: 中国, ISP: 中国电信, Date: None, Delay: 0.1 ms, Speed: inf M/s, Resolution: 1920x1080
Name: 河北卫视, URL: http://[2409:8087:1a01:df::4035]:80/TVOD/88888888/224/3221225961/main.m3u8, From: subscribe, IPv_Type: ipv6, Location: 中国, ISP: 中国移动, Date: None, Delay: -1 ms, Speed: 0.00 M/s, Resolution: None
Name: 河北卫视, URL: http://dsj.motem.top:8880/bptv/10000100000000050000000003873460.m3u8, From: subscribe, IPv_Type: ipv6, Location: 美国, ISP: CloudFlare Inc., Date: None, Delay: 0.1 ms, Speed: inf M/s, Resolution: 1920x1080
Name: 河北卫视, URL: https://live.lalifeier.eu.org/hebtv/hbws.m3u8?t=1746372302&key=b89007ab1e7b4801eaa22ec0048feb91, From: subscribe, IPv_Type: ipv6, Location: 美国, ISP: CloudFlare Inc., Date: None, Delay: 0.1 ms, Speed: inf M/s, Resolution: 1920x1080
Name: 河北卫视, URL: https://tv.pull.hebtv.com/jishi/weishipindao.m3u8?t=1746316818&k=7e9b50f9b9b642ffd4ce1363bb6847ab, From: subscribe, IPv_Type: ipv6, Location: 中国, ISP: 中国电信, Date: None, Delay: 0.1 ms, Speed: inf M/s, Resolution: 1920x1080
Name: 河北卫视, URL: http://[2409:8087:1a0a:df::404b]/ottrrs.hl.chinamobile.com/TVOD/88888888/224/3221226406/index.m3u8, From: subscribe, IPv_Type: ipv6, Location: 中国, ISP: 中国移动, Date: None, Delay: 0.1 ms, Speed: inf M/s, Resolution: 1920x1080
Name: 河北卫视, URL: http://nas.suntao.online:35455/itv/5000000006000040016.m3u8?cdn=bestzb, From: subscribe, IPv_Type: ipv6, Location: 中国, ISP: 中国联通, Date: None, Delay: 0.1 ms, Speed: inf M/s, Resolution: 1920x1080
Name: 河北卫视, URL: http://iptv.cdn.ha.chinamobile.com/PLTV/88888888/224/3221227222/index.m3u8, From: subscribe, IPv_Type: ipv6, Location: 中国, ISP: 中国移动, Date: None, Delay: 0.1 ms, Speed: inf M/s, Resolution: 1920x1080
Name: 河北卫视, URL: http://lu.wqwqwq.sbs/itv/5000000006000040016.m3u8?cdn=bestzb, From: subscribe, IPv_Type: ipv6, Location: 美国, ISP: CloudFlare Inc., Date: None, Delay: 0.1 ms, Speed: inf M/s, Resolution: 1920x1080
Name: 河北卫视, URL: http://live.wqwqwq.sbs/itv/5000000006000040016.m3u8?cdn=bestzb, From: subscribe, IPv_Type: ipv6, Location: 美国, ISP: CloudFlare Inc., Date: None, Delay: 0.1 ms, Speed: inf M/s, Resolution: 1920x1080
Name: 河北卫视, URL: https://stream1.freetv.fun/a995bf588414dfdd5597e1458b574468be6201181b6323fd280473e314d4f397.ctv, From: subscribe, IPv_Type: ipv6, Location: 美国, ISP: CloudFlare Inc., Date: None, Delay: 0.1 ms, Speed: inf M/s, Resolution: 1920x1080
Name: 河北卫视, URL: http://hwrr.jx.chinamobile.com:8080/PLTV/88888888/224/3221225610/index.m3u8?fmt=ts2hls, From: subscribe, IPv_Type: ipv6, Location: 中国, ISP: 中国移动, Date: None, Delay: 0.1 ms, Speed: inf M/s, Resolution: 1920x1080
Name: 河北卫视, URL: http://[2409:8087:3428:20:500::100f]:6610/PLTV/88888888/224/3221225837/index.m3u8?servicetype=1&IASHttpSessionId=RR423820220409134714119178, From: subscribe, IPv_Type: ipv6, Location: 中国, ISP: 中国移动, Date: None, Delay: 0.1 ms, Speed: inf M/s, Resolution: 1920x1080
Name: 河北卫视, URL: http://[2409:8087:3428:20:500::1009]:6610/PLTV/88888888/224/3221225837/index.m3u8?servicetype=1&IASHttpSessionId=RR423820220409134714119178, From: subscribe, IPv_Type: ipv6, Location: 中国, ISP: 中国移动, Date: None, Delay: 0.1 ms, Speed: inf M/s, Resolution: 1920x1080
Name: 河北卫视, URL: http://[2409:8087:5e01:34::21]:6610/ZTE_CMS/00000001000000060000000000000487/index.m3u8, From: subscribe, IPv_Type: ipv6, Location: 中国, ISP: 中国移动, Date: None, Delay: 0.1 ms, Speed: inf M/s, Resolution: 1920x1080
Name: 河北卫视, URL: http://[2409:8087:2001:20:2800:0:df6e:eb07]:80/wh7f454c46tw1567506605_718632069/ott.mobaibox.com/PLTV/3/224/3221227545/index.m3u8?icpid=3&RTS=1674385977&from=40&popid=40&hms_devid=2036&prioritypopid=40&vqe=3, From: subscribe, IPv_Type: ipv6, Location: 中国, ISP: 中国移动, Date: None, Delay: 0.1 ms, Speed: inf M/s, Resolution: 1920x1080
Name: 河北卫视, URL: http://[2409:8087:2001:20:2800:0:df6e:eb05]/ott.mobaibox.com/PLTV/3/224/3221228106/index.m3u8, From: subscribe, IPv_Type: ipv6, Location: 中国, ISP: 中国移动, Date: None, Delay: 0.1 ms, Speed: inf M/s, Resolution: 1920x1080
Name: 河北卫视, URL: http://[2409:8087:1e03:21::42]:6610/cms001/ch00000090990000001229/index.m3u8, From: subscribe, IPv_Type: ipv6, Location: 中国, ISP: 中国移动, Date: None, Delay: 0.1 ms, Speed: inf M/s, Resolution: 1920x1080
Name: 河北卫视, URL: http://[2409:8087:1a0b:df::4020]/ottrrs.hl.chinamobile.com/PLTV/88888888/224/3221226406/index.m3u8, From: subscribe, IPv_Type: ipv6, Location: 中国, ISP: 中国移动, Date: None, Delay: 0.1 ms, Speed: inf M/s, Resolution: 1920x1080
Name: 河北卫视, URL: http://[2409:8087:5e01:34::23]:6610/ZTE_CMS/00000001000000060000000000000487/index.m3u8, From: subscribe, IPv_Type: ipv6, Location: 中国, ISP: 中国移动, Date: None, Delay: 0.1 ms, Speed: inf M/s, Resolution: 1920x1080
Name: 河北卫视, URL: http://[2409:8087:5e01:34::38]:6610/ZTE_CMS/00000001000000060000000000000487/index.m3u8, From: subscribe, IPv_Type: ipv6, Location: 中国, ISP: 中国移动, Date: None, Delay: 0.1 ms, Speed: inf M/s, Resolution: 1920x1080
Name: 河北卫视, URL: http://[2409:8087:5e01:34::22]:6610/ZTE_CMS/00000001000000060000000000000487/index.m3u8, From: subscribe, IPv_Type: ipv6, Location: 中国, ISP: 中国移动, Date: None, Delay: 0.1 ms, Speed: inf M/s, Resolution: 1920x1080
Name: 河北卫视, URL: http://[2409:8087:5e00:24::1f]:6060/ZTE_CMS/00000001000000060000000000000487/1.m3u8, From: subscribe, IPv_Type: ipv6, Location: 中国, ISP: 中国移动, Date: None, Delay: 0.1 ms, Speed: inf M/s, Resolution: 1920x1080
Name: 河北卫视, URL: http://[2409:8087:5e01:34::20]:6610/ZTE_CMS/00000001000000060000000000000487/index.m3u8, From: subscribe, IPv_Type: ipv6, Location: 中国, ISP: 中国移动, Date: None, Delay: 0.1 ms, Speed: inf M/s, Resolution: 1920x1080
Name: 河北卫视, URL: http://[2409:8087:4c0a:22:1::11]:6410/170000001115/UmaiCHAN100000002BESTVSMGSMG9/index.m3u8?m3u8_level=2, From: subscribe, IPv_Type: ipv6, Location: 中国, ISP: 中国移动, Date: None, Delay: 0.1 ms, Speed: inf M/s, Resolution: 1920x1080
Name: 河北卫视, URL: http://[2409:8087:2001:20:2800:0:df6e:eb04]:80/ott.mobaibox.com/PLTV/4/224/3221228106/index.m3u8, From: subscribe, IPv_Type: ipv6, Location: 中国, ISP: 中国移动, Date: None, Delay: 0.1 ms, Speed: inf M/s, Resolution: 1920x1080
Name: 河北卫视, URL: http://[2409:8087:1e03:21::2]:6060/cms001/ch00000090990000001229/index.m3u8, From: subscribe, IPv_Type: ipv6, Location: 中国, ISP: 中国移动, Date: None, Delay: 0.1 ms, Speed: inf M/s, Resolution: 1920x1080
Name: 河北卫视, URL: http://[2409:8087:74f0:22::7]:6410/270000001128/9900000057/index.m3u8, From: subscribe, IPv_Type: ipv6, Location: 中国, ISP: 中国移动, Date: None, Delay: 0.1 ms, Speed: inf M/s, Resolution: 1920x1080
Name: 河北卫视, URL: http://[2409:8087:1a01:df::7005]/ottrrs.hl.chinamobile.com/PLTV/88888888/224/3221226406/index.m3u8, From: subscribe, IPv_Type: ipv6, Location: 中国, ISP: 中国移动, Date: None, Delay: 0.1 ms, Speed: inf M/s, Resolution: 1920x1080
Name: 河北卫视, URL: http://[2409:8087:5e00:24::1e]:6060/200000001898/460000089800010101/1.m3u8, From: subscribe, IPv_Type: ipv6, Location: 中国, ISP: 中国移动, Date: None, Delay: 0.1 ms, Speed: inf M/s, Resolution: 1920x1080
Name: 河北卫视, URL: http://[2409:8087:3869:8021:1001::e5]:6610/PLTV/88888888/224/3221225610/2/index.m3u8, From: subscribe, IPv_Type: ipv6, Location: 中国, ISP: 中国移动, Date: None, Delay: -1 ms, Speed: 0.00 M/s, Resolution: None
Name: 河北卫视, URL: http://[2409:8087:8:21::18]:6610/otttv.bj.chinamobile.com/PLTV/88888888/224/3221227014/1.m3u8?GuardEncType=2&accountinfo=%7E%7EV2.0%7ErSGjhI3DMaaAASPrbQJYTg%7EtP4-l0lmSfjwLWEfK_el1vH_mv-s1zo4AQJwdedaVwG9xkuFTDg8J26cwOrNJzn20BErrHdLhuZ9EzLUCD3PMW-OMx4MGteHV2vLeW6BqoY%2CEND, From: subscribe, IPv_Type: ipv6, Location: 中国, ISP: 中国移动, Date: None, Delay: -1 ms, Speed: 0.00 M/s, Resolution: None
Name: 河北卫视, URL: http://rrs01.hw.gmcc.net:8088/PLTV/81/224/3221226684/1.m3u8, From: subscribe, IPv_Type: ipv6, Location: 中国, ISP: 中国移动, Date: None, Delay: -1 ms, Speed: 0.00 M/s, Resolution: None
Name: 河北卫视, URL: http://[2409:8087:1a15:10d1::38]/ottrrs.hl.chinamobile.com/PLTV/88888888/224/3221226406/index.m3u8, From: subscribe, IPv_Type: ipv6, Location: 中国, ISP: 中国移动, Date: None, Delay: -1 ms, Speed: 0.00 M/s, Resolution: None
Name: 河北卫视, URL: http://[2409:8087:5e08:25::16]:6610/200000001898/460000089800010101/1.m3u8, From: subscribe, IPv_Type: ipv6, Location: 中国, ISP: 中国移动, Date: None, Delay: -1 ms, Speed: 0.00 M/s, Resolution: None
Name: 河北卫视, URL: https://mursor.ottiptv.cc/mcp/hebei.m3u8, From: subscribe, IPv_Type: ipv6, Location: 美国, ISP: Oracle Corporation, Date: None, Delay: -1 ms, Speed: 0.00 M/s, Resolution: None
Name: 河北卫视, URL: https://migu.188766.xyz/?migutoken=e7fad312b80132973eaf2630093b9c02&id=hbws_hd&type=yy, From: subscribe, IPv_Type: ipv6, Location: 美国, ISP: CloudFlare Inc., Date: None, Delay: -1 ms, Speed: 0.00 M/s, Resolution: None
Name: 河北卫视, URL: https://cc06.tv12.xyz/51.m3u8, From: subscribe, IPv_Type: ipv6, Location: 美国, ISP: CloudFlare Inc., Date: None, Delay: -1 ms, Speed: 0.00 M/s, Resolution: None
Name: 河北卫视, URL: https://jzb.wwkejishe.top/?id=615, From: subscribe, IPv_Type: ipv6, Location: 美国, ISP: CloudFlare Inc., Date: None, Delay: -1 ms, Speed: 0.00 M/s, Resolution: None
Name: 河北卫视, URL: https://shyd.695847.xyz/cms001/ch00000090990000001229/index.m3u8?IASHttpSessionId=RR4967720251014100028031761&ispcode=12, From: subscribe, IPv_Type: ipv6, Location: 美国, ISP: CloudFlare Inc., Date: None, Delay: -1 ms, Speed: 0.00 M/s, Resolution: None
Name: 河北卫视, URL: https://iptv.catvod.com/live.php?id=%E6%B2%B3%E5%8C%97%E5%8D%AB%E8%A7%86, From: subscribe, IPv_Type: ipv6, Location: 美国, ISP: CloudFlare Inc., Date: None, Delay: -1 ms, Speed: 0.00 M/s, Resolution: None
Name: 河北卫视, URL: http://event.pull.hebtv.com/jishi/weishi_tingyun.m3u8, From: subscribe, IPv_Type: ipv6, Location: 中国, ISP: 中国电信, Date: None, Delay: -1 ms, Speed: 0.00 M/s, Resolution: None
Name: 河北卫视, URL: http://tvgslb.hn.chinamobile.com:8089/180000001002/00000001000000000016000000007223/main.m3u8?stbid=, From: subscribe, IPv_Type: ipv6, Location: 中国, ISP: 中国移动, Date: None, Delay: -1 ms, Speed: 0.00 M/s, Resolution: None
Name: 河北卫视, URL: http://hwltc.tv.cdn.zj.chinamobile.com/PLTV/88888888/224/3221236242/index.m3u8, From: subscribe, IPv_Type: ipv6, Location: 中国, ISP: 中国移动, Date: None, Delay: -1 ms, Speed: 0.00 M/s, Resolution: None
Name: 河北卫视, URL: http://ott.mobaibox.com/PLTV/3/224/3221228106/index.m3u8, From: subscribe, IPv_Type: ipv6, Location: 中国, ISP: 中国移动, Date: None, Delay: -1 ms, Speed: 0.00 M/s, Resolution: None
Name: 河北卫视, URL: http://hwottcdn.ln.chinamobile.com/PLTV/11/224/3221226163/index.m3u8, From: subscribe, IPv_Type: ipv6, Location: 中国, ISP: 中国移动, Date: None, Delay: -1 ms, Speed: 0.00 M/s, Resolution: None
Name: 河北卫视, URL: http://iptvrr.sh.chinamobile.com:6060/cms001/ch00000090990000001229/index.m3u8, From: subscribe, IPv_Type: ipv6, Location: 中国, ISP: 中国移动, Date: None, Delay: -1 ms, Speed: 0.00 M/s, Resolution: None
Name: 河北卫视, URL: http://k.061899.xyz/k.php?id=hbws, From: subscribe, IPv_Type: ipv6, Location: 新加坡, ISP: Aceville Pte.Ltd., Date: None, Delay: -1 ms, Speed: 0.00 M/s, Resolution: None
Name: 河北卫视, URL: https://t.freetv.fun/live/he-bei-wei-shi-6.m3u8, From: subscribe, IPv_Type: ipv6, Location: 美国, ISP: CloudFlare Inc., Date: None, Delay: -1 ms, Speed: 0.00 M/s, Resolution: None
Name: 河北卫视, URL: http://mgsp-hs2.live.miguvideo.com:8088/migu/kailu/hbws/51/20251225/index.m3u8?msisdn=e55e9ee71b42d2d7008a152c069625e3&mdspid=&spid=600725&netType=0&sid=5910022316&pid=2028597139&timestamp=20260215080207&Channel_ID=0116_2600034600-99000-201600010010028&ProgramID=962042070&ParentNodeID=-99&assertID=5910022316&client_ip=218.28.233.106&SecurityKey=20260215080207&promotionId=&mvid=5900006782&mcid=500020&playurlVersion=WX-A1-9.2.1-RELEASE&userid=&jmhm=&videocodec=h264&appCode=miguvideo_android&bean=mgspad&tid=android&conFee=0&encrypt=f7e4d4496f350bf9ec5c0240f8c6236a&sv=10004&ct=android, From: subscribe, IPv_Type: ipv6, Location: 中国, ISP: 中国电信, Date: None, Delay: -1 ms, Speed: 0.00 M/s, Resolution: None
Name: 河北卫视, URL: http://mgsp-ws2.live.miguvideo.com:8088/migu/kailu/hbws/51/20251225/index.m3u8?msisdn=e55e9ee71b42d2d7008a152c069625e3&mdspid=&spid=600725&netType=0&sid=5910022316&pid=2028597139&timestamp=20260217084018&Channel_ID=0116_2600034600-99000-201600010010028&ProgramID=962042070&ParentNodeID=-99&assertID=5910022316&client_ip=218.28.233.106&SecurityKey=20260217084018&promotionId=&mvid=5900006782&mcid=500020&playurlVersion=WX-A1-9.2.1-RELEASE&userid=&jmhm=&videocodec=h264&appCode=miguvideo_android&bean=mgspad&tid=android&conFee=0&encrypt=7eea5451dd54d76f5bbe299f738f12f9&sv=10004&ct=android, From: subscribe, IPv_Type: ipv6, Location: 加拿大, ISP: , Date: None, Delay: -1 ms, Speed: 0.00 M/s, Resolution: None
Name: 河北卫视, URL: http://mgsp-yx2.live.miguvideo.com:8088/migu/kailu/hbws/51/20251225/index.m3u8?msisdn=2be6b2ec9fcf10d2c2457e2c710e172c&mdspid=&spid=600725&netType=0&sid=5910022316&pid=2028597139&timestamp=20260225060204&Channel_ID=0116_2600034600-99000-201600010010028&ProgramID=962042070&ParentNodeID=-99&assertID=5910022316&client_ip=218.28.233.106&SecurityKey=20260225060204&promotionId=&mvid=5900006782&mcid=500020&playurlVersion=WX-A1-9.2.1-RELEASE&userid=&jmhm=&videocodec=h264&appCode=miguvideo_android&bean=mgspad&tid=android&conFee=0&encrypt=b0c2786428aff893d5e3fa1145fb73e1&sv=10004&ct=android, From: subscribe, IPv_Type: ipv6, Location: 中国, ISP: 中国电信, Date: None, Delay: -1 ms, Speed: 0.00 M/s, Resolution: None
Name: 河北卫视, URL: http://mgsp-zy2.live.miguvideo.com:8088/migu/kailu/hbws/51/20251225/index.m3u8?msisdn=2be6b2ec9fcf10d2c2457e2c710e172c&mdspid=&spid=600725&netType=0&sid=5910022316&pid=2028597139&timestamp=20260226080224&Channel_ID=0116_2600034600-99000-201600010010028&ProgramID=962042070&ParentNodeID=-99&assertID=5910022316&client_ip=218.28.233.106&SecurityKey=20260226080224&promotionId=&mvid=5900006782&mcid=500020&playurlVersion=WX-A1-9.2.1-RELEASE&userid=&jmhm=&videocodec=h264&appCode=miguvideo_android&bean=mgspad&tid=android&conFee=0&encrypt=29ed8508877b0a450cb976954200a5b6&sv=10004&ct=android, From: subscribe, IPv_Type: ipv6, Location: 中国, ISP: 中国电信, Date: None, Delay: -1 ms, Speed: 0.00 M/s, Resolution: None
Name: 河北卫视, URL: http://gslbmgsplive.miguvideo.com/migu/kailu/hbws/51/20251225/index.m3u8?msisdn=4e87a591db2dbf326ec601ebcf0a80e2&mdspid=&spid=600725&netType=0&sid=5910022316&pid=2028597139&timestamp=20260602070116&Channel_ID=0116_2600034600-99000-201600010010028&ProgramID=962042070&ParentNodeID=-99&assertID=5910022316&client_ip=47.92.218.236&SecurityKey=20260602070116&promotionId=&mvid=5900006782&mcid=500020&playurlVersion=ZQ-A1-9.5.1.2-RELEASE&userid=&jmhm=&videocodec=h264&appCode=miguvideo_android&bean=mgspad&tid=android&conFee=0&puData=ca4e44794d6beecc75b5ab6f5488045e&ddCalcu=ec5av44a0ec84a844759f46db6ab5ebe5c7c&sv=10004&ct=android, From: subscribe, IPv_Type: ipv6, Location: 中国, ISP: 中国移动, Date: None, Delay: -1 ms, Speed: 0.00 M/s, Resolution: None
Name: 河北卫视, URL: http://173.208.212.130:8181/720p/hews.m3u8, From: subscribe, IPv_Type: ipv4, Location: 美国-密苏里州-杰克逊县, ISP: WholeSale互联网股份有限公司, Date: None, Delay: 649 ms, Speed: 4.16 M/s, Resolution: 1280x720
Name: 河北卫视, URL: http://125.43.249.150:9901/tsfile/live/1032_1.m3u8?key=txiptv&playlive=1&authid=0, From: subscribe, IPv_Type: ipv4, Location: 中国-河南-焦作, ISP: 联通, Date: None, Delay: 10307 ms, Speed: 0.00 M/s, Resolution: None
Name: 河南卫视, URL: http://tvpull.dxhmt.cn:9081/tv/11425-1.m3u8, From: subscribe, IPv_Type: ipv6, Location: 中国-江苏-徐州, ISP: 电信, Date: None, Delay: 0.1 ms, Speed: inf M/s, Resolution: 1920x1080
Name: 河南卫视, URL: http://php.jdshipin.com/TVOD/hljyd.php?id=3221226480, From: subscribe, IPv_Type: ipv6, Location: 美国, ISP: CloudFlare Inc., Date: None, Delay: 0.1 ms, Speed: inf M/s, Resolution: 1920x1080
Name: 河南卫视, URL: http://z.b.bkpcp.top/m.php?id=hnws, From: subscribe, IPv_Type: ipv6, Location: 美国, ISP: CloudFlare Inc., Date: None, Delay: 0.1 ms, Speed: inf M/s, Resolution: 1920x1080
Name: 河南卫视, URL: http://j.x.bkpcp.top/jx/HENHD, From: subscribe, IPv_Type: ipv6, Location: 美国, ISP: CloudFlare Inc., Date: None, Delay: 0.1 ms, Speed: inf M/s, Resolution: 1920x1080
Name: 河南卫视, URL: http://goo.bkpcp.top/mg/hnws, From: subscribe, IPv_Type: ipv6, Location: 美国, ISP: CloudFlare Inc., Date: None, Delay: 0.1 ms, Speed: inf M/s, Resolution: 1920x1080
Name: 河南卫视, URL: http://[2409:8087:1a01:df::4077]/ottrrs.hl.chinamobile.com/PLTV/88888888/8/3221226480/index.m3u8, From: subscribe, IPv_Type: ipv6, Location: 中国, ISP: 中国移动, Date: None, Delay: 0.1 ms, Speed: inf M/s, Resolution: 1920x1080
Name: 河南卫视, URL: http://tvcdn.stream3.hndt.com/tv/65c4a6d5017e1000b2b6ea2500000000_transios/playlist.m3u8?wsSecret=7f59b59573ebfe76d91b35446bb207ad&wsTime=1746680128, From: subscribe, IPv_Type: ipv6, Location: 中国-江苏-扬州, ISP: 电信, Date: None, Delay: 0.1 ms, Speed: inf M/s, Resolution: 1920x1080
Name: 河南卫视, URL: http://dsj.motem.top:8880/bptv/10000100000000050000000003887270.m3u8, From: subscribe, IPv_Type: ipv6, Location: 美国, ISP: CloudFlare Inc., Date: None, Delay: 0.1 ms, Speed: inf M/s, Resolution: 1920x1080
Name: 河南卫视, URL: https://live.lalifeier.eu.org/hntv/hnws.m3u8?t=1746393735&key=728f36a221b96bc109f1ef1914592447, From: subscribe, IPv_Type: ipv6, Location: 美国, ISP: CloudFlare Inc., Date: None, Delay: 0.1 ms, Speed: inf M/s, Resolution: 1920x1080
Name: 河南卫视, URL: http://[2409:8087:1a0a:df::404b]/ottrrs.hl.chinamobile.com/TVOD/88888888/224/3221226480/index.m3u8, From: subscribe, IPv_Type: ipv6, Location: 中国, ISP: 中国移动, Date: None, Delay: 0.1 ms, Speed: inf M/s, Resolution: 1920x1080
Name: 河南卫视, URL: https://www.freetv.top/migu/790187291.m3u8?migutoken=3fa5112cca2c2ce74028510dfbaacbc2dce25969982adc457060f0def4c56e2d5efdeb3d0e4ef181a2255dd07c1e7723b5bee70da78172e50618743c5eac8808279282803f9488156ec4d7dbac, From: subscribe, IPv_Type: ipv6, Location: 美国-加利福尼亚州-圣克拉拉, ISP: DigitalOcean, Date: None, Delay: 0.1 ms, Speed: inf M/s, Resolution: 1920x1080
Name: 河南卫视, URL: http://nas.suntao.online:35455/itv/5000000011000031119.m3u8?cdn=bestzb, From: subscribe, IPv_Type: ipv6, Location: 中国, ISP: 中国联通, Date: None, Delay: 0.1 ms, Speed: inf M/s, Resolution: 1920x1080
Name: 河南卫视, URL: http://iptv.cdn.ha.chinamobile.com/PLTV/88888888/224/3221226526/index.m3u8, From: subscribe, IPv_Type: ipv6, Location: 中国, ISP: 中国移动, Date: None, Delay: 0.1 ms, Speed: inf M/s, Resolution: 1920x1080
Name: 河南卫视, URL: https://stream1.freetv.fun/fb4223368cf11a66a175bd13d3c85ec45923c351e13c75c3a67c5514232729e1.ctv, From: subscribe, IPv_Type: ipv6, Location: 美国, ISP: CloudFlare Inc., Date: None, Delay: 0.1 ms, Speed: inf M/s, Resolution: 1920x1080
Name: 河南卫视, URL: http://hwrr.jx.chinamobile.com:8080/PLTV/88888888/224/3221225611/index.m3u8?fmt=ts2hls, From: subscribe, IPv_Type: ipv6, Location: 中国, ISP: 中国移动, Date: None, Delay: 0.1 ms, Speed: inf M/s, Resolution: 1920x1080
Name: 河南卫视, URL: http://[2409:8087:3428:20:500::100f]:6610/PLTV/88888888/224/3221227095/index.m3u8?servicetype=1&IASHttpSessionId=RR423820220409134714119178, From: subscribe, IPv_Type: ipv6, Location: 中国, ISP: 中国移动, Date: None, Delay: 0.1 ms, Speed: inf M/s, Resolution: 1920x1080
Name: 河南卫视, URL: http://[2409:8087:3428:20:500::1009]:6610/PLTV/88888888/224/3221227095/index.m3u8?servicetype=1&IASHttpSessionId=RR423820220409134714119178, From: subscribe, IPv_Type: ipv6, Location: 中国, ISP: 中国移动, Date: None, Delay: 0.1 ms, Speed: inf M/s, Resolution: 1920x1080
Name: 河南卫视, URL: http://[2409:8087:2001:20:2800:0:df6e:eb07]:80/wh7f454c46tw1760610571_1986142982/ott.mobaibox.com/PLTV/3/224/3221227521/index.m3u8?icpid=3&RTS=1674386171&from=40&popid=40&hms_devid=2036&prioritypopid=40&vqe=3, From: subscribe, IPv_Type: ipv6, Location: 中国, ISP: 中国移动, Date: None, Delay: 0.1 ms, Speed: inf M/s, Resolution: 1920x1080
Name: 河南卫视, URL: http://[2409:8087:2001:20:2800:0:df6e:eb17]/ott.mobaibox.com/PLTV/3/224/3221228221/index.m3u8, From: subscribe, IPv_Type: ipv6, Location: 中国, ISP: 中国移动, Date: None, Delay: 0.1 ms, Speed: inf M/s, Resolution: 1920x1080
Name: 河南卫视, URL: http://[2409:8087:1e03:21::42]:6610/cms001/ch00000090990000001222/index.m3u8, From: subscribe, IPv_Type: ipv6, Location: 中国, ISP: 中国移动, Date: None, Delay: 0.1 ms, Speed: inf M/s, Resolution: 1920x1080
Name: 河南卫视, URL: http://[2409:8087:4c0a:22:1::11]:6410/170000001115/UmaiCHAN5000044BESTVSMGSMG/index.m3u8?m3u8_level=2, From: subscribe, IPv_Type: ipv6, Location: 中国, ISP: 中国移动, Date: None, Delay: 0.1 ms, Speed: inf M/s, Resolution: 1920x1080
Name: 河南卫视, URL: http://[2409:8087:1a0b:df::4020]:80/ottrrs.hl.chinamobile.com/PLTV/88888888/224/3221226480/index.m3u8, From: subscribe, IPv_Type: ipv6, Location: 中国, ISP: 中国移动, Date: None, Delay: 0.1 ms, Speed: inf M/s, Resolution: 1920x1080
Name: 河南卫视, URL: http://[2409:8087:2001:20:2800:0:df6e:eb16]:80/ott.mobaibox.com/PLTV/4/224/3221228221/index.m3u8, From: subscribe, IPv_Type: ipv6, Location: 中国, ISP: 中国移动, Date: None, Delay: 0.1 ms, Speed: inf M/s, Resolution: 1920x1080
Name: 河南卫视, URL: http://[2409:8087:1e03:21::2]:6060/cms001/ch00000090990000001222/index.m3u8, From: subscribe, IPv_Type: ipv6, Location: 中国, ISP: 中国移动, Date: None, Delay: 0.1 ms, Speed: inf M/s, Resolution: 1920x1080
Name: 河南卫视, URL: http://[2409:8087:1e03:21::11]:6610/cms001/ch00000090990000001222/index.m3u8, From: subscribe, IPv_Type: ipv6, Location: 中国, ISP: 中国移动, Date: None, Delay: 0.1 ms, Speed: inf M/s, Resolution: 1920x1080
Name: 河南卫视, URL: http://[2409:8087:74f0:22::7]:6410/270000001128/9900000027/index.m3u8, From: subscribe, IPv_Type: ipv6, Location: 中国, ISP: 中国移动, Date: None, Delay: 0.1 ms, Speed: inf M/s, Resolution: 1920x1080
Name: 河南卫视, URL: http://[2409:8087:1a01:df::7005]/ottrrs.hl.chinamobile.com/PLTV/88888888/224/3221226480/index.m3u8, From: subscribe, IPv_Type: ipv6, Location: 中国, ISP: 中国移动, Date: None, Delay: 0.1 ms, Speed: inf M/s, Resolution: 1920x1080
Name: 河南卫视, URL: http://[2409:8087:3869:8021:1001::e5]:6610/PLTV/88888910/224/3221225611/index.m3u8?fmt=ts2hls, From: subscribe, IPv_Type: ipv6, Location: 中国, ISP: 中国移动, Date: None, Delay: -1 ms, Speed: 0.00 M/s, Resolution: None
Name: 河南卫视, URL: http://rrs01.hw.gmcc.net:8088/PLTV/81/224/3221226687/1.m3u8, From: subscribe, IPv_Type: ipv6, Location: 中国, ISP: 中国移动, Date: None, Delay: -1 ms, Speed: 0.00 M/s, Resolution: None
Name: 河南卫视, URL: http://[2409:8087:1a15:10d1::36]/ottrrs.hl.chinamobile.com/PLTV/88888888/224/3221226480/index.m3u8, From: subscribe, IPv_Type: ipv6, Location: 中国, ISP: 中国移动, Date: None, Delay: -1 ms, Speed: 0.00 M/s, Resolution: None
Name: 河南卫视, URL: http://[2409:8087:5e08:25::16]:6610/200000001898/460000089800010071/1.m3u8, From: subscribe, IPv_Type: ipv6, Location: 中国, ISP: 中国移动, Date: None, Delay: -1 ms, Speed: 0.00 M/s, Resolution: None
Name: 河南卫视, URL: https://mursor.ottiptv.cc/mcp/henan.m3u8, From: subscribe, IPv_Type: ipv6, Location: 美国, ISP: Oracle Corporation, Date: None, Delay: -1 ms, Speed: 0.00 M/s, Resolution: None
Name: 河南卫视, URL: https://migu.188766.xyz/?migutoken=00e1afaf3932b11ff109bb450cde31b2&id=%E6%B2%B3%E5%8D%97%E5%8D%AB%E8%A7%86&type=yy, From: subscribe, IPv_Type: ipv6, Location: 美国, ISP: CloudFlare Inc., Date: None, Delay: -1 ms, Speed: 0.00 M/s, Resolution: None
Name: 河南卫视, URL: http://gslbmgsplive.miguvideo.com/wd-henanwssd-600/index.m3u8?msisdn=20250919080133ff567d24454746b482100582de7fe785&mdspid=&spid=600633&netType=0&sid=5910021585&pid=2028597139&timestamp=20250919080133&Channel_ID=0116_2600000900-99000-201600010010027&ProgramID=790187291&ParentNodeID=-99&assertID=5910021585&client_ip=106.13.250.88&SecurityKey=20250919080133&promotionId=&mvid=5900005706&mcid=500020&playurlVersion=WX-A1-8.9.1-RELEASE&userid=&jmhm=&videocodec=h264&bean=mgspad&tid=android&conFee=0&puData=57d29aafa3ccaeefa3a7bfc59bb5a80f&ddCalcu=f507e8d1a20590baba9f5ac3fcbc7aae3eaf, From: subscribe, IPv_Type: ipv6, Location: 中国, ISP: 中国移动, Date: None, Delay: -1 ms, Speed: 0.00 M/s, Resolution: None
Name: 河南卫视, URL: https://cc06.tv12.xyz/49.m3u8, From: subscribe, IPv_Type: ipv6, Location: 美国, ISP: CloudFlare Inc., Date: None, Delay: -1 ms, Speed: 0.00 M/s, Resolution: None
Name: 河南卫视, URL: https://jzb.wwkejishe.top/?id=616, From: subscribe, IPv_Type: ipv6, Location: 美国, ISP: CloudFlare Inc., Date: None, Delay: -1 ms, Speed: 0.00 M/s, Resolution: None
Name: 河南卫视, URL: https://iptv.catvod.com/live.php?id=%E6%B2%B3%E5%8D%97%E5%8D%AB%E8%A7%86, From: subscribe, IPv_Type: ipv6, Location: 美国, ISP: CloudFlare Inc., Date: None, Delay: -1 ms, Speed: 0.00 M/s, Resolution: None
Name: 河南卫视, URL: https://live.chinacert.cftest5.cn/mg/?id=790187291, From: subscribe, IPv_Type: ipv6, Location: 中国, ISP: 中国联通, Date: None, Delay: -1 ms, Speed: 0.00 M/s, Resolution: None
Name: 河南卫视, URL: http://tvgslb.hn.chinamobile.com:8089/180000001002/00000000000000020000000000182260/main.m3u8?stbid=, From: subscribe, IPv_Type: ipv6, Location: 中国, ISP: 中国移动, Date: None, Delay: -1 ms, Speed: 0.00 M/s, Resolution: None
Name: 河南卫视, URL: http://iptvrr.sh.chinamobile.com:6060/cms001/ch00000090990000001222/index.m3u8, From: subscribe, IPv_Type: ipv6, Location: 中国, ISP: 中国移动, Date: None, Delay: -1 ms, Speed: 0.00 M/s, Resolution: None
Name: 河南卫视, URL: http://k.061899.xyz/k.php?id=hnws, From: subscribe, IPv_Type: ipv6, Location: 新加坡, ISP: Aceville Pte.Ltd., Date: None, Delay: -1 ms, Speed: 0.00 M/s, Resolution: None
Name: 河南卫视, URL: http://ott.mobaibox.com/PLTV/3/224/3221228221/index.m3u8, From: subscribe, IPv_Type: ipv6, Location: 中国, ISP: 中国移动, Date: None, Delay: -1 ms, Speed: 0.00 M/s, Resolution: None
Name: 河南卫视, URL: http://hwottcdn.ln.chinamobile.com/PLTV/11/224/3221227353/index.m3u8, From: subscribe, IPv_Type: ipv6, Location: 中国, ISP: 中国移动, Date: None, Delay: -1 ms, Speed: 0.00 M/s, Resolution: None
Name: 河南卫视, URL: http://hwltc.tv.cdn.zj.chinamobile.com/PLTV/88888888/224/3221236218/index.m3u8, From: subscribe, IPv_Type: ipv6, Location: 中国, ISP: 中国移动, Date: None, Delay: -1 ms, Speed: 0.00 M/s, Resolution: None
Name: 河南卫视, URL: https://t.freetv.fun/live/he-nan-wei-shi-13.php, From: subscribe, IPv_Type: ipv6, Location: 美国, ISP: CloudFlare Inc., Date: None, Delay: -1 ms, Speed: 0.00 M/s, Resolution: None
Name: 河南卫视, URL: http://mgsp-zy2.live.miguvideo.com:8088/wd-henanwssd-600/index.m3u8?msisdn=e55e9ee71b42d2d7008a152c069625e3&mdspid=&spid=600633&netType=0&sid=5910021585&pid=2028597139&timestamp=20260215080207&Channel_ID=0116_2600034600-99000-201600010010028&ProgramID=790187291&ParentNodeID=-99&assertID=5910021585&client_ip=218.28.233.106&SecurityKey=20260215080207&promotionId=&mvid=5900005706&mcid=500020&playurlVersion=WX-A1-9.2.1-RELEASE&userid=&jmhm=&videocodec=h264&appCode=miguvideo_android&bean=mgspad&tid=android&conFee=0&encrypt=e33b8a14de64b37684564e30179d1329&sv=10004&ct=android, From: subscribe, IPv_Type: ipv6, Location: 中国, ISP: 中国电信, Date: None, Delay: -1 ms, Speed: 0.00 M/s, Resolution: None
Name: 河南卫视, URL: http://mgsp-yx2.live.miguvideo.com:8088/wd-henanwssd-600/index.m3u8?msisdn=2be6b2ec9fcf10d2c2457e2c710e172c&mdspid=&spid=600633&netType=0&sid=5910021585&pid=2028597139&timestamp=20260227080207&Channel_ID=0116_2600034600-99000-201600010010028&ProgramID=790187291&ParentNodeID=-99&assertID=5910021585&client_ip=218.28.233.106&SecurityKey=20260227080207&promotionId=&mvid=5900005706&mcid=500020&playurlVersion=WX-A1-9.2.1-RELEASE&userid=&jmhm=&videocodec=h264&appCode=miguvideo_android&bean=mgspad&tid=android&conFee=0&encrypt=5babe34496d81876c33f8cde32e7494f&sv=10004&ct=android, From: subscribe, IPv_Type: ipv6, Location: 中国, ISP: 中国电信, Date: None, Delay: -1 ms, Speed: 0.00 M/s, Resolution: None
Name: 河南卫视, URL: https://tv1288.xyz/hntv.php, From: subscribe, IPv_Type: ipv6, Location: 美国, ISP: CloudFlare Inc., Date: None, Delay: -1 ms, Speed: 0.00 M/s, Resolution: None
Name: 河南卫视, URL: http://182.114.48.172:9901/tsfile/live/0139_1.m3u8?key=txiptv&playlive=1&authid=0, From: subscribe, IPv_Type: ipv4, Location: 中国-河南-三门峡, ISP: 联通, Date: None, Delay: 10344 ms, Speed: 0.00 M/s, Resolution: None
Name: 吉林卫视, URL: http://php.jdshipin.com/TVOD/hnyd.php?id=200000001898/460000089800010075, From: subscribe, IPv_Type: ipv6, Location: 美国, ISP: CloudFlare Inc., Date: None, Delay: 0.1 ms, Speed: inf M/s, Resolution: 1920x1080
Name: 吉林卫视, URL: http://z.b.bkpcp.top/m.php?id=jlws, From: subscribe, IPv_Type: ipv6, Location: 美国, ISP: CloudFlare Inc., Date: None, Delay: 0.1 ms, Speed: inf M/s, Resolution: 1920x1080
Name: 吉林卫视, URL: http://j.x.bkpcp.top/jx/JILHD, From: subscribe, IPv_Type: ipv6, Location: 美国, ISP: CloudFlare Inc., Date: None, Delay: 0.1 ms, Speed: inf M/s, Resolution: 1920x1080
Name: 吉林卫视, URL: http://goo.bkpcp.top/mg/jlws, From: subscribe, IPv_Type: ipv6, Location: 美国, ISP: CloudFlare Inc., Date: None, Delay: 0.1 ms, Speed: inf M/s, Resolution: 1920x1080
Name: 吉林卫视, URL: http://dsj.motem.top:8880/bptv/10000100000000050000000004972569.m3u8, From: subscribe, IPv_Type: ipv6, Location: 美国, ISP: CloudFlare Inc., Date: None, Delay: 0.1 ms, Speed: inf M/s, Resolution: 1920x1080
Name: 吉林卫视, URL: http://[2409:8087:1a0a:df::404b]/ottrrs.hl.chinamobile.com/TVOD/88888888/224/3221226397/index.m3u8, From: subscribe, IPv_Type: ipv6, Location: 中国, ISP: 中国移动, Date: None, Delay: 0.1 ms, Speed: inf M/s, Resolution: 1920x1080
Name: 吉林卫视, URL: http://[2409:8087:1a01:df::4077]/ottrrs.hl.chinamobile.com/PLTV/88888888/8/3221226397/index.m3u8, From: subscribe, IPv_Type: ipv6, Location: 中国, ISP: 中国移动, Date: None, Delay: 0.1 ms, Speed: inf M/s, Resolution: 1920x1080
Name: 吉林卫视, URL: http://[2409:8087:8:21::18]:6610/otttv.bj.chinamobile.com/PLTV/88888888/224/3221227015/1.m3u8?GuardEncType=2&accountinfo=%7E%7EV2.0%7EW5-3AVdwD5KlUpuA4mz7Cg%7EtP4-l0lmSfjwLWEfK_el1vH_mv-s1zo4AQJwdedaVwG9xkuFTDg8J26cwOrNJzn20BErrHdLhuZ9EzLUCD3PMW-OMx4MGteHV2vLeW6BqoY%2CEND, From: subscribe, IPv_Type: ipv6, Location: 中国, ISP: 中国移动, Date: None, Delay: -1 ms, Speed: 0.00 M/s, Resolution: None
Name: 吉林卫视, URL: http://[2409:8087:3428:20:500::100f]:6610/PLTV/88888888/224/3221227099/index.m3u8?servicetype=1&IASHttpSessionId=RR423820220409134714119178, From: subscribe, IPv_Type: ipv6, Location: 中国, ISP: 中国移动, Date: None, Delay: 0.1 ms, Speed: inf M/s, Resolution: 1920x1080
Name: 吉林卫视, URL: http://iptv.cdn.ha.chinamobile.com/PLTV/88888888/224/3221227240/index.m3u8, From: subscribe, IPv_Type: ipv6, Location: 中国, ISP: 中国移动, Date: None, Delay: 0.1 ms, Speed: inf M/s, Resolution: 1920x1080
Name: 吉林卫视, URL: http://dbiptv.sn.chinamobile.com/PLTV/88888890/224/3221225792/index.m3u8, From: subscribe, IPv_Type: ipv6, Location: 中国, ISP: 中国移动, Date: None, Delay: 0.1 ms, Speed: inf M/s, Resolution: 1920x1080
Name: 吉林卫视, URL: http://nas.suntao.online:35455/itv/5000000011000031117.m3u8?cdn=bestzb, From: subscribe, IPv_Type: ipv6, Location: 中国, ISP: 中国联通, Date: None, Delay: 0.1 ms, Speed: inf M/s, Resolution: 1920x1080
Name: 吉林卫视, URL: https://stream1.freetv.fun/ac7968c8135cbc7855ccb74587fbf1ec61929dcf02f067f511ceb8f2637be000.m3u8, From: subscribe, IPv_Type: ipv6, Location: 美国, ISP: CloudFlare Inc., Date: None, Delay: 0.1 ms, Speed: inf M/s, Resolution: 1920x1080
Name: 吉林卫视, URL: http://[2409:8087:2001:20:2800:0:df6e:eb03]:80/ott.mobaibox.com/PLTV/4/224/3221228130/index.m3u8, From: subscribe, IPv_Type: ipv6, Location: 中国, ISP: 中国移动, Date: None, Delay: 0.1 ms, Speed: inf M/s, Resolution: 1920x1080
Name: 吉林卫视, URL: http://[2409:8087:3428:20:500::1009]:6610/PLTV/88888888/224/3221225851/index.m3u8?servicetype=1&IASHttpSessionId=RR423820220409134714119178, From: subscribe, IPv_Type: ipv6, Location: 中国, ISP: 中国移动, Date: None, Delay: 0.1 ms, Speed: inf M/s, Resolution: 1920x1080
Name: 吉林卫视, URL: http://[2409:8087:2001:20:2800:0:df6e:eb0a]:80/wh7f454c46tw342769965_-1981608007/ott.mobaibox.com/PLTV/3/224/3221228028/index.m3u8?icpid=3&RTS=1674380458&from=40&popid=40&hms_devid=2038&prioritypopid=40&vqe=3, From: subscribe, IPv_Type: ipv6, Location: 中国, ISP: 中国移动, Date: None, Delay: 0.1 ms, Speed: inf M/s, Resolution: 1920x1080
Name: 吉林卫视, URL: http://[2409:8087:4c0a:22:1::11]:6410/170000001115/UmaiCHAN5000046BESTVSMGSMG/index.m3u8?m3u8_level=2, From: subscribe, IPv_Type: ipv6, Location: 中国, ISP: 中国移动, Date: None, Delay: 0.1 ms, Speed: inf M/s, Resolution: 1920x1080
Name: 吉林卫视, URL: http://[2409:8087:5e01:34::38]:6610/ZTE_CMS/00000001000000060000000000000533/index.m3u8, From: subscribe, IPv_Type: ipv6, Location: 中国, ISP: 中国移动, Date: None, Delay: 0.1 ms, Speed: inf M/s, Resolution: 1920x1080
Name: 吉林卫视, URL: http://[2409:8087:5e00:24::1f]:6060/ZTE_CMS/00000001000000060000000000000533/index.m3u8, From: subscribe, IPv_Type: ipv6, Location: 中国, ISP: 中国移动, Date: None, Delay: 0.1 ms, Speed: inf M/s, Resolution: 1920x1080
Name: 吉林卫视, URL: http://[2409:8087:5e01:34::21]:6610/ZTE_CMS/00000001000000060000000000000533/index.m3u8?IAS, From: subscribe, IPv_Type: ipv6, Location: 中国, ISP: 中国移动, Date: None, Delay: 0.1 ms, Speed: inf M/s, Resolution: 1920x1080
Name: 吉林卫视, URL: http://[2409:8087:5e01:34::20]:6610/ZTE_CMS/00000001000000060000000000000533/index.m3u8?IAS, From: subscribe, IPv_Type: ipv6, Location: 中国, ISP: 中国移动, Date: None, Delay: 0.1 ms, Speed: inf M/s, Resolution: 1920x1080
Name: 吉林卫视, URL: http://[2409:8087:5e01:34::22]:6610/ZTE_CMS/00000001000000060000000000000533/index.m3u8?IAS, From: subscribe, IPv_Type: ipv6, Location: 中国, ISP: 中国移动, Date: None, Delay: 0.1 ms, Speed: inf M/s, Resolution: 1920x1080
Name: 吉林卫视, URL: http://[2409:8087:1a0b:df::4020]:80/ottrrs.hl.chinamobile.com/PLTV/88888888/224/3221226397/index.m3u8, From: subscribe, IPv_Type: ipv6, Location: 中国, ISP: 中国移动, Date: None, Delay: 0.1 ms, Speed: inf M/s, Resolution: 1920x1080
Name: 吉林卫视, URL: http://[2409:8087:5e01:34::23]:6610/ZTE_CMS/00000001000000060000000000000533/index.m3u8?IAS, From: subscribe, IPv_Type: ipv6, Location: 中国, ISP: 中国移动, Date: None, Delay: 0.1 ms, Speed: inf M/s, Resolution: 1920x1080
Name: 吉林卫视, URL: https://www.freetv.top/migu/947472500.m3u8?migutoken=18d6d17bc9f6d0621b56e251449da66bb58876d41330b568d80f5262c9496615d17187c2eb3404fcf6c7110bd098cb97ef096ba5ee0db8bc36853d5e90104624843156a3bbce9cd841e94e3b54, From: subscribe, IPv_Type: ipv6, Location: 美国-加利福尼亚州-圣克拉拉, ISP: DigitalOcean, Date: None, Delay: 0.1 ms, Speed: inf M/s, Resolution: 1920x1080
Name: 吉林卫视, URL: http://[2409:8087:2001:20:2800:0:df6e:eb02]:80/wh7f454c46tw844466330_-452871666/ott.mobaibox.com/PLTV/3/224/3221228130/index.m3u8?icpid=3&RTS=1674380959&from=40&popid=40&hms_devid=2039&prioritypopid=40&vqe=3, From: subscribe, IPv_Type: ipv6, Location: 中国, ISP: 中国移动, Date: None, Delay: 0.1 ms, Speed: inf M/s, Resolution: 1920x1080
Name: 吉林卫视, URL: http://[2409:8087:1e03:21::42]:6610/cms001/ch00000090990000001225/index.m3u8, From: subscribe, IPv_Type: ipv6, Location: 中国, ISP: 中国移动, Date: None, Delay: 0.1 ms, Speed: inf M/s, Resolution: 1920x1080
Name: 吉林卫视, URL: http://[2409:8087:74f0:22::5]:6410/270000001128/9900000030/index.m3u8, From: subscribe, IPv_Type: ipv6, Location: 中国, ISP: 中国移动, Date: None, Delay: 0.1 ms, Speed: inf M/s, Resolution: 1920x1080
Name: 吉林卫视, URL: http://[2409:8087:1a01:df::7005]/ottrrs.hl.chinamobile.com/PLTV/88888888/224/3221226397/index.m3u8, From: subscribe, IPv_Type: ipv6, Location: 中国, ISP: 中国移动, Date: None, Delay: 0.1 ms, Speed: inf M/s, Resolution: 1920x1080
Name: 吉林卫视, URL: http://[2409:8087:3869:8021:1001::e5]:6610/PLTV/88888888/224/3221225680/2/index.m3u8, From: subscribe, IPv_Type: ipv6, Location: 中国, ISP: 中国移动, Date: None, Delay: -1 ms, Speed: 0.00 M/s, Resolution: None
Name: 吉林卫视, URL: http://rrs01.hw.gmcc.net:8088/PLTV/81/224/3221226671/1.m3u8, From: subscribe, IPv_Type: ipv6, Location: 中国, ISP: 中国移动, Date: None, Delay: -1 ms, Speed: 0.00 M/s, Resolution: None
Name: 吉林卫视, URL: http://[2409:8087:1a15:10d1::36]/ottrrs.hl.chinamobile.com/PLTV/88888888/224/3221226397/index.m3u8, From: subscribe, IPv_Type: ipv6, Location: 中国, ISP: 中国移动, Date: None, Delay: -1 ms, Speed: 0.00 M/s, Resolution: None
Name: 吉林卫视, URL: http://[2409:8087:5e08:25::16]:6610/200000001898/460000089800010075/1.m3u8, From: subscribe, IPv_Type: ipv6, Location: 中国, ISP: 中国移动, Date: None, Delay: -1 ms, Speed: 0.00 M/s, Resolution: None
Name: 吉林卫视, URL: https://mursor.ottiptv.cc/mcp/jiling.m3u8, From: subscribe, IPv_Type: ipv6, Location: 美国, ISP: Oracle Corporation, Date: None, Delay: -1 ms, Speed: 0.00 M/s, Resolution: None
Name: 吉林卫视, URL: https://migu.188766.xyz/?migutoken=16de5ec5f5f2da7e8cef5d7d19e5de77&id=jlws&type=sz, From: subscribe, IPv_Type: ipv6, Location: 美国, ISP: CloudFlare Inc., Date: None, Delay: -1 ms, Speed: 0.00 M/s, Resolution: None
Name: 吉林卫视, URL: http://cc02.tv12.xyz/5.m3u8, From: subscribe, IPv_Type: ipv6, Location: 美国, ISP: CloudFlare Inc., Date: None, Delay: -1 ms, Speed: 0.00 M/s, Resolution: None
Name: 吉林卫视, URL: http://gslbmgsplive.miguvideo.com/envivo_v/2018/SD/jilin/1000/index.m3u8?msisdn=20250919080133f06d24d1ddb64f3d87be2fe184946c1b&mdspid=&spid=600633&netType=0&sid=5910022164&pid=2028597139&timestamp=20250919080133&Channel_ID=0116_2600000900-99000-201600010010027&ProgramID=947472500&ParentNodeID=-99&assertID=5910022164&client_ip=106.13.250.88&SecurityKey=20250919080133&promotionId=&mvid=5900004357&mcid=500020&playurlVersion=WX-A1-8.9.1-RELEASE&userid=&jmhm=&videocodec=h264&bean=mgspad&tid=android&conFee=0&puData=83babaa8bebe878b159bfcc24521520c&ddCalcu=c803e2b15a71b02a5a482bcecbfeb897581b, From: subscribe, IPv_Type: ipv6, Location: 中国, ISP: 中国移动, Date: None, Delay: -1 ms, Speed: 0.00 M/s, Resolution: None
Name: 吉林卫视, URL: https://cc06.tv12.xyz/60.m3u8, From: subscribe, IPv_Type: ipv6, Location: 美国, ISP: CloudFlare Inc., Date: None, Delay: -1 ms, Speed: 0.00 M/s, Resolution: None
Name: 吉林卫视, URL: https://jzb.wwkejishe.top/?id=601, From: subscribe, IPv_Type: ipv6, Location: 美国, ISP: CloudFlare Inc., Date: None, Delay: -1 ms, Speed: 0.00 M/s, Resolution: None
Name: 吉林卫视, URL: https://shyd.695847.xyz/cms001/ch00000090990000001225/index.m3u8?IASHttpSessionId=RR4967720251014100028031761&ispcode=12, From: subscribe, IPv_Type: ipv6, Location: 美国, ISP: CloudFlare Inc., Date: None, Delay: -1 ms, Speed: 0.00 M/s, Resolution: None
Name: 吉林卫视, URL: https://iptv.catvod.com/live.php?id=%E5%90%89%E6%9E%97%E5%8D%AB%E8%A7%86, From: subscribe, IPv_Type: ipv6, Location: 美国, ISP: CloudFlare Inc., Date: None, Delay: -1 ms, Speed: 0.00 M/s, Resolution: None
Name: 吉林卫视, URL: https://live.chinacert.cftest5.cn/mg/?id=947472500, From: subscribe, IPv_Type: ipv6, Location: 中国, ISP: 中国联通, Date: None, Delay: -1 ms, Speed: 0.00 M/s, Resolution: None
Name: 吉林卫视, URL: http://ott.mobaibox.com/PLTV/3/224/3221228130/index.m3u8, From: subscribe, IPv_Type: ipv6, Location: 中国, ISP: 中国移动, Date: None, Delay: -1 ms, Speed: 0.00 M/s, Resolution: None
Name: 吉林卫视, URL: http://k.061899.xyz/k.php?id=jlws, From: subscribe, IPv_Type: ipv6, Location: 新加坡, ISP: Aceville Pte.Ltd., Date: None, Delay: -1 ms, Speed: 0.00 M/s, Resolution: None
Name: 吉林卫视, URL: http://tvgslb.hn.chinamobile.com:8089/180000001002/00000001000000000057000000208223/main.m3u8?stbid=, From: subscribe, IPv_Type: ipv6, Location: 中国, ISP: 中国移动, Date: None, Delay: -1 ms, Speed: 0.00 M/s, Resolution: None
Name: 吉林卫视, URL: http://iptvrr.sh.chinamobile.com:6060/cms001/ch00000090990000001225/index.m3u8, From: subscribe, IPv_Type: ipv6, Location: 中国, ISP: 中国移动, Date: None, Delay: -1 ms, Speed: 0.00 M/s, Resolution: None
Name: 吉林卫视, URL: http://hwltc.tv.cdn.zj.chinamobile.com/PLTV/88888888/224/3221236268/index.m3u8, From: subscribe, IPv_Type: ipv6, Location: 中国, ISP: 中国移动, Date: None, Delay: -1 ms, Speed: 0.00 M/s, Resolution: None
Name: 吉林卫视, URL: http://hwottcdn.ln.chinamobile.com/PLTV/11/224/3221226159/index.m3u8, From: subscribe, IPv_Type: ipv6, Location: 中国, ISP: 中国移动, Date: None, Delay: -1 ms, Speed: 0.00 M/s, Resolution: None
Name: 吉林卫视, URL: https://hlsbkmgsplive.miguvideo.com/envivo_v/2018/SD/jilin/1000/01.m3u8?&HlsSubType=&encrypt=, From: subscribe, IPv_Type: ipv6, Location: 中国, ISP: 中国移动, Date: None, Delay: -1 ms, Speed: 0.00 M/s, Resolution: None
Name: 吉林卫视, URL: http://mgsp-ws2.live.miguvideo.com:8088/envivo_v/2018/SD/jilin/1000/index.m3u8?msisdn=e55e9ee71b42d2d7008a152c069625e3&mdspid=&spid=600633&netType=0&sid=5910022164&pid=2028597139&timestamp=20260215080208&Channel_ID=0116_2600034600-99000-201600010010028&ProgramID=947472500&ParentNodeID=-99&assertID=5910022164&client_ip=218.28.233.106&SecurityKey=20260215080208&promotionId=&mvid=5900004357&mcid=500020&playurlVersion=WX-A1-9.2.1-RELEASE&userid=&jmhm=&videocodec=h264&appCode=miguvideo_android&bean=mgspad&tid=android&conFee=0&encrypt=b15791a3ee2d4d875c4ec5064d1aedce&sv=10004&ct=android, From: subscribe, IPv_Type: ipv6, Location: 加拿大, ISP: , Date: None, Delay: -1 ms, Speed: 0.00 M/s, Resolution: None
Name: 吉林卫视, URL: http://mgsp-zy2.live.miguvideo.com:8088/envivo_v/2018/SD/jilin/1000/index.m3u8?msisdn=e55e9ee71b42d2d7008a152c069625e3&mdspid=&spid=600633&netType=0&sid=5910022164&pid=2028597139&timestamp=20260216080225&Channel_ID=0116_2600034600-99000-201600010010028&ProgramID=947472500&ParentNodeID=-99&assertID=5910022164&client_ip=218.28.233.106&SecurityKey=20260216080225&promotionId=&mvid=5900004357&mcid=500020&playurlVersion=WX-A1-9.2.1-RELEASE&userid=&jmhm=&videocodec=h264&appCode=miguvideo_android&bean=mgspad&tid=android&conFee=0&encrypt=82c993755410e6c73904e95a614fc9d4&sv=10004&ct=android, From: subscribe, IPv_Type: ipv6, Location: 中国, ISP: 中国电信, Date: None, Delay: -1 ms, Speed: 0.00 M/s, Resolution: None
Name: 吉林卫视, URL: http://mgsp-yx2.live.miguvideo.com:8088/envivo_v/2018/SD/jilin/1000/index.m3u8?msisdn=2be6b2ec9fcf10d2c2457e2c710e172c&mdspid=&spid=600633&netType=0&sid=5910022164&pid=2028597139&timestamp=20260226080225&Channel_ID=0116_2600034600-99000-201600010010028&ProgramID=947472500&ParentNodeID=-99&assertID=5910022164&client_ip=218.28.233.106&SecurityKey=20260226080225&promotionId=&mvid=5900004357&mcid=500020&playurlVersion=WX-A1-9.2.1-RELEASE&userid=&jmhm=&videocodec=h264&appCode=miguvideo_android&bean=mgspad&tid=android&conFee=0&encrypt=2c9a2209816d1bce023d2042c76310cc&sv=10004&ct=android, From: subscribe, IPv_Type: ipv6, Location: 中国, ISP: 中国电信, Date: None, Delay: -1 ms, Speed: 0.00 M/s, Resolution: None
Name: 吉林卫视, URL: https://gd202.tv1288.xyz/tsfile/live/1020_1.m3u8, From: subscribe, IPv_Type: ipv6, Location: 美国, ISP: CloudFlare Inc., Date: None, Delay: -1 ms, Speed: 0.00 M/s, Resolution: None
Name: 吉林卫视, URL: http://63.141.230.178:82/gslb/zbdq5.m3u8?id=jlwshd, From: subscribe, IPv_Type: ipv4, Location: 美国, ISP: , Date: None, Delay: 583 ms, Speed: 7.27 M/s, Resolution: 1920x1080
Name: 江苏卫视, URL: http://php.jdshipin.com/TVOD/hnyd.php?id=200000001898/460000089800010059, From: subscribe, IPv_Type: ipv6, Location: 美国, ISP: CloudFlare Inc., Date: None, Delay: 0.1 ms, Speed: inf M/s, Resolution: 1920x1080
Name: 江苏卫视, URL: http://z.b.bkpcp.top/m.php?id=jsws, From: subscribe, IPv_Type: ipv6, Location: 美国, ISP: CloudFlare Inc., Date: None, Delay: 0.1 ms, Speed: inf M/s, Resolution: 1920x1080
Name: 江苏卫视, URL: http://goo.bkpcp.top/mg/jsws, From: subscribe, IPv_Type: ipv6, Location: 美国, ISP: CloudFlare Inc., Date: None, Delay: 0.1 ms, Speed: inf M/s, Resolution: 1920x1080
Name: 江苏卫视, URL: http://iptv.huuc.edu.cn/hls/jshd.m3u8, From: subscribe, IPv_Type: ipv6, Location: 中国, ISP: 教育网, Date: None, Delay: 0.1 ms, Speed: inf M/s, Resolution: 1920x1080
Name: 江苏卫视, URL: http://dsj.motem.top:8880/bptv/10000100000000050000000003873461.m3u8, From: subscribe, IPv_Type: ipv6, Location: 美国, ISP: CloudFlare Inc., Date: None, Delay: 0.1 ms, Speed: inf M/s, Resolution: 1920x1080
Name: 江苏卫视, URL: http://[2409:8087:1a0a:df::404b]/ottrrs.hl.chinamobile.com/TVOD/88888888/224/3221226310/index.m3u8, From: subscribe, IPv_Type: ipv6, Location: 中国, ISP: 中国移动, Date: None, Delay: 0.1 ms, Speed: inf M/s, Resolution: 1920x1080
Name: 江苏卫视, URL: http://[2409:8087:1a01:df::4077]/ottrrs.hl.chinamobile.com/PLTV/88888888/8/3221226310/index.m3u8, From: subscribe, IPv_Type: ipv6, Location: 中国, ISP: 中国移动, Date: None, Delay: 0.1 ms, Speed: inf M/s, Resolution: 1920x1080
Name: 江苏卫视, URL: http://[2409:8087:8:21::18]:6610/otttv.bj.chinamobile.com/PLTV/88888888/224/3221226897/1.m3u8?GuardEncType=2&accountinfo=%7E%7EV2.0%7E0BmO6uHF7WFoTed__Xr3NQ%7EtP4-l0lmSfjwLWEfK_el1vH_mv-s1zo4AQJwdedaVwG9xkuFTDg8J26cwOrNJzn20BErrHdLhuZ9EzLUCD3PMW-OMx4MGteHV2vLeW6BqoY%2CEND, From: subscribe, IPv_Type: ipv6, Location: 中国, ISP: 中国移动, Date: None, Delay: -1 ms, Speed: 0.00 M/s, Resolution: None
Name: 江苏卫视, URL: http://iptv.cdn.ha.chinamobile.com/PLTV/88888888/224/3221227228/index.m3u8, From: subscribe, IPv_Type: ipv6, Location: 中国, ISP: 中国移动, Date: None, Delay: 0.1 ms, Speed: inf M/s, Resolution: 1920x1080
Name: 江苏卫视, URL: http://[2409:8087:2001:20:2800:0:df6e:eb17]:80/ott.mobaibox.com/PLTV/4/224/3221227552/index.m3u8, From: subscribe, IPv_Type: ipv6, Location: 中国, ISP: 中国移动, Date: None, Delay: 0.1 ms, Speed: inf M/s, Resolution: 1920x1080
Name: 江苏卫视, URL: https://www.freetv.top/migu/623899368.m3u8?migutoken=89adf8885d4f1f9dee34a4e8d60f187e5b071ac9b79001260a0b66da9027070e0b861510da93cb5190da002ca87645e63e57bada2c65f959e8ef81f693c239f194d683ba2083252bbb0caeab96, From: subscribe, IPv_Type: ipv6, Location: 美国-加利福尼亚州-圣克拉拉, ISP: DigitalOcean, Date: None, Delay: 0.1 ms, Speed: inf M/s, Resolution: 1920x1080
Name: 江苏卫视, URL: http://yc.myds.me:35455/itv/6000000001000014861.m3u8?cdn=wasusyt, From: subscribe, IPv_Type: ipv6, Location: 中国, ISP: 中国电信, Date: None, Delay: 0.1 ms, Speed: inf M/s, Resolution: 1920x1080
Name: 江苏卫视, URL: http://nas.suntao.online:35455/itv/1000000001000001828.m3u8?cdn=ystenlive, From: subscribe, IPv_Type: ipv6, Location: 中国, ISP: 中国联通, Date: None, Delay: 0.1 ms, Speed: inf M/s, Resolution: 1920x1080
Name: 江苏卫视, URL: https://stream1.freetv.fun/0649ab465998e527a93053f995b4a2ccd9ecb2a7b1eb05653f4d3a6033383fe2.m3u8, From: subscribe, IPv_Type: ipv6, Location: 美国, ISP: CloudFlare Inc., Date: None, Delay: 0.1 ms, Speed: inf M/s, Resolution: 1920x1080
Name: 江苏卫视, URL: http://lu.wqwqwq.sbs/itv/1000000005000265030.m3u8?cdn=ystenlive, From: subscribe, IPv_Type: ipv6, Location: 美国, ISP: CloudFlare Inc., Date: None, Delay: 0.1 ms, Speed: inf M/s, Resolution: 1920x1080
Name: 江苏卫视, URL: http://dbiptv.sn.chinamobile.com/PLTV/88888888/224/3221225800/1.m3u8, From: subscribe, IPv_Type: ipv6, Location: 中国, ISP: 中国移动, Date: None, Delay: 0.1 ms, Speed: inf M/s, Resolution: 1920x1080
Name: 江苏卫视, URL: http://hwrr.jx.chinamobile.com:8080/PLTV/88888888/224/3221225488/index.m3u8?fmt=ts2hls, From: subscribe, IPv_Type: ipv6, Location: 中国, ISP: 中国移动, Date: None, Delay: 0.1 ms, Speed: inf M/s, Resolution: 1920x1080
Name: 江苏卫视, URL: http://[2409:8087:3428:20:500::100f]:6610/PLTV/88888888/224/3221225847/index.m3u8?servicetype=1&IASHttpSessionId=RR423820220409134714119178, From: subscribe, IPv_Type: ipv6, Location: 中国, ISP: 中国移动, Date: None, Delay: 0.1 ms, Speed: inf M/s, Resolution: 1920x1080
Name: 江苏卫视, URL: http://[2409:8087:3428:20:500::1009]:6610/PLTV/88888888/224/3221225847/index.m3u8?servicetype=1&IASHttpSessionId=RR423820220409134714119178, From: subscribe, IPv_Type: ipv6, Location: 中国, ISP: 中国移动, Date: None, Delay: 0.1 ms, Speed: inf M/s, Resolution: 1920x1080
Name: 江苏卫视, URL: http://[2409:8087:2001:20:2800:0:df6e:eb10]:80/wh7f454c46tw1546620848_1199323777/ott.mobaibox.com/PLTV/3/224/3221227561/index.m3u8?icpid=3&RTS=1674385957&from=40&popid=40&hms_devid=2110&prioritypopid=40&vqe=3, From: subscribe, IPv_Type: ipv6, Location: 中国, ISP: 中国移动, Date: None, Delay: 0.1 ms, Speed: inf M/s, Resolution: 1920x1080
Name: 江苏卫视, URL: http://[2409:8087:2001:20:2800:0:df6e:eb06]:80/wh7f454c46tw202473475_-1896827182/ott.mobaibox.com/PLTV/3/224/3221227255/index.m3u8?icpid=3&RTS=1674380317&from=40&popid=40&hms_devid=2036&prioritypopid=40&vqe=3, From: subscribe, IPv_Type: ipv6, Location: 中国, ISP: 中国移动, Date: None, Delay: 0.1 ms, Speed: inf M/s, Resolution: 1920x1080
Name: 江苏卫视, URL: http://[2409:8087:2001:20:2800:0:df6e:eb13]:80/wh7f454c46tw359112764_778502970/ott.mobaibox.com/PLTV/3/224/3221227705/index.m3u8?icpid=3&RTS=1674380474&from=40&popid=40&hms_devid=2112&prioritypopid=40&vqe=3, From: subscribe, IPv_Type: ipv6, Location: 中国, ISP: 中国移动, Date: None, Delay: 0.1 ms, Speed: inf M/s, Resolution: 1920x1080
Name: 江苏卫视, URL: http://[2409:8087:2001:20:2800:0:df6e:eb0d]:80/wh7f454c46tw203226883_1737984932/ott.mobaibox.com/PLTV/3/224/3221227668/index.m3u8?icpid=3&RTS=1674380318&from=40&popid=40&hms_devid=2040&prioritypopid=40&vqe=3, From: subscribe, IPv_Type: ipv6, Location: 中国, ISP: 中国移动, Date: None, Delay: 0.1 ms, Speed: inf M/s, Resolution: 1920x1080
Name: 江苏卫视, URL: http://[2409:8087:1e03:21::42]:6610/cms001/ch00000090990000001033/index.m3u8, From: subscribe, IPv_Type: ipv6, Location: 中国, ISP: 中国移动, Date: None, Delay: 0.1 ms, Speed: inf M/s, Resolution: 1920x1080
Name: 江苏卫视, URL: http://[2409:8087:2001:20:2800:0:df6e:eb26]:80/wh7f454c46tw1548387171_1294672253/ott.mobaibox.com/PLTV/3/224/3221228306/index.m3u8?icpid=3&RTS=1674385958&from=40&popid=40&hms_devid=2293&prioritypopid=40&vqe=3, From: subscribe, IPv_Type: ipv6, Location: 中国, ISP: 中国移动, Date: None, Delay: 0.1 ms, Speed: inf M/s, Resolution: 1920x1080
Name: 江苏卫视, URL: http://[2409:8087:5e01:34::38]:6610/ZTE_CMS/00000001000000060000000000000177/index.m3u8, From: subscribe, IPv_Type: ipv6, Location: 中国, ISP: 中国移动, Date: None, Delay: 0.1 ms, Speed: inf M/s, Resolution: 1920x1080
Name: 江苏卫视, URL: http://[2409:8087:4c0a:22:1::11]:6410/170000001115/UmaiCHAN111129BESTVSMGSMG/index.m3u8?m3u8_level=2, From: subscribe, IPv_Type: ipv6, Location: 中国, ISP: 中国移动, Date: None, Delay: 0.1 ms, Speed: inf M/s, Resolution: 1920x1080
Name: 江苏卫视, URL: http://[2409:8087:5e00:24::1f]:6060/ZTE_CMS/00000001000000060000000000000177/index.m3u8, From: subscribe, IPv_Type: ipv6, Location: 中国, ISP: 中国移动, Date: None, Delay: 0.1 ms, Speed: inf M/s, Resolution: 1920x1080
Name: 江苏卫视, URL: http://[2409:8087:5e01:34::23]:6610/ZTE_CMS/00000001000000060000000000000177/index.m3u8?IAS, From: subscribe, IPv_Type: ipv6, Location: 中国, ISP: 中国移动, Date: None, Delay: 0.1 ms, Speed: inf M/s, Resolution: 1920x1080
Name: 江苏卫视, URL: http://[2409:8087:5e01:34::20]:6610/ZTE_CMS/00000001000000060000000000000177/index.m3u8?IAS, From: subscribe, IPv_Type: ipv6, Location: 中国, ISP: 中国移动, Date: None, Delay: 0.1 ms, Speed: inf M/s, Resolution: 1920x1080
Name: 江苏卫视, URL: http://[2409:8087:5e01:34::22]:6610/ZTE_CMS/00000001000000060000000000000177/index.m3u8?IAS, From: subscribe, IPv_Type: ipv6, Location: 中国, ISP: 中国移动, Date: None, Delay: 0.1 ms, Speed: inf M/s, Resolution: 1920x1080
Name: 江苏卫视, URL: http://[2409:8087:5e01:34::21]:6610/ZTE_CMS/00000001000000060000000000000177/index.m3u8?IAS, From: subscribe, IPv_Type: ipv6, Location: 中国, ISP: 中国移动, Date: None, Delay: 0.1 ms, Speed: inf M/s, Resolution: 1920x1080
Name: 江苏卫视, URL: http://[2409:8087:2001:20:2800:0:df6e:eb12]/wh7f454c46tw2983110475_-1591539074/ott.mobaibox.com/PLTV/3/224/3221228097/index.m3u8?icpid=3&RTS=1668597777&from=40&popid=40&hms_devid=2112&prioritypopid=40&vqe=3, From: subscribe, IPv_Type: ipv6, Location: 中国, ISP: 中国移动, Date: None, Delay: 0.1 ms, Speed: inf M/s, Resolution: 1920x1080
Name: 江苏卫视, URL: http://[2409:8087:1e03:21::2]:6060/cms001/ch00000090990000001033/index.m3u8, From: subscribe, IPv_Type: ipv6, Location: 中国, ISP: 中国移动, Date: None, Delay: 0.1 ms, Speed: inf M/s, Resolution: 1920x1080
Name: 江苏卫视, URL: http://[2409:8087:2001:20:2800:0:df6e:eb03]:80/wh7f454c46tw1547508542_-1029566303/ott.mobaibox.com/PLTV/3/224/3221227689/index.m3u8?icpid=3&RTS=1674385957&from=40&popid=40&hms_devid=2039&prioritypopid=40&vqe=3, From: subscribe, IPv_Type: ipv6, Location: 中国, ISP: 中国移动, Date: None, Delay: 0.1 ms, Speed: inf M/s, Resolution: 1920x1080
Name: 江苏卫视, URL: http://[2409:8087:74f0:22::6]:6410/270000001128/9900000524/index.m3u8, From: subscribe, IPv_Type: ipv6, Location: 中国, ISP: 中国移动, Date: None, Delay: 0.1 ms, Speed: inf M/s, Resolution: 1920x1080
Name: 江苏卫视, URL: http://[2409:8087:1a01:df::7005]/ottrrs.hl.chinamobile.com/PLTV/88888888/224/3221226310/index.m3u8, From: subscribe, IPv_Type: ipv6, Location: 中国, ISP: 中国移动, Date: None, Delay: 0.1 ms, Speed: inf M/s, Resolution: 1920x1080
Name: 江苏卫视, URL: http://[2409:8087:5e00:24::1e]:6060/200000001898/460000089800010059/1.m3u8, From: subscribe, IPv_Type: ipv6, Location: 中国, ISP: 中国移动, Date: None, Delay: 0.1 ms, Speed: inf M/s, Resolution: 1920x1080
Name: 江苏卫视, URL: http://[2409:8087:3869:8021:1001::e5]:6610/PLTV/88888910/224/3221225702/index.m3u8, From: subscribe, IPv_Type: ipv6, Location: 中国, ISP: 中国移动, Date: None, Delay: -1 ms, Speed: 0.00 M/s, Resolution: None
Name: 江苏卫视, URL: http://rrs01.hw.gmcc.net:8088/PLTV/81/224/3221226692/1.m3u8, From: subscribe, IPv_Type: ipv6, Location: 中国, ISP: 中国移动, Date: None, Delay: -1 ms, Speed: 0.00 M/s, Resolution: None
Name: 江苏卫视, URL: http://[2409:8087:1a15:10d1::33]/ottrrs.hl.chinamobile.com/PLTV/88888888/224/3221226310/index.m3u8, From: subscribe, IPv_Type: ipv6, Location: 中国, ISP: 中国移动, Date: None, Delay: -1 ms, Speed: 0.00 M/s, Resolution: None
Name: 江苏卫视, URL: http://[2409:8087:5e08:25::16]:6610/200000001898/460000089800010059/1.m3u8, From: subscribe, IPv_Type: ipv6, Location: 中国, ISP: 中国移动, Date: None, Delay: -1 ms, Speed: 0.00 M/s, Resolution: None
Name: 江苏卫视, URL: https://mursor.ottiptv.cc/mcp/jiangsu.m3u8, From: subscribe, IPv_Type: ipv6, Location: 美国, ISP: Oracle Corporation, Date: None, Delay: -1 ms, Speed: 0.00 M/s, Resolution: None
Name: 江苏卫视, URL: https://migu.188766.xyz/?migutoken=b418e278d672cedcbc303c1e453218fa&id=%E6%B1%9F%E8%8B%8F%E5%8D%AB%E8%A7%86&type=yy, From: subscribe, IPv_Type: ipv6, Location: 美国, ISP: CloudFlare Inc., Date: None, Delay: -1 ms, Speed: 0.00 M/s, Resolution: None
Name: 江苏卫视, URL: http://gslbmgsplive.miguvideo.com/wd_r2/cctv/jiangsuhd/1200/index.m3u8?msisdn=20250919080133574c3ec348bb43089e726720c282f1c5&mdspid=&spid=699067&netType=0&sid=5500199408&pid=2028597139&timestamp=20250919080133&Channel_ID=0116_2600000900-99000-201600010010027&ProgramID=623899368&ParentNodeID=-99&assertID=5500199408&client_ip=106.13.250.88&SecurityKey=20250919080133&promotionId=&mvid=5100156802&mcid=500020&playurlVersion=WX-A1-8.9.1-RELEASE&userid=&jmhm=&videocodec=h264&bean=mgspad&tid=android&conFee=0&puData=fec2beacf6c18f3a349f6269a9cd03c8&ddCalcu=8fcee3c1023db0ce9aac9f662c61f89f433a, From: subscribe, IPv_Type: ipv6, Location: 中国, ISP: 中国移动, Date: None, Delay: -1 ms, Speed: 0.00 M/s, Resolution: None
Name: 江苏卫视, URL: https://cc06.tv12.xyz/61.m3u8, From: subscribe, IPv_Type: ipv6, Location: 美国, ISP: CloudFlare Inc., Date: None, Delay: -1 ms, Speed: 0.00 M/s, Resolution: None
Name: 江苏卫视, URL: https://iptv.catvod.com/live.php?id=%E6%B1%9F%E8%8B%8F%E5%8D%AB%E8%A7%86, From: subscribe, IPv_Type: ipv6, Location: 美国, ISP: CloudFlare Inc., Date: None, Delay: -1 ms, Speed: 0.00 M/s, Resolution: None
Name: 江苏卫视, URL: https://shyd.695847.xyz/cms001/ch00000090990000001033/index.m3u8?IASHttpSessionId=RR4967720251014100028031761&ispcode=12, From: subscribe, IPv_Type: ipv6, Location: 美国, ISP: CloudFlare Inc., Date: None, Delay: -1 ms, Speed: 0.00 M/s, Resolution: None
Name: 江苏卫视, URL: https://live.chinacert.cftest5.cn/mg/?id=623899368, From: subscribe, IPv_Type: ipv6, Location: 中国, ISP: 中国联通, Date: None, Delay: -1 ms, Speed: 0.00 M/s, Resolution: None
Name: 江苏卫视, URL: http://hwottcdn.ln.chinamobile.com/PLTV/11/224/3221226781/index.m3u8, From: subscribe, IPv_Type: ipv6, Location: 中国, ISP: 中国移动, Date: None, Delay: -1 ms, Speed: 0.00 M/s, Resolution: None
Name: 江苏卫视, URL: http://iptvrr.sh.chinamobile.com:6060/cms001/ch00000090990000001033/index.m3u8, From: subscribe, IPv_Type: ipv6, Location: 中国, ISP: 中国移动, Date: None, Delay: -1 ms, Speed: 0.00 M/s, Resolution: None
Name: 江苏卫视, URL: http://k.061899.xyz/k.php?id=jsws, From: subscribe, IPv_Type: ipv6, Location: 新加坡, ISP: Aceville Pte.Ltd., Date: None, Delay: -1 ms, Speed: 0.00 M/s, Resolution: None
Name: 江苏卫视, URL: http://tvgslb.hn.chinamobile.com:8089/180000001002/00000001000000000099000000197694/main.m3u8?stbid=, From: subscribe, IPv_Type: ipv6, Location: 中国, ISP: 中国移动, Date: None, Delay: -1 ms, Speed: 0.00 M/s, Resolution: None
Name: 江苏卫视, URL: http://hwltc.tv.cdn.zj.chinamobile.com/PLTV/88888888/224/3221236221/index.m3u8, From: subscribe, IPv_Type: ipv6, Location: 中国, ISP: 中国移动, Date: None, Delay: -1 ms, Speed: 0.00 M/s, Resolution: None
Name: 江苏卫视, URL: http://ott.mobaibox.com/PLTV/3/224/3221228097/index.m3u8, From: subscribe, IPv_Type: ipv6, Location: 中国, ISP: 中国移动, Date: None, Delay: -1 ms, Speed: 0.00 M/s, Resolution: None
Name: 江苏卫视, URL: https://t.freetv.fun/live/jiang-su-wei-shi-5.m3u8, From: subscribe, IPv_Type: ipv6, Location: 美国, ISP: CloudFlare Inc., Date: None, Delay: -1 ms, Speed: 0.00 M/s, Resolution: None
Name: 江苏卫视, URL: https://hlsbkmgsplive.miguvideo.com/migu/kailu/jswshd265/55/20200407/01.m3u8?&HlsSubType=&encrypt=, From: subscribe, IPv_Type: ipv6, Location: 中国, ISP: 中国移动, Date: None, Delay: -1 ms, Speed: 0.00 M/s, Resolution: None
Name: 江苏卫视, URL: http://mgsp-yx2.live.miguvideo.com:8088/migu/kailu/jswshd265/54/20200407/index.m3u8?msisdn=e55e9ee71b42d2d7008a152c069625e3&mdspid=&spid=699067&netType=0&sid=5500199408&pid=2028597139&timestamp=20260215080207&Channel_ID=0116_2600034600-99000-201600010010028&ProgramID=623899368&ParentNodeID=-99&assertID=5500199408&client_ip=218.28.233.106&SecurityKey=20260215080207&promotionId=&mvid=5100156802&mcid=500020&playurlVersion=WX-A1-9.2.1-RELEASE&userid=&jmhm=&videocodec=h265&appCode=miguvideo_android&bean=mgspad&tid=android&conFee=0&encrypt=25b5a515354ff2dcda7e666736454a92&sv=10004&ct=android, From: subscribe, IPv_Type: ipv6, Location: 中国, ISP: 中国电信, Date: None, Delay: -1 ms, Speed: 0.00 M/s, Resolution: None
Name: 江苏卫视, URL: http://mgsp-zy2.live.miguvideo.com:8088/migu/kailu/jswshd265/54/20200407/index.m3u8?msisdn=e55e9ee71b42d2d7008a152c069625e3&mdspid=&spid=699067&netType=0&sid=5500199408&pid=2028597139&timestamp=20260216080224&Channel_ID=0116_2600034600-99000-201600010010028&ProgramID=623899368&ParentNodeID=-99&assertID=5500199408&client_ip=218.28.233.106&SecurityKey=20260216080224&promotionId=&mvid=5100156802&mcid=500020&playurlVersion=WX-A1-9.2.1-RELEASE&userid=&jmhm=&videocodec=h265&appCode=miguvideo_android&bean=mgspad&tid=android&conFee=0&encrypt=8bdb8c3109b69bec9c0280410159e920&sv=10004&ct=android, From: subscribe, IPv_Type: ipv6, Location: 中国, ISP: 中国电信, Date: None, Delay: -1 ms, Speed: 0.00 M/s, Resolution: None
Name: 江苏卫视, URL: http://mgsp-hs2.live.miguvideo.com:8088/migu/kailu/jswshd265/54/20200407/index.m3u8?msisdn=e55e9ee71b42d2d7008a152c069625e3&mdspid=&spid=699067&netType=0&sid=5500199408&pid=2028597139&timestamp=20260217084017&Channel_ID=0116_2600034600-99000-201600010010028&ProgramID=623899368&ParentNodeID=-99&assertID=5500199408&client_ip=218.28.233.106&SecurityKey=20260217084017&promotionId=&mvid=5100156802&mcid=500020&playurlVersion=WX-A1-9.2.1-RELEASE&userid=&jmhm=&videocodec=h265&appCode=miguvideo_android&bean=mgspad&tid=android&conFee=0&encrypt=abf62ea7a978fe8a837941ab02463510&sv=10004&ct=android, From: subscribe, IPv_Type: ipv6, Location: 中国, ISP: 中国移动, Date: None, Delay: -1 ms, Speed: 0.00 M/s, Resolution: None
Name: 江苏卫视, URL: http://63.141.230.178:82/gslb/zbdq5.m3u8?id=jswshd, From: subscribe, IPv_Type: ipv4, Location: 美国, ISP: , Date: None, Delay: 585 ms, Speed: 8.10 M/s, Resolution: 1920x1080
Name: 江苏卫视, URL: http://198.204.228.26/live/jswshd.m3u8, From: subscribe, IPv_Type: ipv4, Location: 美国, ISP: , Date: None, Delay: 584 ms, Speed: 8.05 M/s, Resolution: 1920x1080
Name: 江西卫视, URL: http://php.jdshipin.com/TVOD/hnyd.php?id=200000001898/460000089800010060, From: subscribe, IPv_Type: ipv6, Location: 美国, ISP: CloudFlare Inc., Date: None, Delay: 0.1 ms, Speed: inf M/s, Resolution: 1920x1080
Name: 江西卫视, URL: http://z.b.bkpcp.top/m.php?id=jxws, From: subscribe, IPv_Type: ipv6, Location: 美国, ISP: CloudFlare Inc., Date: None, Delay: 0.1 ms, Speed: inf M/s, Resolution: 1920x1080
Name: 江西卫视, URL: http://goo.bkpcp.top/mg/jxws, From: subscribe, IPv_Type: ipv6, Location: 美国, ISP: CloudFlare Inc., Date: None, Delay: 0.1 ms, Speed: inf M/s, Resolution: 1920x1080
Name: 江西卫视, URL: http://iptv.huuc.edu.cn/hls/jxhd.m3u8, From: subscribe, IPv_Type: ipv6, Location: 中国, ISP: 教育网, Date: None, Delay: 0.1 ms, Speed: inf M/s, Resolution: 1920x1080
Name: 江西卫视, URL: https://www.freetv.top/migu/783847495.m3u8?migutoken=fddcc05dc0245329d3208607a5b1f5a1980bc31a7ced510e345af6cc68f5b86d2d9178b45706a0b6a0ceddc82ce06e53375cfedbc96fd0b00c12195c7d77b6f23811a67970bcfeb47629aa5aa6, From: subscribe, IPv_Type: ipv6, Location: 美国-加利福尼亚州-圣克拉拉, ISP: DigitalOcean, Date: None, Delay: 0.1 ms, Speed: inf M/s, Resolution: 1920x1080
Name: 江西卫视, URL: http://[2409:8087:1a01:df::4027]:80/TVOD/88888888/224/3221225935/main.m3u8, From: subscribe, IPv_Type: ipv6, Location: 中国, ISP: 中国移动, Date: None, Delay: 0.1 ms, Speed: inf M/s, Resolution: 1920x1080
Name: 江西卫视, URL: http://dsj.motem.top:8880/bptv/10000100000000050000000004796511.m3u8, From: subscribe, IPv_Type: ipv6, Location: 美国, ISP: CloudFlare Inc., Date: None, Delay: 0.1 ms, Speed: inf M/s, Resolution: 1920x1080
Name: 江西卫视, URL: http://[2409:8087:1a0a:df::404b]/ottrrs.hl.chinamobile.com/TVOD/88888888/224/3221226344/index.m3u8, From: subscribe, IPv_Type: ipv6, Location: 中国, ISP: 中国移动, Date: None, Delay: 0.1 ms, Speed: inf M/s, Resolution: 1920x1080
Name: 江西卫视, URL: http://[2409:8087:1a01:df::4077]/ottrrs.hl.chinamobile.com/PLTV/88888888/8/3221226504/index.m3u8, From: subscribe, IPv_Type: ipv6, Location: 中国, ISP: 中国移动, Date: None, Delay: 0.1 ms, Speed: inf M/s, Resolution: 1920x1080
Name: 江西卫视, URL: http://iptv.cdn.ha.chinamobile.com/PLTV/88888888/224/3221227226/index.m3u8, From: subscribe, IPv_Type: ipv6, Location: 中国, ISP: 中国移动, Date: None, Delay: 0.1 ms, Speed: inf M/s, Resolution: 1920x1080
Name: 江西卫视, URL: http://yc.myds.me:35455/itv/1000000005000265032.m3u8?cdn=ystenlive, From: subscribe, IPv_Type: ipv6, Location: 中国, ISP: 中国电信, Date: None, Delay: 0.1 ms, Speed: inf M/s, Resolution: 1920x1080
Name: 江西卫视, URL: http://nas.suntao.online:35455/itv/1000000006000268001.m3u8?cdn=ystenlive, From: subscribe, IPv_Type: ipv6, Location: 中国, ISP: 中国联通, Date: None, Delay: 0.1 ms, Speed: inf M/s, Resolution: 1920x1080
Name: 江西卫视, URL: http://lu.wqwqwq.sbs/itv/1000000005000265032.m3u8?cdn=ystenlive, From: subscribe, IPv_Type: ipv6, Location: 美国, ISP: CloudFlare Inc., Date: None, Delay: 0.1 ms, Speed: inf M/s, Resolution: 1920x1080
Name: 江西卫视, URL: https://stream1.freetv.fun/89d9d9375ed2dec0f5361c36f90f9a8ef71d8eb3275a6e67969e6bc509562242.m3u8, From: subscribe, IPv_Type: ipv6, Location: 美国, ISP: CloudFlare Inc., Date: None, Delay: 0.1 ms, Speed: inf M/s, Resolution: 1920x1080
Name: 江西卫视, URL: http://hwrr.jx.chinamobile.com:8080/PLTV/88888888/224/3221225492/index.m3u8?fmt=ts2hls, From: subscribe, IPv_Type: ipv6, Location: 中国, ISP: 中国移动, Date: None, Delay: 0.1 ms, Speed: inf M/s, Resolution: 1920x1080
Name: 江西卫视, URL: http://[2409:8087:2001:20:2800:0:df6e:eb17]:80/ott.mobaibox.com/PLTV/4/224/3221228109/index.m3u8, From: subscribe, IPv_Type: ipv6, Location: 中国, ISP: 中国移动, Date: None, Delay: 0.1 ms, Speed: inf M/s, Resolution: 1920x1080
Name: 江西卫视, URL: http://[2409:8087:3428:20:500::100f]:6610/PLTV/88888888/224/3221227209/index.m3u8?servicetype=1&IASHttpSessionId=RR423820220409134714119178, From: subscribe, IPv_Type: ipv6, Location: 中国, ISP: 中国移动, Date: None, Delay: 0.1 ms, Speed: inf M/s, Resolution: 1920x1080
Name: 江西卫视, URL: http://[2409:8087:3428:20:500::1009]:6610/PLTV/88888888/224/3221227209/index.m3u8?servicetype=1&IASHttpSessionId=RR423820220409134714119178, From: subscribe, IPv_Type: ipv6, Location: 中国, ISP: 中国移动, Date: None, Delay: 0.1 ms, Speed: inf M/s, Resolution: 1920x1080
Name: 江西卫视, URL: http://[2409:8087:2001:20:2800:0:df6e:eb04]:80/wh7f454c46tw2054416167_-1997643209/ott.mobaibox.com/PLTV/3/224/3221225536/index.m3u8?icpid=3&RTS=1674386464&from=40&popid=40&hms_devid=2041&prioritypopid=40&vqe=3, From: subscribe, IPv_Type: ipv6, Location: 中国, ISP: 中国移动, Date: None, Delay: 0.1 ms, Speed: inf M/s, Resolution: 1920x1080
Name: 江西卫视, URL: http://[2409:8087:2001:20:2800:0:df6e:eb0c]:80/wh7f454c46tw1751397903_-1568649182/ott.mobaibox.com/PLTV/3/224/3221227738/index.m3u8?icpid=3&RTS=1674386161&from=40&popid=40&hms_devid=2040&prioritypopid=40&vqe=3, From: subscribe, IPv_Type: ipv6, Location: 中国, ISP: 中国移动, Date: None, Delay: 0.1 ms, Speed: inf M/s, Resolution: 1920x1080
Name: 江西卫视, URL: http://[2409:8087:4c0a:22:1::11]:6410/170000001115/UmaiCHAN3468921BESTVSMGSMG/index.m3u8?m3u8_level=2, From: subscribe, IPv_Type: ipv6, Location: 中国, ISP: 中国移动, Date: None, Delay: 0.1 ms, Speed: inf M/s, Resolution: 1920x1080
Name: 江西卫视, URL: http://[2409:8087:5e01:34::38]:6610/ZTE_CMS/00000001000000060000000000000522/index.m3u8, From: subscribe, IPv_Type: ipv6, Location: 中国, ISP: 中国移动, Date: None, Delay: 0.1 ms, Speed: inf M/s, Resolution: 1920x1080
Name: 江西卫视, URL: http://[2409:8087:5e01:34::20]:6610/ZTE_CMS/00000001000000060000000000000522/index.m3u8?IAS, From: subscribe, IPv_Type: ipv6, Location: 中国, ISP: 中国移动, Date: None, Delay: 0.1 ms, Speed: inf M/s, Resolution: 1920x1080
Name: 江西卫视, URL: http://[2409:8087:5e01:34::22]:6610/ZTE_CMS/00000001000000060000000000000522/index.m3u8?IAS, From: subscribe, IPv_Type: ipv6, Location: 中国, ISP: 中国移动, Date: None, Delay: 0.1 ms, Speed: inf M/s, Resolution: 1920x1080
Name: 江西卫视, URL: http://[2409:8087:5e01:34::21]:6610/ZTE_CMS/00000001000000060000000000000522/index.m3u8?IAS, From: subscribe, IPv_Type: ipv6, Location: 中国, ISP: 中国移动, Date: None, Delay: 0.1 ms, Speed: inf M/s, Resolution: 1920x1080
Name: 江西卫视, URL: http://[2409:8087:1a0b:df::4020]:80/ottrrs.hl.chinamobile.com/PLTV/88888888/224/3221226344/index.m3u8, From: subscribe, IPv_Type: ipv6, Location: 中国, ISP: 中国移动, Date: None, Delay: 0.1 ms, Speed: inf M/s, Resolution: 1920x1080
Name: 江西卫视, URL: http://[2409:8087:5e01:34::23]:6610/ZTE_CMS/00000001000000060000000000000522/index.m3u8?IAS, From: subscribe, IPv_Type: ipv6, Location: 中国, ISP: 中国移动, Date: None, Delay: 0.1 ms, Speed: inf M/s, Resolution: 1920x1080
Name: 江西卫视, URL: http://[2409:8087:1e03:21::2]:6060/cms001/ch00000090990000001034/index.m3u8, From: subscribe, IPv_Type: ipv6, Location: 中国, ISP: 中国移动, Date: None, Delay: 0.1 ms, Speed: inf M/s, Resolution: 1920x1080
Name: 江西卫视, URL: http://[2409:8087:1e03:21::42]:6610/cms001/ch00000090990000001034/index.m3u8, From: subscribe, IPv_Type: ipv6, Location: 中国, ISP: 中国移动, Date: None, Delay: 0.1 ms, Speed: inf M/s, Resolution: 1920x1080
Name: 江西卫视, URL: http://[2409:8087:74f0:22::4]:6610/270000001128/9900000525/index.m3u8, From: subscribe, IPv_Type: ipv6, Location: 中国, ISP: 中国移动, Date: None, Delay: 0.1 ms, Speed: inf M/s, Resolution: 1920x1080
Name: 江西卫视, URL: http://[2409:8087:1a01:df::7005]/ottrrs.hl.chinamobile.com/PLTV/88888888/224/3221226344/index.m3u8, From: subscribe, IPv_Type: ipv6, Location: 中国, ISP: 中国移动, Date: None, Delay: 0.1 ms, Speed: inf M/s, Resolution: 1920x1080
Name: 江西卫视, URL: http://[2409:8087:5e00:24::1e]:6060/200000001898/460000089800010060/1.m3u8, From: subscribe, IPv_Type: ipv6, Location: 中国, ISP: 中国移动, Date: None, Delay: 0.1 ms, Speed: inf M/s, Resolution: 1920x1080
Name: 江西卫视, URL: http://[2409:8087:3869:8021:1001::e5]:6610/PLTV/88888888/224/3221225705/2/index.m3u8, From: subscribe, IPv_Type: ipv6, Location: 中国, ISP: 中国移动, Date: None, Delay: -1 ms, Speed: 0.00 M/s, Resolution: None
Name: 江西卫视, URL: http://[2409:8087:8:21::18]:6610/otttv.bj.chinamobile.com/PLTV/88888888/224/3221226956/1.m3u8?GuardEncType=2&accountinfo=%7E%7EV2.0%7Ei6ZIpVizXlewg-YfGvH8dA%7EtP4-l0lmSfjwLWEfK_el1vH_mv-s1zo4AQJwdedaVwG9xkuFTDg8J26cwOrNJzn20BErrHdLhuZ9EzLUCD3PMW-OMx4MGteHV2vLeW6BqoY%2CEND, From: subscribe, IPv_Type: ipv6, Location: 中国, ISP: 中国移动, Date: None, Delay: -1 ms, Speed: 0.00 M/s, Resolution: None
Name: 江西卫视, URL: http://rrs01.hw.gmcc.net:8088/PLTV/81/224/3221226726/1.m3u8, From: subscribe, IPv_Type: ipv6, Location: 中国, ISP: 中国移动, Date: None, Delay: -1 ms, Speed: 0.00 M/s, Resolution: None
Name: 江西卫视, URL: https://migu.188766.xyz/?migutoken=ec5db662362dfc44c29d19ebabd3b6f7&id=%E6%B1%9F%E8%A5%BF%E5%8D%AB%E8%A7%86&pp=1, From: subscribe, IPv_Type: ipv6, Location: 美国, ISP: CloudFlare Inc., Date: None, Delay: -1 ms, Speed: 0.00 M/s, Resolution: None
Name: 江西卫视, URL: http://[2409:8087:1a15:10d1::34]/ottrrs.hl.chinamobile.com/PLTV/88888888/224/3221226344/index.m3u8, From: subscribe, IPv_Type: ipv6, Location: 中国, ISP: 中国移动, Date: None, Delay: -1 ms, Speed: 0.00 M/s, Resolution: None
Name: 江西卫视, URL: http://[2409:8087:5e08:25::16]:6610/200000001898/460000089800010060/1.m3u8, From: subscribe, IPv_Type: ipv6, Location: 中国, ISP: 中国移动, Date: None, Delay: -1 ms, Speed: 0.00 M/s, Resolution: None
Name: 江西卫视, URL: https://mursor.ottiptv.cc/mcp/jiangxi.m3u8, From: subscribe, IPv_Type: ipv6, Location: 美国, ISP: Oracle Corporation, Date: None, Delay: -1 ms, Speed: 0.00 M/s, Resolution: None
Name: 江西卫视, URL: http://gslbmgsplive.miguvideo.com/migu/kailu/jxwshd/51/20190820/index.m3u8?msisdn=2025091908013343328d07e29d4a75876f4f5b7a541404&mdspid=&spid=600633&netType=0&sid=5910021492&pid=2028597139&timestamp=20250919080133&Channel_ID=0116_2600000900-99000-201600010010027&ProgramID=783847495&ParentNodeID=-99&assertID=5910021492&client_ip=106.13.250.88&SecurityKey=20250919080133&promotionId=&mvid=5900004351&mcid=500020&playurlVersion=WX-A1-8.9.1-RELEASE&userid=&jmhm=&videocodec=h264&bean=mgspad&tid=android&conFee=0&puData=1600f51529bc5f3759574f879d97403b&ddCalcu=b136e0014037f095d1957289fb4c755f9357, From: subscribe, IPv_Type: ipv6, Location: 中国, ISP: 中国移动, Date: None, Delay: -1 ms, Speed: 0.00 M/s, Resolution: None
Name: 江西卫视, URL: https://cc06.tv12.xyz/62.m3u8, From: subscribe, IPv_Type: ipv6, Location: 美国, ISP: CloudFlare Inc., Date: None, Delay: -1 ms, Speed: 0.00 M/s, Resolution: None
Name: 江西卫视, URL: https://jzb.wwkejishe.top/?id=602, From: subscribe, IPv_Type: ipv6, Location: 美国, ISP: CloudFlare Inc., Date: None, Delay: -1 ms, Speed: 0.00 M/s, Resolution: None
Name: 江西卫视, URL: https://shyd.695847.xyz/cms001/ch00000090990000001034/index.m3u8?IASHttpSessionId=RR4967720251014100028031761&ispcode=12, From: subscribe, IPv_Type: ipv6, Location: 美国, ISP: CloudFlare Inc., Date: None, Delay: -1 ms, Speed: 0.00 M/s, Resolution: None
Name: 江西卫视, URL: https://iptv.catvod.com/live.php?id=%E6%B1%9F%E8%A5%BF%E5%8D%AB%E8%A7%86, From: subscribe, IPv_Type: ipv6, Location: 美国, ISP: CloudFlare Inc., Date: None, Delay: -1 ms, Speed: 0.00 M/s, Resolution: None
Name: 江西卫视, URL: https://live.chinacert.cftest5.cn/mg/?id=783847495, From: subscribe, IPv_Type: ipv6, Location: 中国, ISP: 中国联通, Date: None, Delay: -1 ms, Speed: 0.00 M/s, Resolution: None
Name: 江西卫视, URL: http://tvgslb.hn.chinamobile.com:8089/180000001002/00000000000000020000000000182287/main.m3u8?stbid=, From: subscribe, IPv_Type: ipv6, Location: 中国, ISP: 中国移动, Date: None, Delay: -1 ms, Speed: 0.00 M/s, Resolution: None
Name: 江西卫视, URL: http://iptvrr.sh.chinamobile.com:6060/cms001/ch00000090990000001034/index.m3u8, From: subscribe, IPv_Type: ipv6, Location: 中国, ISP: 中国移动, Date: None, Delay: -1 ms, Speed: 0.00 M/s, Resolution: None
Name: 江西卫视, URL: http://hwottcdn.ln.chinamobile.com/PLTV/11/224/3221227475/index.m3u8, From: subscribe, IPv_Type: ipv6, Location: 中国, ISP: 中国移动, Date: None, Delay: -1 ms, Speed: 0.00 M/s, Resolution: None
Name: 江西卫视, URL: http://hwltc.tv.cdn.zj.chinamobile.com/PLTV/88888888/224/3221236212/index.m3u8, From: subscribe, IPv_Type: ipv6, Location: 中国, ISP: 中国移动, Date: None, Delay: -1 ms, Speed: 0.00 M/s, Resolution: None
Name: 江西卫视, URL: http://ott.mobaibox.com/PLTV/3/224/3221228109/index.m3u8, From: subscribe, IPv_Type: ipv6, Location: 中国, ISP: 中国移动, Date: None, Delay: -1 ms, Speed: 0.00 M/s, Resolution: None
Name: 江西卫视, URL: http://k.061899.xyz/k.php?id=jxws, From: subscribe, IPv_Type: ipv6, Location: 新加坡, ISP: Aceville Pte.Ltd., Date: None, Delay: -1 ms, Speed: 0.00 M/s, Resolution: None
Name: 江西卫视, URL: http://mgsp-hs2.live.miguvideo.com:8088/migu/kailu/jxwshd/51/20190820/index.m3u8?msisdn=e55e9ee71b42d2d7008a152c069625e3&mdspid=&spid=600633&netType=0&sid=5910021492&pid=2028597139&timestamp=20260216060218&Channel_ID=0116_2600034600-99000-201600010010028&ProgramID=783847495&ParentNodeID=-99&assertID=5910021492&client_ip=218.28.233.106&SecurityKey=20260216060218&promotionId=&mvid=5900004351&mcid=500020&playurlVersion=WX-A1-9.2.1-RELEASE&userid=&jmhm=&videocodec=h264&appCode=miguvideo_android&bean=mgspad&tid=android&conFee=0&encrypt=f2b26762faff1448de2344dd633976a6&sv=10004&ct=android, From: subscribe, IPv_Type: ipv6, Location: 中国, ISP: 中国移动, Date: None, Delay: -1 ms, Speed: 0.00 M/s, Resolution: None
Name: 江西卫视, URL: http://mgsp-zy2.live.miguvideo.com:8088/migu/kailu/jxwshd/51/20190820/index.m3u8?msisdn=e55e9ee71b42d2d7008a152c069625e3&mdspid=&spid=600633&netType=0&sid=5910021492&pid=2028597139&timestamp=20260217084018&Channel_ID=0116_2600034600-99000-201600010010028&ProgramID=783847495&ParentNodeID=-99&assertID=5910021492&client_ip=218.28.233.106&SecurityKey=20260217084018&promotionId=&mvid=5900004351&mcid=500020&playurlVersion=WX-A1-9.2.1-RELEASE&userid=&jmhm=&videocodec=h264&appCode=miguvideo_android&bean=mgspad&tid=android&conFee=0&encrypt=10b8eff1c27c506b2d458869af3ea5d4&sv=10004&ct=android, From: subscribe, IPv_Type: ipv6, Location: 中国, ISP: 中国电信, Date: None, Delay: -1 ms, Speed: 0.00 M/s, Resolution: None
Name: 江西卫视, URL: http://mgsp-yx2.live.miguvideo.com:8088/migu/kailu/jxwshd/51/20190820/index.m3u8?msisdn=2be6b2ec9fcf10d2c2457e2c710e172c&mdspid=&spid=600633&netType=0&sid=5910021492&pid=2028597139&timestamp=20260228060219&Channel_ID=0116_2600034600-99000-201600010010028&ProgramID=783847495&ParentNodeID=-99&assertID=5910021492&client_ip=218.28.233.106&SecurityKey=20260228060219&promotionId=&mvid=5900004351&mcid=500020&playurlVersion=WX-A1-9.2.1-RELEASE&userid=&jmhm=&videocodec=h264&appCode=miguvideo_android&bean=mgspad&tid=android&conFee=0&encrypt=4a3f96e1b51b0a89c2b3f08af8a04595&sv=10004&ct=android, From: subscribe, IPv_Type: ipv6, Location: 中国, ISP: 中国电信, Date: None, Delay: -1 ms, Speed: 0.00 M/s, Resolution: None
Name: 江西卫视, URL: http://mgsp-ws2.live.miguvideo.com:8088/migu/kailu/jxwshd/51/20190820/index.m3u8?msisdn=2be6b2ec9fcf10d2c2457e2c710e172c&mdspid=&spid=600633&netType=0&sid=5910021492&pid=2028597139&timestamp=20260303060204&Channel_ID=0116_2600034600-99000-201600010010028&ProgramID=783847495&ParentNodeID=-99&assertID=5910021492&client_ip=218.28.233.106&SecurityKey=20260303060204&promotionId=&mvid=5900004351&mcid=500020&playurlVersion=WX-A1-9.2.2-RELEASE&userid=&jmhm=&videocodec=h264&appCode=miguvideo_android&bean=mgspad&tid=android&conFee=0&encrypt=e762ceac913ba428ba4b5a5cccad2191&sv=10004&ct=android, From: subscribe, IPv_Type: ipv6, Location: 加拿大, ISP: , Date: None, Delay: -1 ms, Speed: 0.00 M/s, Resolution: None
Name: 江西卫视, URL: https://t.freetv.fun/live/jiang-xi-wei-shi-8.php, From: subscribe, IPv_Type: ipv6, Location: 美国, ISP: CloudFlare Inc., Date: None, Delay: -1 ms, Speed: 0.00 M/s, Resolution: None
Name: 辽宁卫视, URL: http://php.jdshipin.com/TVOD/hljyd.php?id=3221226546, From: subscribe, IPv_Type: ipv6, Location: 美国, ISP: CloudFlare Inc., Date: None, Delay: 0.1 ms, Speed: inf M/s, Resolution: 1920x1080
Name: 辽宁卫视, URL: http://z.b.bkpcp.top/m.php?id=lnws, From: subscribe, IPv_Type: ipv6, Location: 美国, ISP: CloudFlare Inc., Date: None, Delay: 0.1 ms, Speed: inf M/s, Resolution: 1920x1080
Name: 辽宁卫视, URL: http://j.x.bkpcp.top/jx/LIAONHD, From: subscribe, IPv_Type: ipv6, Location: 美国, ISP: CloudFlare Inc., Date: None, Delay: 0.1 ms, Speed: inf M/s, Resolution: 1920x1080
Name: 辽宁卫视, URL: http://iptv.huuc.edu.cn/hls/lnhd.m3u8, From: subscribe, IPv_Type: ipv6, Location: 中国, ISP: 教育网, Date: None, Delay: 0.1 ms, Speed: inf M/s, Resolution: 1920x1080
Name: 辽宁卫视, URL: http://dsj.motem.top:8880/bptv/10000100000000050000000003873468.m3u8, From: subscribe, IPv_Type: ipv6, Location: 美国, ISP: CloudFlare Inc., Date: None, Delay: 0.1 ms, Speed: inf M/s, Resolution: 1920x1080
Name: 辽宁卫视, URL: http://[2409:8087:1a0a:df::404b]/ottrrs.hl.chinamobile.com/TVOD/88888888/224/3221226546/index.m3u8, From: subscribe, IPv_Type: ipv6, Location: 中国, ISP: 中国移动, Date: None, Delay: 0.1 ms, Speed: inf M/s, Resolution: 1920x1080
Name: 辽宁卫视, URL: http://[2409:8087:1a01:df::4077]/ottrrs.hl.chinamobile.com/PLTV/88888888/8/3221226254/index.m3u8, From: subscribe, IPv_Type: ipv6, Location: 中国, ISP: 中国移动, Date: None, Delay: 0.1 ms, Speed: inf M/s, Resolution: 1920x1080
Name: 辽宁卫视, URL: http://[2409:8087:8:21::18]:6610/otttv.bj.chinamobile.com/PLTV/88888888/224/3221226966/1.m3u8?GuardEncType=2&accountinfo=%7E%7EV2.0%7E6qJH8Fd-zgCGx3P-Ce86cA%7EtP4-l0lmSfjwLWEfK_el1vH_mv-s1zo4AQJwdedaVwG9xkuFTDg8J26cwOrNJzn20BErrHdLhuZ9EzLUCD3PMW-OMx4MGteHV2vLeW6BqoY%2CEND, From: subscribe, IPv_Type: ipv6, Location: 中国, ISP: 中国移动, Date: None, Delay: -1 ms, Speed: 0.00 M/s, Resolution: None
Name: 辽宁卫视, URL: http://[2409:8087:3428:20:500::100f]:6610/PLTV/88888888/224/3221227141/index.m3u8?servicetype=1&IASHttpSessionId=RR423820220409134714119178, From: subscribe, IPv_Type: ipv6, Location: 中国, ISP: 中国移动, Date: None, Delay: 0.1 ms, Speed: inf M/s, Resolution: 1920x1080
Name: 辽宁卫视, URL: http://[2409:8087:3428:20:500::1009]:6610/PLTV/88888888/224/3221227141/index.m3u8?servicetype=1&IASHttpSessionId=RR423820220409134714119178, From: subscribe, IPv_Type: ipv6, Location: 中国, ISP: 中国移动, Date: None, Delay: 0.1 ms, Speed: inf M/s, Resolution: 1920x1080
Name: 辽宁卫视, URL: http://[2409:8087:2001:20:2800:0:df6e:eb17]:80/ott.mobaibox.com/PLTV/4/224/3221227485/index.m3u8, From: subscribe, IPv_Type: ipv6, Location: 中国, ISP: 中国移动, Date: None, Delay: 0.1 ms, Speed: inf M/s, Resolution: 1920x1080
Name: 辽宁卫视, URL: http://goo.bkpcp.top/mg/lnws, From: subscribe, IPv_Type: ipv6, Location: 美国, ISP: CloudFlare Inc., Date: None, Delay: 0.1 ms, Speed: inf M/s, Resolution: 1920x1080
Name: 辽宁卫视, URL: http://yc.myds.me:35455/itv/5000000004000011671.m3u8?cdn=bestzb, From: subscribe, IPv_Type: ipv6, Location: 中国, ISP: 中国电信, Date: None, Delay: 0.1 ms, Speed: inf M/s, Resolution: 1920x1080
Name: 辽宁卫视, URL: http://nas.suntao.online:35455/itv/5000000004000011671.m3u8?cdn=bestzb, From: subscribe, IPv_Type: ipv6, Location: 中国, ISP: 中国联通, Date: None, Delay: 0.1 ms, Speed: inf M/s, Resolution: 1920x1080
Name: 辽宁卫视, URL: http://iptv.cdn.ha.chinamobile.com/PLTV/88888888/224/3221227236/index.m3u8, From: subscribe, IPv_Type: ipv6, Location: 中国, ISP: 中国移动, Date: None, Delay: 0.1 ms, Speed: inf M/s, Resolution: 1920x1080
Name: 辽宁卫视, URL: http://lu.wqwqwq.sbs/itv/1000000005000265022.m3u8?cdn=ystenlive, From: subscribe, IPv_Type: ipv6, Location: 美国, ISP: CloudFlare Inc., Date: None, Delay: 0.1 ms, Speed: inf M/s, Resolution: 1920x1080
Name: 辽宁卫视, URL: http://dbiptv.sn.chinamobile.com/PLTV/88888888/224/3221226201/1.m3u8, From: subscribe, IPv_Type: ipv6, Location: 中国, ISP: 中国移动, Date: None, Delay: 0.1 ms, Speed: inf M/s, Resolution: 1920x1080
Name: 辽宁卫视, URL: http://hwrr.jx.chinamobile.com:8080/PLTV/88888888/224/3221225601/index.m3u8?fmt=ts2hls, From: subscribe, IPv_Type: ipv6, Location: 中国, ISP: 中国移动, Date: None, Delay: 0.1 ms, Speed: inf M/s, Resolution: 1920x1080
Name: 辽宁卫视, URL: http://[2409:8087:2001:20:2800:0:df6e:eb0c]:80/wh7f454c46tw1932285680_928895632/ott.mobaibox.com/PLTV/3/224/3221227676/index.m3u8?icpid=3&RTS=1674386342&from=40&popid=40&hms_devid=2040&prioritypopid=40&vqe=3, From: subscribe, IPv_Type: ipv6, Location: 中国, ISP: 中国移动, Date: None, Delay: 0.1 ms, Speed: inf M/s, Resolution: 1920x1080
Name: 辽宁卫视, URL: http://[2409:8087:2001:20:2800:0:df6e:eb02]:80/wh7f454c46tw1932493433_-7314784/ott.mobaibox.com/PLTV/3/224/3221227700/index.m3u8?icpid=3&RTS=1674386342&from=40&popid=40&hms_devid=2039&prioritypopid=40&vqe=3, From: subscribe, IPv_Type: ipv6, Location: 中国, ISP: 中国移动, Date: None, Delay: 0.1 ms, Speed: inf M/s, Resolution: 1920x1080
Name: 辽宁卫视, URL: http://[2409:8087:2001:20:2800:0:df6e:eb10]:80/wh7f454c46tw514415942_-407592699/ott.mobaibox.com/PLTV/3/224/3221228162/index.m3u8?icpid=3&RTS=1674380629&from=40&popid=40&hms_devid=2110&prioritypopid=40&vqe=3, From: subscribe, IPv_Type: ipv6, Location: 中国, ISP: 中国移动, Date: None, Delay: 0.1 ms, Speed: inf M/s, Resolution: 1920x1080
Name: 辽宁卫视, URL: http://[2409:8087:1e03:21::42]:6610/cms001/ch00000090990000001035/index.m3u8, From: subscribe, IPv_Type: ipv6, Location: 中国, ISP: 中国移动, Date: None, Delay: 0.1 ms, Speed: inf M/s, Resolution: 1920x1080
Name: 辽宁卫视, URL: http://[2409:8087:4c0a:22:1::11]:6410/170000001115/UmaiCHAN3450001BESTVSMGSMG/index.m3u8?m3u8_level=2, From: subscribe, IPv_Type: ipv6, Location: 中国, ISP: 中国移动, Date: None, Delay: 0.1 ms, Speed: inf M/s, Resolution: 1920x1080
Name: 辽宁卫视, URL: http://[2409:8087:5e01:34::38]:6610/ZTE_CMS/00000001000000060000000000000367/index.m3u8, From: subscribe, IPv_Type: ipv6, Location: 中国, ISP: 中国移动, Date: None, Delay: 0.1 ms, Speed: inf M/s, Resolution: 1920x1080
Name: 辽宁卫视, URL: http://[2409:8087:5e00:24::1e]:6060/200000001898/460000089800010061/1.m3u8, From: subscribe, IPv_Type: ipv6, Location: 中国, ISP: 中国移动, Date: None, Delay: 0.1 ms, Speed: inf M/s, Resolution: 1920x1080
Name: 辽宁卫视, URL: http://[2409:8087:5e01:34::22]:6610/ZTE_CMS/00000001000000060000000000000367/index.m3u8?IAS, From: subscribe, IPv_Type: ipv6, Location: 中国, ISP: 中国移动, Date: None, Delay: 0.1 ms, Speed: inf M/s, Resolution: 1920x1080
Name: 辽宁卫视, URL: http://[2409:8087:5e01:34::21]:6610/ZTE_CMS/00000001000000060000000000000367/index.m3u8?IAS, From: subscribe, IPv_Type: ipv6, Location: 中国, ISP: 中国移动, Date: None, Delay: 0.1 ms, Speed: inf M/s, Resolution: 1920x1080
Name: 辽宁卫视, URL: http://[2409:8087:5e01:34::20]:6610/ZTE_CMS/00000001000000060000000000000367/index.m3u8?IAS, From: subscribe, IPv_Type: ipv6, Location: 中国, ISP: 中国移动, Date: None, Delay: 0.1 ms, Speed: inf M/s, Resolution: 1920x1080
Name: 辽宁卫视, URL: http://[2409:8087:5e01:34::23]:6610/ZTE_CMS/00000001000000060000000000000367/index.m3u8?IAS, From: subscribe, IPv_Type: ipv6, Location: 中国, ISP: 中国移动, Date: None, Delay: 0.1 ms, Speed: inf M/s, Resolution: 1920x1080
Name: 辽宁卫视, URL: https://stream1.freetv.fun/liao-zhu-wei-shi-44.m3u8, From: subscribe, IPv_Type: ipv6, Location: 美国, ISP: CloudFlare Inc., Date: None, Delay: 0.1 ms, Speed: inf M/s, Resolution: 1920x1080
Name: 辽宁卫视, URL: http://[2409:8087:2001:20:2800:0:df6e:eb16]/wh7f454c46tw3102310989_-1844874138/ott.mobaibox.com/PLTV/3/224/3221227485/index.m3u8?icpid=3&RTS=1668597896&from=40&popid=40&hms_devid=2114&prioritypopid=40&vqe=3, From: subscribe, IPv_Type: ipv6, Location: 中国, ISP: 中国移动, Date: None, Delay: 0.1 ms, Speed: inf M/s, Resolution: 1920x1080
Name: 辽宁卫视, URL: https://live.v1.mk/api/bestv.php?id=lnwshd8m/8000000, From: subscribe, IPv_Type: ipv6, Location: 美国, ISP: CloudFlare Inc., Date: None, Delay: 0.1 ms, Speed: inf M/s, Resolution: 1920x1080
Name: 辽宁卫视, URL: http://[2409:8087:74f0:22::7]:6410/270000001128/9900000526/index.m3u8, From: subscribe, IPv_Type: ipv6, Location: 中国, ISP: 中国移动, Date: None, Delay: 0.1 ms, Speed: inf M/s, Resolution: 1920x1080
Name: 辽宁卫视, URL: http://[2409:8087:1a01:df::7005]/ottrrs.hl.chinamobile.com/PLTV/88888888/224/3221226546/index.m3u8, From: subscribe, IPv_Type: ipv6, Location: 中国, ISP: 中国移动, Date: None, Delay: 0.1 ms, Speed: inf M/s, Resolution: 1920x1080
Name: 辽宁卫视, URL: http://[2409:8087:3869:8021:1001::e5]:6610/PLTV/88888888/224/3221225726/2/index.m3u8, From: subscribe, IPv_Type: ipv6, Location: 中国, ISP: 中国移动, Date: None, Delay: -1 ms, Speed: 0.00 M/s, Resolution: None
Name: 辽宁卫视, URL: http://rrs01.hw.gmcc.net:8088/PLTV/81/224/3221226689/1.m3u8, From: subscribe, IPv_Type: ipv6, Location: 中国, ISP: 中国移动, Date: None, Delay: -1 ms, Speed: 0.00 M/s, Resolution: None
Name: 辽宁卫视, URL: http://[2409:8087:1a15:10d1::37]/ottrrs.hl.chinamobile.com/PLTV/88888888/224/3221226546/index.m3u8, From: subscribe, IPv_Type: ipv6, Location: 中国, ISP: 中国移动, Date: None, Delay: -1 ms, Speed: 0.00 M/s, Resolution: None
Name: 辽宁卫视, URL: http://[2409:8087:5e08:25::16]:6610/200000001898/460000089800010061/1.m3u8, From: subscribe, IPv_Type: ipv6, Location: 中国, ISP: 中国移动, Date: None, Delay: -1 ms, Speed: 0.00 M/s, Resolution: None
Name: 辽宁卫视, URL: https://mursor.ottiptv.cc/mcp/liaoning.m3u8, From: subscribe, IPv_Type: ipv6, Location: 美国, ISP: Oracle Corporation, Date: None, Delay: -1 ms, Speed: 0.00 M/s, Resolution: None
Name: 辽宁卫视, URL: https://migu.188766.xyz/?migutoken=6319f09852272c2349c552350caae979&id=lnws&type=sz, From: subscribe, IPv_Type: ipv6, Location: 美国, ISP: CloudFlare Inc., Date: None, Delay: -1 ms, Speed: 0.00 M/s, Resolution: None
Name: 辽宁卫视, URL: http://gslbmgsplive.miguvideo.com/wd_r2/2018/ocn/liaoningwshd/2000/index.m3u8?msisdn=2025092308012024c4f58493f2464c83f44404e9d67415&mdspid=&spid=600572&netType=0&sid=5910022198&pid=2028597139&timestamp=20250923080120&Channel_ID=0116_2600000900-99000-201600010010027&ProgramID=630291707&ParentNodeID=-99&assertID=5910022198&client_ip=106.13.250.83&SecurityKey=20250923080120&promotionId=&mvid=5101043014&mcid=500020&playurlVersion=WX-A1-8.9.1-RELEASE&userid=&jmhm=&videocodec=h264&bean=mgspad&tid=android&conFee=0&puData=c858accec222a1f7e25735f3ea164172&ddCalcu=2c78e1524806a01cacee3cf252327a512fe7, From: subscribe, IPv_Type: ipv6, Location: 中国, ISP: 中国移动, Date: None, Delay: -1 ms, Speed: 0.00 M/s, Resolution: None
Name: 辽宁卫视, URL: https://cc06.tv12.xyz/70.m3u8, From: subscribe, IPv_Type: ipv6, Location: 美国, ISP: CloudFlare Inc., Date: None, Delay: -1 ms, Speed: 0.00 M/s, Resolution: None
Name: 辽宁卫视, URL: https://iptv.catvod.com/live.php?id=%E8%BE%BD%E5%AE%81%E5%8D%AB%E8%A7%86, From: subscribe, IPv_Type: ipv6, Location: 美国, ISP: CloudFlare Inc., Date: None, Delay: -1 ms, Speed: 0.00 M/s, Resolution: None
Name: 辽宁卫视, URL: https://shyd.695847.xyz/cms001/ch00000090990000001035/index.m3u8?IASHttpSessionId=RR4967720251014100028031761&ispcode=12, From: subscribe, IPv_Type: ipv6, Location: 美国, ISP: CloudFlare Inc., Date: None, Delay: -1 ms, Speed: 0.00 M/s, Resolution: None
Name: 辽宁卫视, URL: https://live.chinacert.cftest5.cn/mg/?id=630291707, From: subscribe, IPv_Type: ipv6, Location: 中国, ISP: 中国联通, Date: None, Delay: -1 ms, Speed: 0.00 M/s, Resolution: None
Name: 辽宁卫视, URL: https://www.goodiptv.club/douyu/9403738, From: subscribe, IPv_Type: ipv6, Location: 美国, ISP: CloudFlare Inc., Date: None, Delay: -1 ms, Speed: 0.00 M/s, Resolution: None
Name: 辽宁卫视, URL: http://iptvrr.sh.chinamobile.com:6060/cms001/ch00000090990000001035/index.m3u8, From: subscribe, IPv_Type: ipv6, Location: 中国, ISP: 中国移动, Date: None, Delay: -1 ms, Speed: 0.00 M/s, Resolution: None
Name: 辽宁卫视, URL: http://tvgslb.hn.chinamobile.com:8089/180000001002/00000001000000000016000000007225/main.m3u8?stbid=, From: subscribe, IPv_Type: ipv6, Location: 中国, ISP: 中国移动, Date: None, Delay: -1 ms, Speed: 0.00 M/s, Resolution: None
Name: 辽宁卫视, URL: http://hwottcdn.ln.chinamobile.com/PLTV/11/224/3221226767/index.m3u8, From: subscribe, IPv_Type: ipv6, Location: 中国, ISP: 中国移动, Date: None, Delay: -1 ms, Speed: 0.00 M/s, Resolution: None
Name: 辽宁卫视, URL: http://hwltc.tv.cdn.zj.chinamobile.com/PLTV/88888888/224/3221236161/index.m3u8, From: subscribe, IPv_Type: ipv6, Location: 中国, ISP: 中国移动, Date: None, Delay: -1 ms, Speed: 0.00 M/s, Resolution: None
Name: 辽宁卫视, URL: http://k.061899.xyz/k.php?id=lnws, From: subscribe, IPv_Type: ipv6, Location: 新加坡, ISP: Aceville Pte.Ltd., Date: None, Delay: -1 ms, Speed: 0.00 M/s, Resolution: None
Name: 辽宁卫视, URL: http://ott.mobaibox.com/PLTV/3/224/3221227485/index.m3u8, From: subscribe, IPv_Type: ipv6, Location: 中国, ISP: 中国移动, Date: None, Delay: -1 ms, Speed: 0.00 M/s, Resolution: None
Name: 辽宁卫视, URL: https://hlsbkmgsplive.miguvideo.com/migu/kailu/lnwshd265/54/20200407/01.m3u8?&HlsSubType=&encrypt=, From: subscribe, IPv_Type: ipv6, Location: 中国, ISP: 中国移动, Date: None, Delay: -1 ms, Speed: 0.00 M/s, Resolution: None
Name: 辽宁卫视, URL: http://mgsp-yx2.live.miguvideo.com:8088/migu/kailu/lnwshd265/54/20200407/index.m3u8?msisdn=e55e9ee71b42d2d7008a152c069625e3&mdspid=&spid=600572&netType=0&sid=5910022198&pid=2028597139&timestamp=20260215080207&Channel_ID=0116_2600034600-99000-201600010010028&ProgramID=630291707&ParentNodeID=-99&assertID=5910022198&client_ip=218.28.233.106&SecurityKey=20260215080207&promotionId=&mvid=5101043014&mcid=500020&playurlVersion=WX-A1-9.2.1-RELEASE&userid=&jmhm=&videocodec=h265&appCode=miguvideo_android&bean=mgspad&tid=android&conFee=0&encrypt=9cbf54f17dab989e41757dd1a2a4b966&sv=10004&ct=android, From: subscribe, IPv_Type: ipv6, Location: 中国, ISP: 中国电信, Date: None, Delay: -1 ms, Speed: 0.00 M/s, Resolution: None
Name: 辽宁卫视, URL: https://t.freetv.fun/live/liao-zhu-wei-shi-5.m3u8, From: subscribe, IPv_Type: ipv6, Location: 美国, ISP: CloudFlare Inc., Date: None, Delay: -1 ms, Speed: 0.00 M/s, Resolution: None
Name: 辽宁卫视, URL: http://mgsp-hs2.live.miguvideo.com:8088/migu/kailu/lnwshd265/54/20200407/index.m3u8?msisdn=2be6b2ec9fcf10d2c2457e2c710e172c&mdspid=&spid=600572&netType=0&sid=5910022198&pid=2028597139&timestamp=20260228080223&Channel_ID=0116_2600034600-99000-201600010010028&ProgramID=630291707&ParentNodeID=-99&assertID=5910022198&client_ip=218.28.233.106&SecurityKey=20260228080223&promotionId=&mvid=5101043014&mcid=500020&playurlVersion=WX-A1-9.2.1-RELEASE&userid=&jmhm=&videocodec=h265&appCode=miguvideo_android&bean=mgspad&tid=android&conFee=0&encrypt=fc7e8b03fe4c0f8844355e52cd98ee74&sv=10004&ct=android, From: subscribe, IPv_Type: ipv6, Location: 中国, ISP: 中国联通, Date: None, Delay: -1 ms, Speed: 0.00 M/s, Resolution: None
Name: 辽宁卫视, URL: http://125.43.249.150:9901/tsfile/live/1022_1.m3u8?key=txiptv&playlive=1&authid=0, From: subscribe, IPv_Type: ipv4, Location: 中国-河南-焦作, ISP: 联通, Date: None, Delay: 10281 ms, Speed: 0.00 M/s, Resolution: None
Name: 内蒙古卫视, URL: http://php.jdshipin.com/TVOD/hljyd.php?id=3221225634, From: subscribe, IPv_Type: ipv6, Location: 美国, ISP: CloudFlare Inc., Date: None, Delay: 0.1 ms, Speed: inf M/s, Resolution: 1920x1080
Name: 内蒙古卫视, URL: http://z.b.bkpcp.top/m.php?id=nmws, From: subscribe, IPv_Type: ipv6, Location: 美国, ISP: CloudFlare Inc., Date: None, Delay: 0.1 ms, Speed: inf M/s, Resolution: 1920x1080
Name: 内蒙古卫视, URL: http://j.x.bkpcp.top/jx/NMGWS, From: subscribe, IPv_Type: ipv6, Location: 美国, ISP: CloudFlare Inc., Date: None, Delay: 0.1 ms, Speed: inf M/s, Resolution: 1920x1080
Name: 内蒙古卫视, URL: https://ali-m-l.cztv.com/channels/lantian/channel007/1080p.m3u8, From: subscribe, IPv_Type: ipv6, Location: 中国-广西-防城港, ISP: 电信, Date: None, Delay: 0.1 ms, Speed: inf M/s, Resolution: 1920x1080
Name: 内蒙古卫视, URL: http://goo.bkpcp.top/mg/nmws, From: subscribe, IPv_Type: ipv6, Location: 美国, ISP: CloudFlare Inc., Date: None, Delay: 0.1 ms, Speed: inf M/s, Resolution: 1920x1080
Name: 内蒙古卫视, URL: http://ottrrs.hl.chinamobile.com/PLTV/88888888/224/3221225634/index.m3u8, From: subscribe, IPv_Type: ipv6, Location: 中国, ISP: 中国移动, Date: None, Delay: 0.1 ms, Speed: inf M/s, Resolution: 1920x1080
Name: 内蒙古卫视, URL: http://dsj.motem.top:8880/bptv/10000100000000050000000003887427.m3u8, From: subscribe, IPv_Type: ipv6, Location: 美国, ISP: CloudFlare Inc., Date: None, Delay: 0.1 ms, Speed: inf M/s, Resolution: 1920x1080
Name: 内蒙古卫视, URL: http://[2409:8087:1a01:df::401a]:80/wh7f454c46tw3029083262_-802204014/ottrrs.hl.chinamobile.com/PLTV/88888888/224/3221225634/index.m3u8?icpid=88888888&RTS=1713969858&from=4&hms_devid=128&prioritypopid=4&online=1713969858&vqe=3, From: subscribe, IPv_Type: ipv6, Location: 中国, ISP: 中国移动, Date: None, Delay: 0.1 ms, Speed: inf M/s, Resolution: 1920x1080
Name: 内蒙古卫视, URL: http://[2409:8087:1a01:df::7005]:80/ottrrs.hl.chinamobile.com/PLTV/88888888/224/3221225634/index.m3u8, From: subscribe, IPv_Type: ipv6, Location: 中国, ISP: 中国移动, Date: None, Delay: 0.1 ms, Speed: inf M/s, Resolution: 1920x1080
Name: 内蒙古卫视, URL: http://[2409:8087:1a01:df::4077]/ottrrs.hl.chinamobile.com/PLTV/88888888/8/3221226389/index.m3u8, From: subscribe, IPv_Type: ipv6, Location: 中国, ISP: 中国移动, Date: None, Delay: 0.1 ms, Speed: inf M/s, Resolution: 1920x1080
Name: 内蒙古卫视, URL: http://[2409:8087:8:21::18]:6610/otttv.bj.chinamobile.com/PLTV/88888888/224/3221227018/1.m3u8?GuardEncType=2&accountinfo=%7E%7EV2.0%7ErN_hoRDwApMKnJqiNHvn9w%7EtP4-l0lmSfjwLWEfK_el1vH_mv-s1zo4AQJwdedaVwG9xkuFTDg8J26cwOrNJzn20BErrHdLhuZ9EzLUCD3PMW-OMx4MGteHV2vLeW6BqoY%2CEND, From: subscribe, IPv_Type: ipv6, Location: 中国, ISP: 中国移动, Date: None, Delay: -1 ms, Speed: 0.00 M/s, Resolution: None
Name: 内蒙古卫视, URL: http://[2409:8087:1e03:21::2]:6060/cms001/ch00000090990000001068/index.m3u8, From: subscribe, IPv_Type: ipv6, Location: 中国, ISP: 中国移动, Date: None, Delay: 0.1 ms, Speed: inf M/s, Resolution: 1920x1080
Name: 内蒙古卫视, URL: http://[2409:8087:3428:20:500::100f]:6610/PLTV/88888888/224/3221227244/index.m3u8?servicetype=1&IASHttpSessionId=RR423820220409134714119178, From: subscribe, IPv_Type: ipv6, Location: 中国, ISP: 中国移动, Date: None, Delay: 0.1 ms, Speed: inf M/s, Resolution: 1920x1080
Name: 内蒙古卫视, URL: http://[2409:8087:3428:20:500::1009]:6610/PLTV/88888888/224/3221227244/index.m3u8?servicetype=1&IASHttpSessionId=RR423820220409134714119178, From: subscribe, IPv_Type: ipv6, Location: 中国, ISP: 中国移动, Date: None, Delay: 0.1 ms, Speed: inf M/s, Resolution: 1920x1080
Name: 内蒙古卫视, URL: http://[2409:8087:2001:20:2800:0:df6e:eb19]:80/wh7f454c46tw2228825807_1324573507/ott.mobaibox.com/PLTV/3/224/3221227557/index.m3u8, From: subscribe, IPv_Type: ipv6, Location: 中国, ISP: 中国移动, Date: None, Delay: 0.1 ms, Speed: inf M/s, Resolution: 1920x1080
Name: 内蒙古卫视, URL: https://stream1.freetv.fun/3b0b850483e1ae63e74c17427d2269d7e47b36a1293d8236d90150c5a14ac1fb.ctv, From: subscribe, IPv_Type: ipv6, Location: 美国, ISP: CloudFlare Inc., Date: None, Delay: 0.1 ms, Speed: inf M/s, Resolution: 1920x1080
Name: 内蒙古卫视, URL: http://[2409:8087:3869:8021:1001::e5]:6610/PLTV/88888888/224/3221225601/2/index.m3u8, From: subscribe, IPv_Type: ipv6, Location: 中国, ISP: 中国移动, Date: None, Delay: -1 ms, Speed: 0.00 M/s, Resolution: None
Name: 内蒙古卫视, URL: http://rrs01.hw.gmcc.net:8088/PLTV/81/224/3221226685/1.m3u8, From: subscribe, IPv_Type: ipv6, Location: 中国, ISP: 中国移动, Date: None, Delay: -1 ms, Speed: 0.00 M/s, Resolution: None
Name: 内蒙古卫视, URL: http://[2409:8087:1a15:10d1::35]/ottrrs.hl.chinamobile.com/PLTV/88888888/224/3221226389/index.m3u8, From: subscribe, IPv_Type: ipv6, Location: 中国, ISP: 中国移动, Date: None, Delay: -1 ms, Speed: 0.00 M/s, Resolution: None
Name: 内蒙古卫视, URL: http://[2409:8087:5e08:25::16]:6610/200000001898/460000089800010109/1.m3u8, From: subscribe, IPv_Type: ipv6, Location: 中国, ISP: 中国移动, Date: None, Delay: -1 ms, Speed: 0.00 M/s, Resolution: None
Name: 内蒙古卫视, URL: https://mursor.ottiptv.cc/mcp/neimenggu.m3u8, From: subscribe, IPv_Type: ipv6, Location: 美国, ISP: Oracle Corporation, Date: None, Delay: -1 ms, Speed: 0.00 M/s, Resolution: None
Name: 内蒙古卫视, URL: https://migu.188766.xyz/?migutoken=657d4dd9d33a18358a91bc071128a7da&id=nmws_hd&type=yy, From: subscribe, IPv_Type: ipv6, Location: 美国, ISP: CloudFlare Inc., Date: None, Delay: -1 ms, Speed: 0.00 M/s, Resolution: None
Name: 内蒙古卫视, URL: https://cc06.tv12.xyz/94.m3u8, From: subscribe, IPv_Type: ipv6, Location: 美国, ISP: CloudFlare Inc., Date: None, Delay: -1 ms, Speed: 0.00 M/s, Resolution: None
Name: 内蒙古卫视, URL: https://iptv.catvod.com/live.php?id=%E5%86%85%E8%92%99%E5%8F%A4%E5%8D%AB%E8%A7%86, From: subscribe, IPv_Type: ipv6, Location: 美国, ISP: CloudFlare Inc., Date: None, Delay: -1 ms, Speed: 0.00 M/s, Resolution: None
Name: 内蒙古卫视, URL: https://shyd.695847.xyz/cms001/ch00000090990000001068/index.m3u8?IASHttpSessionId=RR4967720251014100028031761&ispcode=12, From: subscribe, IPv_Type: ipv6, Location: 美国, ISP: CloudFlare Inc., Date: None, Delay: -1 ms, Speed: 0.00 M/s, Resolution: None
Name: 内蒙古卫视, URL: http://ott.mobaibox.com/PLTV/3/224/3221227557/index.m3u8, From: subscribe, IPv_Type: ipv6, Location: 中国, ISP: 中国移动, Date: None, Delay: -1 ms, Speed: 0.00 M/s, Resolution: None
Name: 内蒙古卫视, URL: http://hwltc.tv.cdn.zj.chinamobile.com/PLTV/88888888/224/3221236270/index.m3u8, From: subscribe, IPv_Type: ipv6, Location: 中国, ISP: 中国移动, Date: None, Delay: -1 ms, Speed: 0.00 M/s, Resolution: None
Name: 内蒙古卫视, URL: http://tvgslb.hn.chinamobile.com:8089/180000001002/00000000000000020000000000182272/main.m3u8?stbid=, From: subscribe, IPv_Type: ipv6, Location: 中国, ISP: 中国移动, Date: None, Delay: -1 ms, Speed: 0.00 M/s, Resolution: None
Name: 内蒙古卫视, URL: http://k.061899.xyz/k.php?id=nmgws, From: subscribe, IPv_Type: ipv6, Location: 新加坡, ISP: Aceville Pte.Ltd., Date: None, Delay: -1 ms, Speed: 0.00 M/s, Resolution: None
Name: 内蒙古卫视, URL: http://hwottcdn.ln.chinamobile.com/PLTV/11/224/3221226886/index.m3u8, From: subscribe, IPv_Type: ipv6, Location: 中国, ISP: 中国移动, Date: None, Delay: -1 ms, Speed: 0.00 M/s, Resolution: None
Name: 内蒙古卫视, URL: http://iptvrr.sh.chinamobile.com:6060/cms001/ch00000090990000001068/index.m3u8, From: subscribe, IPv_Type: ipv6, Location: 中国, ISP: 中国移动, Date: None, Delay: -1 ms, Speed: 0.00 M/s, Resolution: None
Name: 内蒙古卫视, URL: https://t.freetv.fun/live/nei-meng-gu-wei-shi.php, From: subscribe, IPv_Type: ipv6, Location: 美国, ISP: CloudFlare Inc., Date: None, Delay: -1 ms, Speed: 0.00 M/s, Resolution: None
Name: 内蒙古卫视, URL: https://live.264788.xyz/channel/neimengguweishi?streamid=3e7340acf8869ac1c7dad1bb836dcd35&livekey=01WgOR41rriMmMkzNsd0UoaxJRwetZdxIvtVk, From: subscribe, IPv_Type: ipv4, Location: 美国, ISP: CloudFlare节点, Date: None, Delay: 632 ms, Speed: 35.53 M/s, Resolution: 1920x1080
Name: 内蒙古卫视, URL: http://192.151.150.154/live/nmgws.m3u8, From: subscribe, IPv_Type: ipv4, Location: 美国-密苏里州-杰克逊县, ISP: Datashack公司, Date: None, Delay: 581 ms, Speed: 7.73 M/s, Resolution: 1920x1080
Name: 宁夏卫视, URL: http://php.jdshipin.com/TVOD/hnyd.php?id=200000001898/460000089800010110, From: subscribe, IPv_Type: ipv6, Location: 美国, ISP: CloudFlare Inc., Date: None, Delay: 0.1 ms, Speed: inf M/s, Resolution: 1920x1080
Name: 宁夏卫视, URL: http://z.b.bkpcp.top/m.php?id=nxws, From: subscribe, IPv_Type: ipv6, Location: 美国, ISP: CloudFlare Inc., Date: None, Delay: 0.1 ms, Speed: inf M/s, Resolution: 1920x1080
Name: 宁夏卫视, URL: http://j.x.bkpcp.top/jx/NXWS, From: subscribe, IPv_Type: ipv6, Location: 美国, ISP: CloudFlare Inc., Date: None, Delay: 0.1 ms, Speed: inf M/s, Resolution: 1920x1080
Name: 宁夏卫视, URL: http://goo.bkpcp.top/mg/nxws, From: subscribe, IPv_Type: ipv6, Location: 美国, ISP: CloudFlare Inc., Date: None, Delay: 0.1 ms, Speed: inf M/s, Resolution: 1920x1080
Name: 宁夏卫视, URL: http://[2409:8087:1a01:df::4077]:80/ottrrs.hl.chinamobile.com/TVOD/88888888/8/3221226454/index.m3u8, From: subscribe, IPv_Type: ipv6, Location: 中国, ISP: 中国移动, Date: None, Delay: 0.1 ms, Speed: inf M/s, Resolution: 1920x1080
Name: 宁夏卫视, URL: http://dsj.motem.top:8880/bptv/10000100000000050000000003887433.m3u8, From: subscribe, IPv_Type: ipv6, Location: 美国, ISP: CloudFlare Inc., Date: None, Delay: 0.1 ms, Speed: inf M/s, Resolution: 1920x1080
Name: 宁夏卫视, URL: http://[2409:8087:1a0a:df::404b]/ottrrs.hl.chinamobile.com/TVOD/88888888/8/3221226454/index.m3u8, From: subscribe, IPv_Type: ipv6, Location: 中国, ISP: 中国移动, Date: None, Delay: 0.1 ms, Speed: inf M/s, Resolution: 1920x1080
Name: 宁夏卫视, URL: http://[2409:8087:1e03:21::2]:6060/cms001/ch00000090990000001074/index.m3u8, From: subscribe, IPv_Type: ipv6, Location: 中国, ISP: 中国移动, Date: None, Delay: 0.1 ms, Speed: inf M/s, Resolution: 1920x1080
Name: 宁夏卫视, URL: http://[2409:8087:3428:20:500::100f]:6610/PLTV/88888888/224/3221227254/index.m3u8?servicetype=1&IASHttpSessionId=RR423820220409134714119178, From: subscribe, IPv_Type: ipv6, Location: 中国, ISP: 中国移动, Date: None, Delay: 0.1 ms, Speed: inf M/s, Resolution: 1920x1080
Name: 宁夏卫视, URL: http://[2409:8087:8:21::18]:6610/otttv.bj.chinamobile.com/PLTV/88888888/224/3221227003/1.m3u8?GuardEncType=2&accountinfo=%7E%7EV2.0%7ESco1zinvdUYzleEkXYhIvA%7EtP4-l0lmSfjwLWEfK_el1vH_mv-s1zo4AQJwdedaVwG9xkuFTDg8J26cwOrNJzn20BErrHdLhuZ9EzLUCD3PMW-OMx4MGteHV2vLeW6BqoY%2CEND, From: None, IPv_Type: ipv6, Location: 中国, ISP: 中国移动, Date: None, Delay: -1 ms, Speed: 0.00 M/s, Resolution: None
Name: 宁夏卫视, URL: http://[2409:8087:1:20:20::26]/otttv.bj.chinamobile.com/PLTV/88888888/224/3221227020/1.m3u8?GuardEncType=2&accountinfo=%7E%7EV2.0%7Err-CLugPnTcUinEM8JeySg%7EtP4-l0lmSfjwLWEfK_el1vH_mv-s1zo4AQJwdedaVwG9xkuFTDg8J26cwOrNJzn20BErrHdLhuZ9EzLUCD3PMW-OMx4MGteHV2vLeW6BqoY%2CEND, From: subscribe, IPv_Type: ipv6, Location: 中国, ISP: 中国移动, Date: None, Delay: 0.1 ms, Speed: inf M/s, Resolution: 1920x1080
Name: 宁夏卫视, URL: http://[2409:8087:3428:20:500::1009]:6610/PLTV/88888888/224/3221227254/index.m3u8?servicetype=1&IASHttpSessionId=RR423820220409134714119178, From: subscribe, IPv_Type: ipv6, Location: 中国, ISP: 中国移动, Date: None, Delay: 0.1 ms, Speed: inf M/s, Resolution: 1920x1080
Name: 宁夏卫视, URL: http://tvh.990066.xyz/stream/channelid/663195650?profile=pass, From: subscribe, IPv_Type: ipv6, Location: 美国, ISP: CloudFlare Inc., Date: None, Delay: 0.1 ms, Speed: inf M/s, Resolution: 1920x1080
Name: 宁夏卫视, URL: http://[2409:8087:5e01:34::22]:6610/ZTE_CMS/00000001000000060000000000000309/index.m3u8, From: subscribe, IPv_Type: ipv6, Location: 中国, ISP: 中国移动, Date: None, Delay: 0.1 ms, Speed: inf M/s, Resolution: 1920x1080
Name: 宁夏卫视, URL: https://stream1.freetv.fun/zhu-xia-wei-shi-75.m3u8, From: subscribe, IPv_Type: ipv6, Location: 美国, ISP: CloudFlare Inc., Date: None, Delay: 0.1 ms, Speed: inf M/s, Resolution: 1920x1080
Name: 宁夏卫视, URL: http://[2409:8087:1a01:df::7005]:80/ottrrs.hl.chinamobile.com/PLTV/88888888/224/3221225632/index.m3u8, From: subscribe, IPv_Type: ipv6, Location: 中国, ISP: 中国移动, Date: None, Delay: 0.1 ms, Speed: inf M/s, Resolution: 1920x1080
Name: 宁夏卫视, URL: http://[2409:8087:3869:8021:1001::e5]:6610/PLTV/88888888/224/3221225726/2/index.m3u8, From: subscribe, IPv_Type: ipv6, Location: 中国, ISP: 中国移动, Date: None, Delay: -1 ms, Speed: 0.00 M/s, Resolution: None
Name: 宁夏卫视, URL: http://rrs01.hw.gmcc.net:8088/PLTV/81/224/3221226691/1.m3u8, From: subscribe, IPv_Type: ipv6, Location: 中国, ISP: 中国移动, Date: None, Delay: -1 ms, Speed: 0.00 M/s, Resolution: None
Name: 宁夏卫视, URL: http://[2409:8087:5e08:25::16]:6610/200000001898/460000089800010110/1.m3u8, From: subscribe, IPv_Type: ipv6, Location: 中国, ISP: 中国移动, Date: None, Delay: -1 ms, Speed: 0.00 M/s, Resolution: None
Name: 宁夏卫视, URL: https://mursor.ottiptv.cc/mcp/ningxia.m3u8, From: subscribe, IPv_Type: ipv6, Location: 美国, ISP: Oracle Corporation, Date: None, Delay: -1 ms, Speed: 0.00 M/s, Resolution: None
Name: 宁夏卫视, URL: https://migu.188766.xyz/?migutoken=c4dc8d5ba86b582a67f4146af2aaf463&id=nxws_hd&type=sz, From: subscribe, IPv_Type: ipv6, Location: 美国, ISP: CloudFlare Inc., Date: None, Delay: -1 ms, Speed: 0.00 M/s, Resolution: None
Name: 宁夏卫视, URL: https://cc06.tv12.xyz/96.m3u8, From: subscribe, IPv_Type: ipv6, Location: 美国, ISP: CloudFlare Inc., Date: None, Delay: -1 ms, Speed: 0.00 M/s, Resolution: None
Name: 宁夏卫视, URL: https://shyd.695847.xyz/cms001/ch00000090990000001074/index.m3u8?IASHttpSessionId=RR4967720251014100028031761&ispcode=12, From: subscribe, IPv_Type: ipv6, Location: 美国, ISP: CloudFlare Inc., Date: None, Delay: -1 ms, Speed: 0.00 M/s, Resolution: None
Name: 宁夏卫视, URL: http://gslbmgsplive.miguvideo.com/envivo_x/2018/SD/ningxia/1000/index.m3u8?msisdn=2025110808005329b7b16162884a3fa11401c884419e75&mdspid=&spid=600697&netType=0&sid=5910022262&pid=2028597139&timestamp=20251108080053&Channel_ID=0116_2600000900-99000-201600010010027&ProgramID=738910535&ParentNodeID=-99&assertID=5910022262&client_ip=106.13.250.83&SecurityKey=20251108080053&promotionId=&mvid=5900004337&mcid=500020&playurlVersion=WX-A1-8.10.1-RELEASE&userid=&jmhm=&videocodec=h264&bean=mgspad&tid=android&conFee=0&puData=571da8e976075c01cb5a379ebc5369eb&ddCalcu=b5e7e9106d83a058ceb9e7967037a55cb0c1, From: subscribe, IPv_Type: ipv6, Location: 中国, ISP: 中国移动, Date: None, Delay: -1 ms, Speed: 0.00 M/s, Resolution: None
Name: 宁夏卫视, URL: https://iptv.catvod.com/live.php?id=%E5%AE%81%E5%A4%8F%E5%8D%AB%E8%A7%86, From: subscribe, IPv_Type: ipv6, Location: 美国, ISP: CloudFlare Inc., Date: None, Delay: -1 ms, Speed: 0.00 M/s, Resolution: None
Name: 宁夏卫视, URL: http://hwottcdn.ln.chinamobile.com/PLTV/11/224/3221226154/index.m3u8, From: subscribe, IPv_Type: ipv6, Location: 中国, ISP: 中国移动, Date: None, Delay: -1 ms, Speed: 0.00 M/s, Resolution: None
Name: 宁夏卫视, URL: http://tvgslb.hn.chinamobile.com:8089/180000001002/00000000000000020000000000182273/main.m3u8?stbid=, From: subscribe, IPv_Type: ipv6, Location: 中国, ISP: 中国移动, Date: None, Delay: -1 ms, Speed: 0.00 M/s, Resolution: None
Name: 宁夏卫视, URL: http://iptvrr.sh.chinamobile.com:6060/cms001/ch00000090990000001074/index.m3u8, From: subscribe, IPv_Type: ipv6, Location: 中国, ISP: 中国移动, Date: None, Delay: -1 ms, Speed: 0.00 M/s, Resolution: None
Name: 宁夏卫视, URL: http://k.061899.xyz/k.php?id=nxws, From: subscribe, IPv_Type: ipv6, Location: 新加坡, ISP: Aceville Pte.Ltd., Date: None, Delay: -1 ms, Speed: 0.00 M/s, Resolution: None
Name: 宁夏卫视, URL: http://hwltc.tv.cdn.zj.chinamobile.com/PLTV/88888888/224/3221236209/index.m3u8, From: subscribe, IPv_Type: ipv6, Location: 中国, ISP: 中国移动, Date: None, Delay: -1 ms, Speed: 0.00 M/s, Resolution: None
Name: 宁夏卫视, URL: http://mgsp-yx2.live.miguvideo.com:8088/envivo_x/2018/SD/ningxia/1000/index.m3u8?msisdn=2be6b2ec9fcf10d2c2457e2c710e172c&mdspid=&spid=600697&netType=0&sid=5910022262&pid=2028597139&timestamp=20260227080208&Channel_ID=0116_2600034600-99000-201600010010028&ProgramID=738910535&ParentNodeID=-99&assertID=5910022262&client_ip=218.28.233.106&SecurityKey=20260227080208&promotionId=&mvid=5900004337&mcid=500020&playurlVersion=WX-A1-9.2.1-RELEASE&userid=&jmhm=&videocodec=h264&appCode=miguvideo_android&bean=mgspad&tid=android&conFee=0&encrypt=5eafc056b066b4ff3dbcc94081b1512f&sv=10004&ct=android, From: subscribe, IPv_Type: ipv6, Location: 中国, ISP: 中国电信, Date: None, Delay: -1 ms, Speed: 0.00 M/s, Resolution: None
Name: 宁夏卫视, URL: http://mgsp-zy2.live.miguvideo.com:8088/envivo_x/2018/SD/ningxia/1000/index.m3u8?msisdn=2be6b2ec9fcf10d2c2457e2c710e172c&mdspid=&spid=600697&netType=0&sid=5910022262&pid=2028597139&timestamp=20260302080226&Channel_ID=0116_2600034600-99000-201600010010028&ProgramID=738910535&ParentNodeID=-99&assertID=5910022262&client_ip=218.28.233.106&SecurityKey=20260302080226&promotionId=&mvid=5900004337&mcid=500020&playurlVersion=WX-A1-9.2.1-RELEASE&userid=&jmhm=&videocodec=h264&appCode=miguvideo_android&bean=mgspad&tid=android&conFee=0&encrypt=39023e4cf634420d25732c98a7b1d679&sv=10004&ct=android, From: subscribe, IPv_Type: ipv6, Location: 中国, ISP: 中国电信, Date: None, Delay: -1 ms, Speed: 0.00 M/s, Resolution: None
Name: 宁夏卫视, URL: http://mgsp-hs2.live.miguvideo.com:8088/envivo_x/2018/SD/ningxia/1000/index.m3u8?msisdn=2be6b2ec9fcf10d2c2457e2c710e172c&mdspid=&spid=600697&netType=0&sid=5910022262&pid=2028597139&timestamp=20260303080209&Channel_ID=0116_2600034600-99000-201600010010028&ProgramID=738910535&ParentNodeID=-99&assertID=5910022262&client_ip=218.28.233.106&SecurityKey=20260303080209&promotionId=&mvid=5900004337&mcid=500020&playurlVersion=WX-A1-9.2.2-RELEASE&userid=&jmhm=&videocodec=h264&appCode=miguvideo_android&bean=mgspad&tid=android&conFee=0&encrypt=0ef1efa93120ff5b1ea7d58dc3ac71a7&sv=10004&ct=android, From: subscribe, IPv_Type: ipv6, Location: 中国, ISP: 中国联通, Date: None, Delay: -1 ms, Speed: 0.00 M/s, Resolution: None
Name: 青海卫视, URL: http://php.jdshipin.com/TVOD/hnyd.php?id=200000001898/460000089800010111, From: subscribe, IPv_Type: ipv6, Location: 美国, ISP: CloudFlare Inc., Date: None, Delay: 0.1 ms, Speed: inf M/s, Resolution: 1920x1080
Name: 青海卫视, URL: http://z.b.bkpcp.top/m.php?id=qhws, From: subscribe, IPv_Type: ipv6, Location: 美国, ISP: CloudFlare Inc., Date: None, Delay: 0.1 ms, Speed: inf M/s, Resolution: 1920x1080
Name: 青海卫视, URL: http://j.x.bkpcp.top/jx/QHWS, From: subscribe, IPv_Type: ipv6, Location: 美国, ISP: CloudFlare Inc., Date: None, Delay: 0.1 ms, Speed: inf M/s, Resolution: 1920x1080
Name: 青海卫视, URL: http://goo.bkpcp.top/mg/qhws, From: subscribe, IPv_Type: ipv6, Location: 美国, ISP: CloudFlare Inc., Date: None, Delay: 0.1 ms, Speed: inf M/s, Resolution: 1920x1080
Name: 青海卫视, URL: http://dsj.motem.top:8880/bptv/10000100000000050000000003887430.m3u8, From: subscribe, IPv_Type: ipv6, Location: 美国, ISP: CloudFlare Inc., Date: None, Delay: 0.1 ms, Speed: inf M/s, Resolution: 1920x1080
Name: 青海卫视, URL: http://[2409:8087:1a0a:df::404b]/ottrrs.hl.chinamobile.com/TVOD/88888888/224/3221225628/index.m3u8, From: subscribe, IPv_Type: ipv6, Location: 中国, ISP: 中国移动, Date: None, Delay: 0.1 ms, Speed: inf M/s, Resolution: 1920x1080
Name: 青海卫视, URL: http://[2409:8087:8:21::18]:6610/otttv.bj.chinamobile.com/PLTV/88888888/224/3221227017/1.m3u8?GuardEncType=2&accountinfo=%7E%7EV2.0%7EacviHy_ucMT27Ymf2iLtZA%7EtP4-l0lmSfjwLWEfK_el1vH_mv-s1zo4AQJwdedaVwG9xkuFTDg8J26cwOrNJzn20BErrHdLhuZ9EzLUCD3PMW-OMx4MGteHV2vLeW6BqoY%2CEND, From: subscribe, IPv_Type: ipv6, Location: 中国, ISP: 中国移动, Date: None, Delay: -1 ms, Speed: 0.00 M/s, Resolution: None
Name: 青海卫视, URL: http://[2409:8087:1e03:21::2]:6060/cms001/ch00000090990000001082/index.m3u8, From: subscribe, IPv_Type: ipv6, Location: 中国, ISP: 中国移动, Date: None, Delay: 0.1 ms, Speed: inf M/s, Resolution: 1920x1080
Name: 青海卫视, URL: http://[2409:8087:3428:20:500::100f]:6610/PLTV/88888888/224/3221227119/index.m3u8?servicetype=1&IASHttpSessionId=RR423820220409134714119178, From: subscribe, IPv_Type: ipv6, Location: 中国, ISP: 中国移动, Date: None, Delay: 0.1 ms, Speed: inf M/s, Resolution: 1920x1080
Name: 青海卫视, URL: http://[2409:8087:3428:20:500::1009]:6610/PLTV/88888888/224/3221227119/index.m3u8?servicetype=1&IASHttpSessionId=RR423820220409134714119178, From: subscribe, IPv_Type: ipv6, Location: 中国, ISP: 中国移动, Date: None, Delay: 0.1 ms, Speed: inf M/s, Resolution: 1920x1080
Name: 青海卫视, URL: http://[2409:8087:2001:20:2800:0:df6e:eb1b]/ott.mobaibox.com/PLTV/3/224/3221227554/index.m3u8, From: subscribe, IPv_Type: ipv6, Location: 中国, ISP: 中国移动, Date: None, Delay: 0.1 ms, Speed: inf M/s, Resolution: 1920x1080
Name: 青海卫视, URL: http://[2409:8087:5e01:34::23]:6610/ZTE_CMS/00000001000000060000000000000320/index.m3u8, From: subscribe, IPv_Type: ipv6, Location: 中国, ISP: 中国移动, Date: None, Delay: 0.1 ms, Speed: inf M/s, Resolution: 1920x1080
Name: 青海卫视, URL: http://nas.suntao.online:35455/itv/1000000002000013359.m3u8?cdn=ystenlive, From: subscribe, IPv_Type: ipv6, Location: 中国, ISP: 中国联通, Date: None, Delay: 0.1 ms, Speed: inf M/s, Resolution: 1920x1080
Name: 青海卫视, URL: http://iptv.cdn.ha.chinamobile.com/PLTV/88888888/224/3221227189/index.m3u8, From: subscribe, IPv_Type: ipv6, Location: 中国, ISP: 中国移动, Date: None, Delay: 0.1 ms, Speed: inf M/s, Resolution: 1920x1080
Name: 青海卫视, URL: http://lu.wqwqwq.sbs/itv/1000000002000013359.m3u8?cdn=ystenlive, From: subscribe, IPv_Type: ipv6, Location: 美国, ISP: CloudFlare Inc., Date: None, Delay: 0.1 ms, Speed: inf M/s, Resolution: 1920x1080
Name: 青海卫视, URL: http://[2409:8087:2001:20:2800:0:df6e:eb1a]:80/wh7f454c46tw348498084_-2063977587/ott.mobaibox.com/PLTV/3/224/3221227554/index.m3u8?icpid=3&RTS=1674380463&from=40&popid=40&hms_devid=2116&prioritypopid=40&vqe=3, From: subscribe, IPv_Type: ipv6, Location: 中国, ISP: 中国移动, Date: None, Delay: 0.1 ms, Speed: inf M/s, Resolution: 1920x1080
Name: 青海卫视, URL: https://stream1.freetv.fun/d80dbd44304e92ebbad7fd55f71bf9a308c53fcc29593eae8aefbed892ab2a6b.m3u8, From: subscribe, IPv_Type: ipv6, Location: 美国, ISP: CloudFlare Inc., Date: None, Delay: -1 ms, Speed: 0.00 M/s, Resolution: None
Name: 青海卫视, URL: https://www.freetv.top/migu/947472506.m3u8?migutoken=c740fc58e518a315b254873398c630ca506a9de327397b5e27a668d9c1e170b6512a1834dab3229ddc39b5a61c2ea42fae6d196a11c6d0e5e212522e6edf197f65ad9addf0b540aa6c9d4fcd3e, From: subscribe, IPv_Type: ipv6, Location: 美国-加利福尼亚州-圣克拉拉, ISP: DigitalOcean, Date: None, Delay: 0.1 ms, Speed: inf M/s, Resolution: 1920x1080
Name: 青海卫视, URL: http://[2409:8087:74f0:22::5]:6410/270000001128/9900000042/index.m3u8, From: subscribe, IPv_Type: ipv6, Location: 中国, ISP: 中国移动, Date: None, Delay: 0.1 ms, Speed: inf M/s, Resolution: 1920x1080
Name: 青海卫视, URL: http://[2409:8087:1a01:df::7005]:80/ottrrs.hl.chinamobile.com/PLTV/88888888/224/3221225628/index.m3u8, From: subscribe, IPv_Type: ipv6, Location: 中国, ISP: 中国移动, Date: None, Delay: 0.1 ms, Speed: inf M/s, Resolution: 1920x1080
Name: 青海卫视, URL: http://[2409:8087:5e00:24::1e]:6060/200000001898/460000089800010111/1.m3u8, From: subscribe, IPv_Type: ipv6, Location: 中国, ISP: 中国移动, Date: None, Delay: 0.1 ms, Speed: inf M/s, Resolution: 1920x1080
Name: 青海卫视, URL: http://[2409:8087:3869:8021:1001::e5]:6610/PLTV/88888888/224/3221225727/2/index.m3u8, From: subscribe, IPv_Type: ipv6, Location: 中国, ISP: 中国移动, Date: None, Delay: -1 ms, Speed: 0.00 M/s, Resolution: None
Name: 青海卫视, URL: http://rrs01.hw.gmcc.net:8088/PLTV/81/224/3221226696/1.m3u8, From: subscribe, IPv_Type: ipv6, Location: 中国, ISP: 中国移动, Date: None, Delay: -1 ms, Speed: 0.00 M/s, Resolution: None
Name: 青海卫视, URL: http://[2409:8087:1a15:10d1::39]/ottrrs.hl.chinamobile.com/PLTV/88888888/224/3221226323/index.m3u8, From: subscribe, IPv_Type: ipv6, Location: 中国, ISP: 中国移动, Date: None, Delay: -1 ms, Speed: 0.00 M/s, Resolution: None
Name: 青海卫视, URL: http://[2409:8087:5e08:25::16]:6610/200000001898/460000089800010111/1.m3u8, From: subscribe, IPv_Type: ipv6, Location: 中国, ISP: 中国移动, Date: None, Delay: -1 ms, Speed: 0.00 M/s, Resolution: None
Name: 青海卫视, URL: https://migu.188766.xyz/?migutoken=94c00390176a93148fa689acb9bbbd6f&id=qhws&type=sz, From: subscribe, IPv_Type: ipv6, Location: 美国, ISP: CloudFlare Inc., Date: None, Delay: -1 ms, Speed: 0.00 M/s, Resolution: None
Name: 青海卫视, URL: http://gslbmgsplive.miguvideo.com/envivo_w/2018/SD/qinghai/1000/index.m3u8?msisdn=20250919080133a5d34a9951b0478ba52c663a24c57b17&mdspid=&spid=600633&netType=0&sid=5910022166&pid=2028597139&timestamp=20250919080133&Channel_ID=0116_2600000900-99000-201600010010027&ProgramID=947472506&ParentNodeID=-99&assertID=5910022166&client_ip=106.13.250.88&SecurityKey=20250919080133&promotionId=&mvid=5900004353&mcid=500020&playurlVersion=WX-A1-8.9.1-RELEASE&userid=&jmhm=&videocodec=h264&bean=mgspad&tid=android&conFee=0&puData=51f60bf303feee5bb5c42d1bcf7345a9&ddCalcu=95a1e5f14673007bffc3b013df2e4ece55bb, From: subscribe, IPv_Type: ipv6, Location: 中国, ISP: 中国移动, Date: None, Delay: -1 ms, Speed: 0.00 M/s, Resolution: None
Name: 青海卫视, URL: https://cc06.tv12.xyz/97.m3u8, From: subscribe, IPv_Type: ipv6, Location: 美国, ISP: CloudFlare Inc., Date: None, Delay: -1 ms, Speed: 0.00 M/s, Resolution: None
Name: 青海卫视, URL: https://jzb.wwkejishe.top/?id=605, From: subscribe, IPv_Type: ipv6, Location: 美国, ISP: CloudFlare Inc., Date: None, Delay: -1 ms, Speed: 0.00 M/s, Resolution: None
Name: 青海卫视, URL: https://iptv.catvod.com/live.php?id=%E9%9D%92%E6%B5%B7%E5%8D%AB%E8%A7%86, From: subscribe, IPv_Type: ipv6, Location: 美国, ISP: CloudFlare Inc., Date: None, Delay: -1 ms, Speed: 0.00 M/s, Resolution: None
Name: 青海卫视, URL: https://shyd.695847.xyz/cms001/ch00000090990000001450/index.m3u8?IASHttpSessionId=RR4967720251014100028031761&ispcode=12, From: subscribe, IPv_Type: ipv6, Location: 美国, ISP: CloudFlare Inc., Date: None, Delay: -1 ms, Speed: 0.00 M/s, Resolution: None
Name: 青海卫视, URL: https://live.chinacert.cftest5.cn/mg/?id=947472506, From: subscribe, IPv_Type: ipv6, Location: 中国, ISP: 中国联通, Date: None, Delay: -1 ms, Speed: 0.00 M/s, Resolution: None
Name: 青海卫视, URL: http://hwottcdn.ln.chinamobile.com/PLTV/11/224/3221226889/index.m3u8, From: subscribe, IPv_Type: ipv6, Location: 中国, ISP: 中国移动, Date: None, Delay: -1 ms, Speed: 0.00 M/s, Resolution: None
Name: 青海卫视, URL: http://tvgslb.hn.chinamobile.com:8089/180000001001/00000001000000000090000000215609/main.m3u8?stbid=, From: subscribe, IPv_Type: ipv6, Location: 中国, ISP: 中国移动, Date: None, Delay: -1 ms, Speed: 0.00 M/s, Resolution: None
Name: 青海卫视, URL: http://iptvrr.sh.chinamobile.com:6060/cms001/ch00000090990000001450/index.m3u8, From: subscribe, IPv_Type: ipv6, Location: 中国, ISP: 中国移动, Date: None, Delay: -1 ms, Speed: 0.00 M/s, Resolution: None
Name: 青海卫视, URL: http://k.061899.xyz/k.php?id=qhws, From: subscribe, IPv_Type: ipv6, Location: 新加坡, ISP: Aceville Pte.Ltd., Date: None, Delay: -1 ms, Speed: 0.00 M/s, Resolution: None
Name: 青海卫视, URL: http://ott.mobaibox.com/PLTV/3/224/3221227554/index.m3u8, From: subscribe, IPv_Type: ipv6, Location: 中国, ISP: 中国移动, Date: None, Delay: -1 ms, Speed: 0.00 M/s, Resolution: None
Name: 青海卫视, URL: http://hwltc.tv.cdn.zj.chinamobile.com/PLTV/88888888/224/3221236252/index.m3u8, From: subscribe, IPv_Type: ipv6, Location: 中国, ISP: 中国移动, Date: None, Delay: -1 ms, Speed: 0.00 M/s, Resolution: None
Name: 青海卫视, URL: http://mgsp-yx2.live.miguvideo.com:8088/envivo_w/2018/SD/qinghai/1000/index.m3u8?msisdn=e55e9ee71b42d2d7008a152c069625e3&mdspid=&spid=600633&netType=0&sid=5910022166&pid=2028597139&timestamp=20260216080226&Channel_ID=0116_2600034600-99000-201600010010028&ProgramID=947472506&ParentNodeID=-99&assertID=5910022166&client_ip=218.28.233.106&SecurityKey=20260216080226&promotionId=&mvid=5900004353&mcid=500020&playurlVersion=WX-A1-9.2.1-RELEASE&userid=&jmhm=&videocodec=h264&appCode=miguvideo_android&bean=mgspad&tid=android&conFee=0&encrypt=44da0df04bc11cdf7f3a42b529044ed4&sv=10004&ct=android, From: subscribe, IPv_Type: ipv6, Location: 中国, ISP: 中国电信, Date: None, Delay: -1 ms, Speed: 0.00 M/s, Resolution: None
Name: 青海卫视, URL: http://mgsp-hs2.live.miguvideo.com:8088/envivo_w/2018/SD/qinghai/1000/index.m3u8?msisdn=e55e9ee71b42d2d7008a152c069625e3&mdspid=&spid=600633&netType=0&sid=5910022166&pid=2028597139&timestamp=20260217084019&Channel_ID=0116_2600034600-99000-201600010010028&ProgramID=947472506&ParentNodeID=-99&assertID=5910022166&client_ip=218.28.233.106&SecurityKey=20260217084019&promotionId=&mvid=5900004353&mcid=500020&playurlVersion=WX-A1-9.2.1-RELEASE&userid=&jmhm=&videocodec=h264&appCode=miguvideo_android&bean=mgspad&tid=android&conFee=0&encrypt=961ecad050995add2f7ec0ab99746dad&sv=10004&ct=android, From: subscribe, IPv_Type: ipv6, Location: 中国, ISP: 中国移动, Date: None, Delay: -1 ms, Speed: 0.00 M/s, Resolution: None
Name: 青海卫视, URL: http://mgsp-zy2.live.miguvideo.com:8088/envivo_w/2018/SD/qinghai/1000/index.m3u8?msisdn=2be6b2ec9fcf10d2c2457e2c710e172c&mdspid=&spid=600633&netType=0&sid=5910022166&pid=2028597139&timestamp=20260225080208&Channel_ID=0116_2600034600-99000-201600010010028&ProgramID=947472506&ParentNodeID=-99&assertID=5910022166&client_ip=218.28.233.106&SecurityKey=20260225080208&promotionId=&mvid=5900004353&mcid=500020&playurlVersion=WX-A1-9.2.1-RELEASE&userid=&jmhm=&videocodec=h264&appCode=miguvideo_android&bean=mgspad&tid=android&conFee=0&encrypt=3c7db17417bca13e751c4be12de396d5&sv=10004&ct=android, From: subscribe, IPv_Type: ipv6, Location: 中国, ISP: 中国电信, Date: None, Delay: -1 ms, Speed: 0.00 M/s, Resolution: None
Name: 青海卫视, URL: http://mgsp-ws2.live.miguvideo.com:8088/envivo_w/2018/SD/qinghai/1000/index.m3u8?msisdn=2be6b2ec9fcf10d2c2457e2c710e172c&mdspid=&spid=600633&netType=0&sid=5910022166&pid=2028597139&timestamp=20260303080208&Channel_ID=0116_2600034600-99000-201600010010028&ProgramID=947472506&ParentNodeID=-99&assertID=5910022166&client_ip=218.28.233.106&SecurityKey=20260303080208&promotionId=&mvid=5900004353&mcid=500020&playurlVersion=WX-A1-9.2.2-RELEASE&userid=&jmhm=&videocodec=h264&appCode=miguvideo_android&bean=mgspad&tid=android&conFee=0&encrypt=2a7d3066a9ffb63f1a4084e6c59aaefa&sv=10004&ct=android, From: subscribe, IPv_Type: ipv6, Location: 加拿大, ISP: , Date: None, Delay: -1 ms, Speed: 0.00 M/s, Resolution: None
Name: 山东卫视, URL: http://php.jdshipin.com/TVOD/hnyd.php?id=200000001898/460000089800010066, From: subscribe, IPv_Type: ipv6, Location: 美国, ISP: CloudFlare Inc., Date: None, Delay: 0.1 ms, Speed: inf M/s, Resolution: 1920x1080
Name: 山东卫视, URL: http://z.b.bkpcp.top/m.php?id=sdws, From: subscribe, IPv_Type: ipv6, Location: 美国, ISP: CloudFlare Inc., Date: None, Delay: 0.1 ms, Speed: inf M/s, Resolution: 1920x1080
Name: 山东卫视, URL: http://j.x.bkpcp.top/jx/SHANDHD, From: subscribe, IPv_Type: ipv6, Location: 美国, ISP: CloudFlare Inc., Date: None, Delay: 0.1 ms, Speed: inf M/s, Resolution: 1920x1080
Name: 山东卫视, URL: http://l.cztvcloud.com/channels/lantian/SXshengzhou1/720p.m3u8, From: subscribe, IPv_Type: ipv6, Location: 中国-江苏-常州, ISP: 电信, Date: None, Delay: 0.1 ms, Speed: inf M/s, Resolution: 1920x1080
Name: 山东卫视, URL: http://iptv.huuc.edu.cn/hls/sdhd.m3u8, From: subscribe, IPv_Type: ipv6, Location: 中国, ISP: 教育网, Date: None, Delay: 0.1 ms, Speed: inf M/s, Resolution: 1920x1080
Name: 山东卫视, URL: http://dsj.motem.top:8880/bptv/10000100000000050000000003873467.m3u8, From: subscribe, IPv_Type: ipv6, Location: 美国, ISP: CloudFlare Inc., Date: None, Delay: 0.1 ms, Speed: inf M/s, Resolution: 1920x1080
Name: 山东卫视, URL: http://[2409:8087:1a0a:df::404b]/ottrrs.hl.chinamobile.com/TVOD/88888888/224/3221226456/index.m3u8, From: subscribe, IPv_Type: ipv6, Location: 中国, ISP: 中国移动, Date: None, Delay: 0.1 ms, Speed: inf M/s, Resolution: 1920x1080
Name: 山东卫视, URL: http://[2409:8087:1a01:df::4077]/ottrrs.hl.chinamobile.com/PLTV/88888888/8/3221226456/index.m3u8, From: subscribe, IPv_Type: ipv6, Location: 中国, ISP: 中国移动, Date: None, Delay: 0.1 ms, Speed: inf M/s, Resolution: 1920x1080
Name: 山东卫视, URL: http://[2409:8087:8:21::18]:6610/otttv.bj.chinamobile.com/PLTV/88888888/224/3221226957/1.m3u8?GuardEncType=2&accountinfo=%7E%7EV2.0%7EjW26v5VaHGy1jQuIA-4EbA%7EtP4-l0lmSfjwLWEfK_el1vH_mv-s1zo4AQJwdedaVwG9xkuFTDg8J26cwOrNJzn20BErrHdLhuZ9EzLUCD3PMW-OMx4MGteHV2vLeW6BqoY%2CEND, From: subscribe, IPv_Type: ipv6, Location: 中国, ISP: 中国移动, Date: None, Delay: -1 ms, Speed: 0.00 M/s, Resolution: None
Name: 山东卫视, URL: http://iptv.cdn.ha.chinamobile.com/PLTV/88888888/224/3221227234/index.m3u8, From: subscribe, IPv_Type: ipv6, Location: 中国, ISP: 中国移动, Date: None, Delay: 0.1 ms, Speed: inf M/s, Resolution: 1920x1080
Name: 山东卫视, URL: http://[2409:8087:2001:20:2800:0:df6e:eb11]:80/ott.mobaibox.com/PLTV/4/224/3221227517/index.m3u8, From: subscribe, IPv_Type: ipv6, Location: 中国, ISP: 中国移动, Date: None, Delay: 0.1 ms, Speed: inf M/s, Resolution: 1920x1080
Name: 山东卫视, URL: http://[2409:8087:3428:20:500::100f]:6610/PLTV/88888888/224/3221225843/index.m3u8?servicetype=1&IASHttpSessionId=RR423820220409134714119178, From: subscribe, IPv_Type: ipv6, Location: 中国, ISP: 中国移动, Date: None, Delay: 0.1 ms, Speed: inf M/s, Resolution: 1920x1080
Name: 山东卫视, URL: http://goo.bkpcp.top/mg/sdws, From: subscribe, IPv_Type: ipv6, Location: 美国, ISP: CloudFlare Inc., Date: None, Delay: 0.1 ms, Speed: inf M/s, Resolution: 1920x1080
Name: 山东卫视, URL: http://yc.myds.me:35455/itv/6000000001000004134.m3u8?cdn=wasusyt, From: subscribe, IPv_Type: ipv6, Location: 中国, ISP: 中国电信, Date: None, Delay: 0.1 ms, Speed: inf M/s, Resolution: 1920x1080
Name: 山东卫视, URL: http://nas.suntao.online:35455/itv/1000000001000016568.m3u8?cdn=ystenlive, From: subscribe, IPv_Type: ipv6, Location: 中国, ISP: 中国联通, Date: None, Delay: 0.1 ms, Speed: inf M/s, Resolution: 1920x1080
Name: 山东卫视, URL: http://lu.wqwqwq.sbs/itv/1000000005000265019.m3u8?cdn=ystenlive, From: subscribe, IPv_Type: ipv6, Location: 美国, ISP: CloudFlare Inc., Date: None, Delay: 0.1 ms, Speed: inf M/s, Resolution: 1920x1080
Name: 山东卫视, URL: http://dbiptv.sn.chinamobile.com/PLTV/88888888/224/3221226209/1.m3u8, From: subscribe, IPv_Type: ipv6, Location: 中国, ISP: 中国移动, Date: None, Delay: 0.1 ms, Speed: inf M/s, Resolution: 1920x1080
Name: 山东卫视, URL: https://stream1.freetv.fun/ac1c15dc01a08667160c68a85717a5fab47c32c3861d361c102d0f3e96be2672.ctv, From: subscribe, IPv_Type: ipv6, Location: 美国, ISP: CloudFlare Inc., Date: None, Delay: 0.1 ms, Speed: inf M/s, Resolution: 1920x1080
Name: 山东卫视, URL: http://hwrr.jx.chinamobile.com:8080/PLTV/88888888/224/3221225484/index.m3u8?fmt=ts2hls, From: subscribe, IPv_Type: ipv6, Location: 中国, ISP: 中国移动, Date: None, Delay: 0.1 ms, Speed: inf M/s, Resolution: 1920x1080
Name: 山东卫视, URL: http://[2409:8087:3428:20:500::1009]:6610/PLTV/88888888/224/3221225843/index.m3u8?servicetype=1&IASHttpSessionId=RR423820220409134714119178, From: subscribe, IPv_Type: ipv6, Location: 中国, ISP: 中国移动, Date: None, Delay: 0.1 ms, Speed: inf M/s, Resolution: 1920x1080
Name: 山东卫视, URL: http://[2409:8087:2001:20:2800:0:df6e:eb07]:80/wh7f454c46tw198928259_-1438986513/ott.mobaibox.com/PLTV/3/224/3221227621/index.m3u8?icpid=3&RTS=1674380314&from=40&popid=40&hms_devid=2036&prioritypopid=40&vqe=3, From: subscribe, IPv_Type: ipv6, Location: 中国, ISP: 中国移动, Date: None, Delay: 0.1 ms, Speed: inf M/s, Resolution: 1920x1080
Name: 山东卫视, URL: http://[2409:8087:2001:20:2800:0:df6e:eb02]:80/wh7f454c46tw1544454067_649511222/ott.mobaibox.com/PLTV/3/224/3221227697/index.m3u8?icpid=3&RTS=1674385954&from=40&popid=40&hms_devid=2039&prioritypopid=40&vqe=3, From: subscribe, IPv_Type: ipv6, Location: 中国, ISP: 中国移动, Date: None, Delay: 0.1 ms, Speed: inf M/s, Resolution: 1920x1080
Name: 山东卫视, URL: http://[2409:8087:2001:20:2800:0:df6e:eb0a]:80/wh7f454c46tw1930403571_110324233/ott.mobaibox.com/PLTV/3/224/3221228124/index.m3u8?icpid=3&RTS=1674386340&from=40&popid=40&hms_devid=2038&prioritypopid=40&vqe=3, From: subscribe, IPv_Type: ipv6, Location: 中国, ISP: 中国移动, Date: None, Delay: 0.1 ms, Speed: inf M/s, Resolution: 1920x1080
Name: 山东卫视, URL: http://[2409:8087:1e03:21::42]:6610/cms001/ch00000090990000001028/index.m3u8, From: subscribe, IPv_Type: ipv6, Location: 中国, ISP: 中国移动, Date: None, Delay: 0.1 ms, Speed: inf M/s, Resolution: 1920x1080
Name: 山东卫视, URL: http://[2409:8087:4c0a:22:1::11]:6410/170000001115/UmaiCHAN911992BESTVSMGSMG/index.m3u8?m3u8_level=2, From: subscribe, IPv_Type: ipv6, Location: 中国, ISP: 中国移动, Date: None, Delay: 0.1 ms, Speed: inf M/s, Resolution: 1920x1080
Name: 山东卫视, URL: http://[2409:8087:5e01:34::38]:6610/ZTE_CMS/00000001000000060000000000000364/index.m3u8, From: subscribe, IPv_Type: ipv6, Location: 中国, ISP: 中国移动, Date: None, Delay: 0.1 ms, Speed: inf M/s, Resolution: 1920x1080
Name: 山东卫视, URL: http://[2409:8087:5e00:24::1e]:6060/200000001898/460000089800010066/1.m3u8, From: subscribe, IPv_Type: ipv6, Location: 中国, ISP: 中国移动, Date: None, Delay: 0.1 ms, Speed: inf M/s, Resolution: 1920x1080
Name: 山东卫视, URL: http://[2409:8087:5e00:24::1f]:6060/ZTE_CMS/00000001000000060000000000000364/index.m3u8, From: subscribe, IPv_Type: ipv6, Location: 中国, ISP: 中国移动, Date: None, Delay: 0.1 ms, Speed: inf M/s, Resolution: 1920x1080
Name: 山东卫视, URL: http://[2409:8087:5e01:34::20]:6610/ZTE_CMS/00000001000000060000000000000364/index.m3u8?IAS, From: subscribe, IPv_Type: ipv6, Location: 中国, ISP: 中国移动, Date: None, Delay: 0.1 ms, Speed: inf M/s, Resolution: 1920x1080
Name: 山东卫视, URL: http://[2409:8087:5e01:34::23]:6610/ZTE_CMS/00000001000000060000000000000364/index.m3u8?IAS, From: subscribe, IPv_Type: ipv6, Location: 中国, ISP: 中国移动, Date: None, Delay: 0.1 ms, Speed: inf M/s, Resolution: 1920x1080
Name: 山东卫视, URL: http://[2409:8087:5e01:34::22]:6610/ZTE_CMS/00000001000000060000000000000364/index.m3u8?IAS, From: subscribe, IPv_Type: ipv6, Location: 中国, ISP: 中国移动, Date: None, Delay: 0.1 ms, Speed: inf M/s, Resolution: 1920x1080
Name: 山东卫视, URL: http://[2409:8087:5e01:34::21]:6610/ZTE_CMS/00000001000000060000000000000364/index.m3u8?IAS, From: subscribe, IPv_Type: ipv6, Location: 中国, ISP: 中国移动, Date: None, Delay: 0.1 ms, Speed: inf M/s, Resolution: 1920x1080
Name: 山东卫视, URL: http://[2409:8087:2001:20:2800:0:df6e:eb10]/wh7f454c46tw2848465480_1677095697/ott.mobaibox.com/PLTV/3/224/3221227517/index.m3u8?icpid=3&RTS=1668597642&from=40&popid=40&hms_devid=2110&prioritypopid=40&vqe=3, From: subscribe, IPv_Type: ipv6, Location: 中国, ISP: 中国移动, Date: None, Delay: 0.1 ms, Speed: inf M/s, Resolution: 1920x1080
Name: 山东卫视, URL: http://[2409:8087:1e03:21::2]:6060/cms001/ch00000090990000001028/index.m3u8, From: subscribe, IPv_Type: ipv6, Location: 中国, ISP: 中国移动, Date: None, Delay: 0.1 ms, Speed: inf M/s, Resolution: 1920x1080
Name: 山东卫视, URL: http://[2409:8087:2001:20:2800:0:df6e:eb0b]:80/wh7f454c46tw1930236170_1276574350/ott.mobaibox.com/PLTV/3/224/3221227671/index.m3u8?icpid=3&RTS=1674386340&from=40&popid=40&hms_devid=2038&prioritypopid=40&vqe=3, From: subscribe, IPv_Type: ipv6, Location: 中国, ISP: 中国移动, Date: None, Delay: 0.1 ms, Speed: inf M/s, Resolution: 1920x1080
Name: 山东卫视, URL: http://[2409:8087:74f0:22::5]:6410/270000001128/9900000527/index.m3u8, From: subscribe, IPv_Type: ipv6, Location: 中国, ISP: 中国移动, Date: None, Delay: 0.1 ms, Speed: inf M/s, Resolution: 1920x1080
Name: 山东卫视, URL: http://[2409:8087:1a01:df::7005]/ottrrs.hl.chinamobile.com/PLTV/88888888/224/3221226456/index.m3u8, From: subscribe, IPv_Type: ipv6, Location: 中国, ISP: 中国移动, Date: None, Delay: 0.1 ms, Speed: inf M/s, Resolution: 1920x1080
Name: 山东卫视, URL: http://[2409:8087:3869:8021:1001::e5]:6610/PLTV/88888888/224/3221225484/2/index.m3u8, From: subscribe, IPv_Type: ipv6, Location: 中国, ISP: 中国移动, Date: None, Delay: -1 ms, Speed: 0.00 M/s, Resolution: None
Name: 山东卫视, URL: http://rrs01.hw.gmcc.net:8088/PLTV/81/224/3221226693/1.m3u8, From: subscribe, IPv_Type: ipv6, Location: 中国, ISP: 中国移动, Date: None, Delay: -1 ms, Speed: 0.00 M/s, Resolution: None
Name: 山东卫视, URL: http://[2409:8087:1a15:10d1::33]/ottrrs.hl.chinamobile.com/PLTV/88888888/224/3221226456/index.m3u8, From: subscribe, IPv_Type: ipv6, Location: 中国, ISP: 中国移动, Date: None, Delay: -1 ms, Speed: 0.00 M/s, Resolution: None
Name: 山东卫视, URL: http://[2409:8087:5e08:25::16]:6610/200000001898/460000089800010066/1.m3u8, From: subscribe, IPv_Type: ipv6, Location: 中国, ISP: 中国移动, Date: None, Delay: -1 ms, Speed: 0.00 M/s, Resolution: None
Name: 山东卫视, URL: https://mursor.ottiptv.cc/mcp/shandong.m3u8, From: subscribe, IPv_Type: ipv6, Location: 美国, ISP: Oracle Corporation, Date: None, Delay: -1 ms, Speed: 0.00 M/s, Resolution: None
Name: 山东卫视, URL: https://migu.188766.xyz/?migutoken=c54d8ccf80c82ab591bf83acbd454b6d&id=sdws_hd&type=sz, From: subscribe, IPv_Type: ipv6, Location: 美国, ISP: CloudFlare Inc., Date: None, Delay: -1 ms, Speed: 0.00 M/s, Resolution: None
Name: 山东卫视, URL: https://cc06.tv12.xyz/101.m3u8, From: subscribe, IPv_Type: ipv6, Location: 美国, ISP: CloudFlare Inc., Date: None, Delay: -1 ms, Speed: 0.00 M/s, Resolution: None
Name: 山东卫视, URL: https://shyd.695847.xyz/cms001/ch00000090990000001028/index.m3u8?IASHttpSessionId=RR4967720251014100028031761&ispcode=12, From: subscribe, IPv_Type: ipv6, Location: 美国, ISP: CloudFlare Inc., Date: None, Delay: -1 ms, Speed: 0.00 M/s, Resolution: None
Name: 山东卫视, URL: https://iptv.catvod.com/live.php?id=%E5%B1%B1%E4%B8%9C%E5%8D%AB%E8%A7%86%E5%8F%B0, From: subscribe, IPv_Type: ipv6, Location: 美国, ISP: CloudFlare Inc., Date: None, Delay: -1 ms, Speed: 0.00 M/s, Resolution: None
Name: 山东卫视, URL: http://hwottcdn.ln.chinamobile.com/PLTV/11/224/3221226739/index.m3u8, From: subscribe, IPv_Type: ipv6, Location: 中国, ISP: 中国移动, Date: None, Delay: -1 ms, Speed: 0.00 M/s, Resolution: None
Name: 山东卫视, URL: http://tvgslb.hn.chinamobile.com:8089/180000001002/00000000000000020000000000182570/main.m3u8?stbid=, From: subscribe, IPv_Type: ipv6, Location: 中国, ISP: 中国移动, Date: None, Delay: -1 ms, Speed: 0.00 M/s, Resolution: None
Name: 山东卫视, URL: http://hwltc.tv.cdn.zj.chinamobile.com/PLTV/88888888/224/3221236159/index.m3u8, From: subscribe, IPv_Type: ipv6, Location: 中国, ISP: 中国移动, Date: None, Delay: -1 ms, Speed: 0.00 M/s, Resolution: None
Name: 山东卫视, URL: http://iptvrr.sh.chinamobile.com:6060/cms001/ch00000090990000001028/index.m3u8, From: subscribe, IPv_Type: ipv6, Location: 中国, ISP: 中国移动, Date: None, Delay: -1 ms, Speed: 0.00 M/s, Resolution: None
Name: 山东卫视, URL: http://ott.mobaibox.com/PLTV/3/224/3221227517/index.m3u8, From: subscribe, IPv_Type: ipv6, Location: 中国, ISP: 中国移动, Date: None, Delay: -1 ms, Speed: 0.00 M/s, Resolution: None
Name: 山东卫视, URL: http://k.061899.xyz/k.php?id=sdws, From: subscribe, IPv_Type: ipv6, Location: 新加坡, ISP: Aceville Pte.Ltd., Date: None, Delay: -1 ms, Speed: 0.00 M/s, Resolution: None
Name: 山东卫视, URL: https://hlsbkmgsplive.miguvideo.com/wd_r4/yg/shandongwshd/3000/01.m3u8?&HlsSubType=&encrypt=, From: subscribe, IPv_Type: ipv6, Location: 中国, ISP: 中国移动, Date: None, Delay: -1 ms, Speed: 0.00 M/s, Resolution: None
Name: 山东卫视, URL: https://t.freetv.fun/live/shan-dong-wei-shi-9.php, From: subscribe, IPv_Type: ipv6, Location: 美国, ISP: CloudFlare Inc., Date: None, Delay: -1 ms, Speed: 0.00 M/s, Resolution: None
Name: 山东卫视, URL: http://fuxin.yunjifei.top:999/tsfile/live/0131_1.m3u8?key=txiptv, From: subscribe, IPv_Type: ipv4, Location: 中国-辽宁-沈阳, ISP: 电信, Date: None, Delay: 10224 ms, Speed: 0.01 M/s, Resolution: None
Name: 山西卫视, URL: http://php.jdshipin.com/TVOD/hnyd.php?id=200000001898/460000089800010114, From: subscribe, IPv_Type: ipv6, Location: 美国, ISP: CloudFlare Inc., Date: None, Delay: 0.1 ms, Speed: inf M/s, Resolution: 1920x1080
Name: 山西卫视, URL: http://j.x.bkpcp.top/jx/SXWS, From: subscribe, IPv_Type: ipv6, Location: 美国, ISP: CloudFlare Inc., Date: None, Delay: 0.1 ms, Speed: inf M/s, Resolution: 1920x1080
Name: 山西卫视, URL: http://[2409:8087:1a01:df::4077]/ottrrs.hl.chinamobile.com/PLTV/88888888/8/3221226392/index.m3u8, From: subscribe, IPv_Type: ipv6, Location: 中国, ISP: 中国移动, Date: None, Delay: 0.1 ms, Speed: inf M/s, Resolution: 1920x1080
Name: 山西卫视, URL: http://dsj.motem.top:8880/bptv/10000100000000050000000003887413.m3u8, From: subscribe, IPv_Type: ipv6, Location: 美国, ISP: CloudFlare Inc., Date: None, Delay: 0.1 ms, Speed: inf M/s, Resolution: 1920x1080
Name: 山西卫视, URL: http://[2409:8087:8:21::18]:6610/otttv.bj.chinamobile.com/PLTV/88888888/224/3221227016/1.m3u8?GuardEncType=2&accountinfo=%7E%7EV2.0%7ESb5Qr3NTpE2ZugIroKoyTw%7EtP4-l0lmSfjwLWEfK_el1vH_mv-s1zo4AQJwdedaVwG9xkuFTDg8J26cwOrNJzn20BErrHdLhuZ9EzLUCD3PMW-OMx4MGteHV2vLeW6BqoY%2CEND, From: subscribe, IPv_Type: ipv6, Location: 中国, ISP: 中国移动, Date: None, Delay: -1 ms, Speed: 0.00 M/s, Resolution: None
Name: 山西卫视, URL: https://live.lalifeier.eu.org/sxrtv/sxws.m3u8?t=1746292937&key=8097fcc15ecf55c37b8908da7be2be63, From: subscribe, IPv_Type: ipv6, Location: 美国, ISP: CloudFlare Inc., Date: None, Delay: 0.1 ms, Speed: inf M/s, Resolution: 1920x1080
Name: 山西卫视, URL: http://m3u8.channel.wsrtv.com.cn/cms/videos/nmip-media/channellive/channel7/playlist.m3u8, From: subscribe, IPv_Type: ipv6, Location: 中国, ISP: 中国电信, Date: None, Delay: 0.1 ms, Speed: inf M/s, Resolution: 1920x1080
Name: 山西卫视, URL: https://stream1.freetv.fun/shan-xi-wei-shi-25.m3u8, From: subscribe, IPv_Type: ipv6, Location: 美国, ISP: CloudFlare Inc., Date: None, Delay: 0.1 ms, Speed: inf M/s, Resolution: 1920x1080
Name: 山西卫视, URL: http://[2409:8087:1a01:df::7005]:80/ottrrs.hl.chinamobile.com/PLTV/88888888/224/3221225624/index.m3u8, From: subscribe, IPv_Type: ipv6, Location: 中国, ISP: 中国移动, Date: None, Delay: 0.1 ms, Speed: inf M/s, Resolution: 1920x1080
Name: 山西卫视, URL: http://[2409:8087:3869:8021:1001::e5]:6610/PLTV/88888888/224/3221225730/2/index.m3u8, From: subscribe, IPv_Type: ipv6, Location: 中国, ISP: 中国移动, Date: None, Delay: 0.1 ms, Speed: inf M/s, Resolution: 1920x1080
Name: 山西卫视, URL: http://rrs01.hw.gmcc.net:8088/PLTV/81/224/3221226704/1.m3u8, From: subscribe, IPv_Type: ipv6, Location: 中国, ISP: 中国移动, Date: None, Delay: -1 ms, Speed: 0.00 M/s, Resolution: None
Name: 山西卫视, URL: http://[2409:8087:1a15:10d1::38]/ottrrs.hl.chinamobile.com/PLTV/88888888/224/3221226392/index.m3u8, From: subscribe, IPv_Type: ipv6, Location: 中国, ISP: 中国移动, Date: None, Delay: -1 ms, Speed: 0.00 M/s, Resolution: None
Name: 山西卫视, URL: http://[2409:8087:5e08:25::16]:6610/200000001898/460000089800010114/1.m3u8, From: subscribe, IPv_Type: ipv6, Location: 中国, ISP: 中国移动, Date: None, Delay: -1 ms, Speed: 0.00 M/s, Resolution: None
Name: 山西卫视, URL: https://migu.188766.xyz/?migutoken=be9c19908a88d27382520e995c3d572d&id=sxws&type=sz, From: subscribe, IPv_Type: ipv6, Location: 美国, ISP: CloudFlare Inc., Date: None, Delay: -1 ms, Speed: 0.00 M/s, Resolution: None
Name: 山西卫视, URL: http://cc02.tv12.xyz/8.m3u8, From: subscribe, IPv_Type: ipv6, Location: 美国, ISP: CloudFlare Inc., Date: None, Delay: -1 ms, Speed: 0.00 M/s, Resolution: None
Name: 山西卫视, URL: https://cc06.tv12.xyz/107.m3u8, From: subscribe, IPv_Type: ipv6, Location: 美国, ISP: CloudFlare Inc., Date: None, Delay: -1 ms, Speed: 0.00 M/s, Resolution: None
Name: 山西卫视, URL: https://jzb.wwkejishe.top/?id=624, From: subscribe, IPv_Type: ipv6, Location: 美国, ISP: CloudFlare Inc., Date: None, Delay: -1 ms, Speed: 0.00 M/s, Resolution: None
Name: 山西卫视, URL: https://shyd.695847.xyz/cms001/ch00000090990000001070/index.m3u8?IASHttpSessionId=RR4967720251014100028031761&ispcode=12, From: subscribe, IPv_Type: ipv6, Location: 美国, ISP: CloudFlare Inc., Date: None, Delay: -1 ms, Speed: 0.00 M/s, Resolution: None
Name: 山西卫视, URL: https://iptv.catvod.com/live.php?id=%E5%B1%B1%E8%A5%BF%E5%8D%AB%E8%A7%86, From: subscribe, IPv_Type: ipv6, Location: 美国, ISP: CloudFlare Inc., Date: None, Delay: -1 ms, Speed: 0.00 M/s, Resolution: None
Name: 山西卫视, URL: http://hwltc.tv.cdn.zj.chinamobile.com/PLTV/88888888/224/3221236264/index.m3u8, From: subscribe, IPv_Type: ipv6, Location: 中国, ISP: 中国移动, Date: None, Delay: -1 ms, Speed: 0.00 M/s, Resolution: None
Name: 山西卫视, URL: http://k.061899.xyz/k.php?id=sxiws, From: subscribe, IPv_Type: ipv6, Location: 新加坡, ISP: Aceville Pte.Ltd., Date: None, Delay: -1 ms, Speed: 0.00 M/s, Resolution: None
Name: 山西卫视, URL: http://tvgslb.hn.chinamobile.com:8089/180000001002/00000000000000020000000000182271/main.m3u8?stbid=, From: subscribe, IPv_Type: ipv6, Location: 中国, ISP: 中国移动, Date: None, Delay: -1 ms, Speed: 0.00 M/s, Resolution: None
Name: 山西卫视, URL: http://hwottcdn.ln.chinamobile.com/PLTV/11/224/3221226778/index.m3u8, From: subscribe, IPv_Type: ipv6, Location: 中国, ISP: 中国移动, Date: None, Delay: -1 ms, Speed: 0.00 M/s, Resolution: None
Name: 山西卫视, URL: http://iptvrr.sh.chinamobile.com:6060/cms001/ch00000090990000001070/index.m3u8, From: subscribe, IPv_Type: ipv6, Location: 中国, ISP: 中国移动, Date: None, Delay: -1 ms, Speed: 0.00 M/s, Resolution: None
Name: 山西卫视, URL: https://t.freetv.fun/live/shan-xi-wei-shi-3-2.m3u8, From: subscribe, IPv_Type: ipv6, Location: 美国, ISP: CloudFlare Inc., Date: None, Delay: -1 ms, Speed: 0.00 M/s, Resolution: None
Name: 陕西卫视, URL: http://php.jdshipin.com/TVOD/hnyd.php?id=200000001898/460000089800010113, From: subscribe, IPv_Type: ipv6, Location: 美国, ISP: CloudFlare Inc., Date: None, Delay: 0.1 ms, Speed: inf M/s, Resolution: 1920x1080
Name: 陕西卫视, URL: http://z.b.bkpcp.top/m.php?id=sxws, From: subscribe, IPv_Type: ipv6, Location: 美国, ISP: CloudFlare Inc., Date: None, Delay: 0.1 ms, Speed: inf M/s, Resolution: 1920x1080
Name: 陕西卫视, URL: http://gat.bkpcp.top/ymg.php?id=sxws, From: subscribe, IPv_Type: ipv6, Location: 美国, ISP: CloudFlare Inc., Date: None, Delay: 0.1 ms, Speed: inf M/s, Resolution: 1920x1080
Name: 陕西卫视, URL: http://goo.bkpcp.top/mg/sxws, From: subscribe, IPv_Type: ipv6, Location: 美国, ISP: CloudFlare Inc., Date: None, Delay: 0.1 ms, Speed: inf M/s, Resolution: 1920x1080
Name: 陕西卫视, URL: http://dsj.motem.top:8880/bptv/10000100000000050000000003887404.m3u8, From: subscribe, IPv_Type: ipv6, Location: 美国, ISP: CloudFlare Inc., Date: None, Delay: 0.1 ms, Speed: inf M/s, Resolution: 1920x1080
Name: 陕西卫视, URL: http://[2409:8087:8:21::18]:6610/otttv.bj.chinamobile.com/PLTV/88888888/224/3221226999/1.m3u8?GuardEncType=2&accountinfo=%7E%7EV2.0%7EsGLKaSqf0wDZMbAjeQtfyw%7EtP4-l0lmSfjwLWEfK_el1vH_mv-s1zo4AQJwdedaVwG9xkuFTDg8J26cwOrNJzn20BErrHdLhuZ9EzLUCD3PMW-OMx4MGteHV2vLeW6BqoY%2CEND, From: subscribe, IPv_Type: ipv6, Location: 中国, ISP: 中国移动, Date: None, Delay: -1 ms, Speed: 0.00 M/s, Resolution: None
Name: 陕西卫视, URL: http://[2409:8087:1a01:df::7005]:80/ottrrs.hl.chinamobile.com/PLTV/88888888/224/3221226457/index.m3u8, From: subscribe, IPv_Type: ipv6, Location: 中国, ISP: 中国移动, Date: None, Delay: 0.1 ms, Speed: inf M/s, Resolution: 1920x1080
Name: 陕西卫视, URL: https://www.freetv.top/migu/738910838.m3u8?migutoken=3899cd1daaa04f812c6d4b13126e3c00ad177635abc5559f1b596e814ff8eb3d745e7bd40b881206a2852a5ed041ca424112cf1d9b385c72ea9de42c8d86f45227af0f51a8b4f4c18a038a8e6d, From: subscribe, IPv_Type: ipv6, Location: 美国-加利福尼亚州-圣克拉拉, ISP: DigitalOcean, Date: None, Delay: 0.1 ms, Speed: inf M/s, Resolution: 1920x1080
Name: 陕西卫视, URL: https://stream1.freetv.fun/shan-xi-wei-shi-117.m3u8, From: subscribe, IPv_Type: ipv6, Location: 美国, ISP: CloudFlare Inc., Date: None, Delay: 0.1 ms, Speed: inf M/s, Resolution: 1920x1080
Name: 陕西卫视, URL: http://[2409:8087:3869:8021:1001::e5]:6610/PLTV/88888888/224/3221225729/2/index.m3u8, From: subscribe, IPv_Type: ipv6, Location: 中国, ISP: 中国移动, Date: None, Delay: 0.1 ms, Speed: inf M/s, Resolution: 1920x1080
Name: 陕西卫视, URL: http://rrs01.hw.gmcc.net:8088/PLTV/81/224/3221226707/1.m3u8, From: subscribe, IPv_Type: ipv6, Location: 中国, ISP: 中国移动, Date: None, Delay: -1 ms, Speed: 0.00 M/s, Resolution: None
Name: 陕西卫视, URL: https://migu.188766.xyz/?migutoken=6c1651f4bfb19ef3318df9940f5030f0&id=%E9%99%95%E8%A5%BF%E5%8D%AB%E8%A7%86&pp=1, From: subscribe, IPv_Type: ipv6, Location: 美国, ISP: CloudFlare Inc., Date: None, Delay: -1 ms, Speed: 0.00 M/s, Resolution: None
Name: 陕西卫视, URL: http://[2409:8087:1a15:10d1::37]/ottrrs.hl.chinamobile.com/PLTV/88888888/224/3221225625/index.m3u8, From: subscribe, IPv_Type: ipv6, Location: 中国, ISP: 中国移动, Date: None, Delay: -1 ms, Speed: 0.00 M/s, Resolution: None
Name: 陕西卫视, URL: http://[2409:8087:5e08:25::16]:6610/200000001898/460000089800010113/1.m3u8, From: subscribe, IPv_Type: ipv6, Location: 中国, ISP: 中国移动, Date: None, Delay: -1 ms, Speed: 0.00 M/s, Resolution: None
Name: 陕西卫视, URL: https://mursor.ottiptv.cc/mcp/shanxiws.m3u8, From: subscribe, IPv_Type: ipv6, Location: 美国, ISP: Oracle Corporation, Date: None, Delay: -1 ms, Speed: 0.00 M/s, Resolution: None
Name: 陕西卫视, URL: http://gslbmgsplive.miguvideo.com/migu/kailu/shan3xiws/51/20220809/index.m3u8?msisdn=202509190801339b4e2eb253f1415d98bf40011a96fcd5&mdspid=&spid=600633&netType=0&sid=5910020475&pid=2028597139&timestamp=20250919080133&Channel_ID=0116_2600000900-99000-201600010010027&ProgramID=738910838&ParentNodeID=-99&assertID=5910020475&client_ip=106.13.250.88&SecurityKey=20250919080133&promotionId=&mvid=5900004331&mcid=500020&playurlVersion=WX-A1-8.9.1-RELEASE&userid=&jmhm=&videocodec=h264&bean=mgspad&tid=android&conFee=0&puData=d30214bbebd8852ee5db4a6a5b56b508&ddCalcu=8d03e501b2861054bb5bae6bad48b8d552ee, From: subscribe, IPv_Type: ipv6, Location: 中国, ISP: 中国移动, Date: None, Delay: -1 ms, Speed: 0.00 M/s, Resolution: None
Name: 陕西卫视, URL: https://cc06.tv12.xyz/106.m3u8, From: subscribe, IPv_Type: ipv6, Location: 美国, ISP: CloudFlare Inc., Date: None, Delay: -1 ms, Speed: 0.00 M/s, Resolution: None
Name: 陕西卫视, URL: https://jzb.wwkejishe.top/?id=603, From: subscribe, IPv_Type: ipv6, Location: 美国, ISP: CloudFlare Inc., Date: None, Delay: -1 ms, Speed: 0.00 M/s, Resolution: None
Name: 陕西卫视, URL: https://iptv.catvod.com/live.php?id=%E9%99%95%E8%A5%BF%E5%8D%AB%E8%A7%86, From: subscribe, IPv_Type: ipv6, Location: 美国, ISP: CloudFlare Inc., Date: None, Delay: -1 ms, Speed: 0.00 M/s, Resolution: None
Name: 陕西卫视, URL: https://shyd.695847.xyz/cms001/ch00000090990000001067/index.m3u8?IASHttpSessionId=RR4967720251014100028031761&ispcode=12, From: subscribe, IPv_Type: ipv6, Location: 美国, ISP: CloudFlare Inc., Date: None, Delay: -1 ms, Speed: 0.00 M/s, Resolution: None
Name: 陕西卫视, URL: https://live.chinacert.cftest5.cn/mg/?id=738910838, From: subscribe, IPv_Type: ipv6, Location: 中国, ISP: 中国联通, Date: None, Delay: -1 ms, Speed: 0.00 M/s, Resolution: None
Name: 陕西卫视, URL: http://hwottcdn.ln.chinamobile.com/PLTV/11/224/3221226892/index.m3u8, From: subscribe, IPv_Type: ipv6, Location: 中国, ISP: 中国移动, Date: None, Delay: -1 ms, Speed: 0.00 M/s, Resolution: None
Name: 陕西卫视, URL: http://hwltc.tv.cdn.zj.chinamobile.com/PLTV/88888888/224/3221236370/index.m3u8, From: subscribe, IPv_Type: ipv6, Location: 中国, ISP: 中国移动, Date: None, Delay: -1 ms, Speed: 0.00 M/s, Resolution: None
Name: 陕西卫视, URL: http://tvgslb.hn.chinamobile.com:8089/180000001002/00000000000000020000000000182270/main.m3u8?stbid=, From: subscribe, IPv_Type: ipv6, Location: 中国, ISP: 中国移动, Date: None, Delay: -1 ms, Speed: 0.00 M/s, Resolution: None
Name: 陕西卫视, URL: http://k.061899.xyz/k.php?id=sxws, From: subscribe, IPv_Type: ipv6, Location: 新加坡, ISP: Aceville Pte.Ltd., Date: None, Delay: -1 ms, Speed: 0.00 M/s, Resolution: None
Name: 陕西卫视, URL: http://iptvrr.sh.chinamobile.com:6060/cms001/ch00000090990000001067/index.m3u8, From: subscribe, IPv_Type: ipv6, Location: 中国, ISP: 中国移动, Date: None, Delay: -1 ms, Speed: 0.00 M/s, Resolution: None
Name: 陕西卫视, URL: http://ott.mobaibox.com/PLTV/3/224/3221227583/index.m3u8, From: subscribe, IPv_Type: ipv6, Location: 中国, ISP: 中国移动, Date: None, Delay: -1 ms, Speed: 0.00 M/s, Resolution: None
Name: 陕西卫视, URL: http://mgsp-ws2.live.miguvideo.com:8088/migu/kailu/shan3xiws/51/20220809/index.m3u8?msisdn=e55e9ee71b42d2d7008a152c069625e3&mdspid=&spid=600633&netType=0&sid=5910020475&pid=2028597139&timestamp=20260216080225&Channel_ID=0116_2600034600-99000-201600010010028&ProgramID=738910838&ParentNodeID=-99&assertID=5910020475&client_ip=218.28.233.106&SecurityKey=20260216080225&promotionId=&mvid=5900004331&mcid=500020&playurlVersion=WX-A1-9.2.1-RELEASE&userid=&jmhm=&videocodec=h264&appCode=miguvideo_android&bean=mgspad&tid=android&conFee=0&encrypt=fcfa6bdf19cff7de5290f260296ed64d&sv=10004&ct=android, From: subscribe, IPv_Type: ipv6, Location: 加拿大, ISP: , Date: None, Delay: -1 ms, Speed: 0.00 M/s, Resolution: None
Name: 陕西卫视, URL: https://t.freetv.fun/live/shan-xi-wei-shi-3-1.m3u8, From: subscribe, IPv_Type: ipv6, Location: 美国, ISP: CloudFlare Inc., Date: None, Delay: -1 ms, Speed: 0.00 M/s, Resolution: None
Name: 陕西卫视, URL: http://mgsp-zy2.live.miguvideo.com:8088/migu/kailu/shan3xiws/51/20220809/index.m3u8?msisdn=2be6b2ec9fcf10d2c2457e2c710e172c&mdspid=&spid=600633&netType=0&sid=5910020475&pid=2028597139&timestamp=20260225060204&Channel_ID=0116_2600034600-99000-201600010010028&ProgramID=738910838&ParentNodeID=-99&assertID=5910020475&client_ip=218.28.233.106&SecurityKey=20260225060204&promotionId=&mvid=5900004331&mcid=500020&playurlVersion=WX-A1-9.2.1-RELEASE&userid=&jmhm=&videocodec=h264&appCode=miguvideo_android&bean=mgspad&tid=android&conFee=0&encrypt=54a24d3d066cd92bccecd52e39657d62&sv=10004&ct=android, From: subscribe, IPv_Type: ipv6, Location: 中国, ISP: 中国电信, Date: None, Delay: -1 ms, Speed: 0.00 M/s, Resolution: None
Name: 陕西卫视, URL: http://mgsp-yx2.live.miguvideo.com:8088/migu/kailu/shan3xiws/51/20220809/index.m3u8?msisdn=2be6b2ec9fcf10d2c2457e2c710e172c&mdspid=&spid=600633&netType=0&sid=5910020475&pid=2028597139&timestamp=20260227060204&Channel_ID=0116_2600034600-99000-201600010010028&ProgramID=738910838&ParentNodeID=-99&assertID=5910020475&client_ip=218.28.233.106&SecurityKey=20260227060204&promotionId=&mvid=5900004331&mcid=500020&playurlVersion=WX-A1-9.2.1-RELEASE&userid=&jmhm=&videocodec=h264&appCode=miguvideo_android&bean=mgspad&tid=android&conFee=0&encrypt=685eb7215f3ccc0a0fe836af4bf40f5a&sv=10004&ct=android, From: subscribe, IPv_Type: ipv6, Location: 中国, ISP: 中国电信, Date: None, Delay: -1 ms, Speed: 0.00 M/s, Resolution: None
Name: 四川卫视, URL: http://php.jdshipin.com/TVOD/hljyd.php?id=3221226338, From: subscribe, IPv_Type: ipv6, Location: 美国, ISP: CloudFlare Inc., Date: None, Delay: 0.1 ms, Speed: inf M/s, Resolution: 1920x1080
Name: 四川卫视, URL: http://z.b.bkpcp.top/m.php?id=scws, From: subscribe, IPv_Type: ipv6, Location: 美国, ISP: CloudFlare Inc., Date: None, Delay: 0.1 ms, Speed: inf M/s, Resolution: 1920x1080
Name: 四川卫视, URL: http://j.x.bkpcp.top/jx/SICHD, From: subscribe, IPv_Type: ipv6, Location: 美国, ISP: CloudFlare Inc., Date: None, Delay: 0.1 ms, Speed: inf M/s, Resolution: 1920x1080
Name: 四川卫视, URL: http://iptv.huuc.edu.cn/hls/schd.m3u8, From: subscribe, IPv_Type: ipv6, Location: 中国, ISP: 教育网, Date: None, Delay: 0.1 ms, Speed: inf M/s, Resolution: 1920x1080
Name: 四川卫视, URL: http://dsj.motem.top:8880/bptv/10000100000000050000000003887274.m3u8, From: subscribe, IPv_Type: ipv6, Location: 美国, ISP: CloudFlare Inc., Date: None, Delay: 0.1 ms, Speed: inf M/s, Resolution: 1920x1080
Name: 四川卫视, URL: http://[2409:8087:1a0a:df::404b]/ottrrs.hl.chinamobile.com/TVOD/88888888/224/3221226338/index.m3u8, From: subscribe, IPv_Type: ipv6, Location: 中国, ISP: 中国移动, Date: None, Delay: 0.1 ms, Speed: inf M/s, Resolution: 1920x1080
Name: 四川卫视, URL: http://[2409:8087:1a01:df::4077]/ottrrs.hl.chinamobile.com/PLTV/88888888/8/3221226338/index.m3u8, From: subscribe, IPv_Type: ipv6, Location: 中国, ISP: 中国移动, Date: None, Delay: 0.1 ms, Speed: inf M/s, Resolution: 1920x1080
Name: 四川卫视, URL: http://[2409:8087:8:21::18]:6610/otttv.bj.chinamobile.com/PLTV/88888888/224/3221226995/1.m3u8?GuardEncType=2&accountinfo=%7E%7EV2.0%7EBQiz3wrGrpG0CUSRIJ-7Jg%7EtP4-l0lmSfjwLWEfK_el1vH_mv-s1zo4AQJwdedaVwG9xkuFTDg8J26cwOrNJzn20BErrHdLhuZ9EzLUCD3PMW-OMx4MGteHV2vLeW6BqoY%2CEND, From: subscribe, IPv_Type: ipv6, Location: 中国, ISP: 中国移动, Date: None, Delay: -1 ms, Speed: 0.00 M/s, Resolution: None
Name: 四川卫视, URL: http://[2409:8087:2001:20:2800:0:df6e:eb08]:80/ott.mobaibox.com/PLTV/4/224/3221228171/index.m3u8, From: subscribe, IPv_Type: ipv6, Location: 中国, ISP: 中国移动, Date: None, Delay: 0.1 ms, Speed: inf M/s, Resolution: 1920x1080
Name: 四川卫视, URL: http://[2409:8087:1e03:21::2]:6060/cms001/ch00000090990000001130/index.m3u8, From: subscribe, IPv_Type: ipv6, Location: 中国, ISP: 中国移动, Date: None, Delay: 0.1 ms, Speed: inf M/s, Resolution: 1920x1080
Name: 四川卫视, URL: http://[2409:8087:3428:20:500::100f]:6610/PLTV/88888888/224/3221225835/index.m3u8?servicetype=1&IASHttpSessionId=RR423820220409134714119178, From: subscribe, IPv_Type: ipv6, Location: 中国, ISP: 中国移动, Date: None, Delay: 0.1 ms, Speed: inf M/s, Resolution: 1920x1080
Name: 四川卫视, URL: http://nas.suntao.online:35455/itv/5000000004000006119.m3u8?cdn=bestzb, From: subscribe, IPv_Type: ipv6, Location: 中国, ISP: 中国联通, Date: None, Delay: 0.1 ms, Speed: inf M/s, Resolution: 1920x1080
Name: 四川卫视, URL: http://iptv.cdn.ha.chinamobile.com/PLTV/88888888/224/3221227197/index.m3u8, From: subscribe, IPv_Type: ipv6, Location: 中国, ISP: 中国移动, Date: None, Delay: 0.1 ms, Speed: inf M/s, Resolution: 1920x1080
Name: 四川卫视, URL: http://hwrr.jx.chinamobile.com:8080/PLTV/88888888/224/3221225487/index.m3u8?fmt=ts2hls, From: subscribe, IPv_Type: ipv6, Location: 中国, ISP: 中国移动, Date: None, Delay: 0.1 ms, Speed: inf M/s, Resolution: 1920x1080
Name: 四川卫视, URL: http://[2409:8087:3428:20:500::1009]:6610/PLTV/88888888/224/3221227182/index.m3u8?servicetype=1&IASHttpSessionId=RR423820220409134714119178, From: subscribe, IPv_Type: ipv6, Location: 中国, ISP: 中国移动, Date: None, Delay: 0.1 ms, Speed: inf M/s, Resolution: 1920x1080
Name: 四川卫视, URL: http://[2409:8087:2001:20:2800:0:df6e:eb09]/ott.mobaibox.com/PLTV/3/224/3221227556/index.m3u8, From: subscribe, IPv_Type: ipv6, Location: 中国, ISP: 中国移动, Date: None, Delay: 0.1 ms, Speed: inf M/s, Resolution: 1920x1080
Name: 四川卫视, URL: http://[2409:8087:4c0a:22:1::11]:6410/170000001115/UmaiCHAN3840706BESTVSMGSMG9/index.m3u8?m3u8_level=2, From: subscribe, IPv_Type: ipv6, Location: 中国, ISP: 中国移动, Date: None, Delay: 0.1 ms, Speed: inf M/s, Resolution: 1920x1080
Name: 四川卫视, URL: http://[2409:8087:4c0a:22:1::4]:6610/170000001115/UmaiCHAN3840706BESTVSMGSMG9/index.m3u8?&AuthInfo=iKAcXCX%2F8sSJnr5njfYL%2Bb%2BLLe3iX6MD%2FSG8Auk%2FYIrBUytcDOb9RAYt8ZWjjY0W6uPIF94XCzPjJb9f5ln6UQ%3D%3D, From: subscribe, IPv_Type: ipv6, Location: 中国, ISP: 中国移动, Date: None, Delay: 0.1 ms, Speed: inf M/s, Resolution: 1920x1080
Name: 四川卫视, URL: http://[2409:8087:1a0b:df::4020]:80/ottrrs.hl.chinamobile.com/PLTV/88888888/224/3221226338/index.m3u8, From: subscribe, IPv_Type: ipv6, Location: 中国, ISP: 中国移动, Date: None, Delay: 0.1 ms, Speed: inf M/s, Resolution: 1920x1080
Name: 四川卫视, URL: https://stream1.freetv.fun/si-chuan-wei-shi-gao-qing-1.ctv, From: subscribe, IPv_Type: ipv6, Location: 美国, ISP: CloudFlare Inc., Date: None, Delay: 0.1 ms, Speed: inf M/s, Resolution: 1920x1080
Name: 四川卫视, URL: http://live.wqwqwq.sbs/itv/5000000004000006119.m3u8?cdn=bestzb, From: subscribe, IPv_Type: ipv6, Location: 美国, ISP: CloudFlare Inc., Date: None, Delay: 0.1 ms, Speed: inf M/s, Resolution: 1920x1080
Name: 四川卫视, URL: http://[2409:8087:1e03:21::42]:6610/cms001/ch00000090990000001130/index.m3u8, From: subscribe, IPv_Type: ipv6, Location: 中国, ISP: 中国移动, Date: None, Delay: 0.1 ms, Speed: inf M/s, Resolution: 1920x1080
Name: 四川卫视, URL: http://[2409:8087:74f0:22::6]:6410/270000001128/9900000025/index.m3u8, From: subscribe, IPv_Type: ipv6, Location: 中国, ISP: 中国移动, Date: None, Delay: 0.1 ms, Speed: inf M/s, Resolution: 1920x1080
Name: 四川卫视, URL: http://[2409:8087:1a01:df::7005]/ottrrs.hl.chinamobile.com/PLTV/88888888/224/3221226338/index.m3u8, From: subscribe, IPv_Type: ipv6, Location: 中国, ISP: 中国移动, Date: None, Delay: 0.1 ms, Speed: inf M/s, Resolution: 1920x1080
Name: 四川卫视, URL: http://[2409:8087:5e00:24::1e]:6060/200000001898/460000089800010115/1.m3u8, From: subscribe, IPv_Type: ipv6, Location: 中国, ISP: 中国移动, Date: None, Delay: 0.1 ms, Speed: inf M/s, Resolution: 1920x1080
Name: 四川卫视, URL: http://[2409:8087:3869:8021:1001::e5]:6610/PLTV/88888888/224/3221225487/2/index.m3u8, From: subscribe, IPv_Type: ipv6, Location: 中国, ISP: 中国移动, Date: None, Delay: -1 ms, Speed: 0.00 M/s, Resolution: None
Name: 四川卫视, URL: http://rrs01.hw.gmcc.net:8088/PLTV/81/224/3221226659/1.m3u8, From: subscribe, IPv_Type: ipv6, Location: 中国, ISP: 中国移动, Date: None, Delay: -1 ms, Speed: 0.00 M/s, Resolution: None
Name: 四川卫视, URL: http://[2409:8087:1a15:10d1::34]/ottrrs.hl.chinamobile.com/PLTV/88888888/224/3221226338/index.m3u8, From: subscribe, IPv_Type: ipv6, Location: 中国, ISP: 中国移动, Date: None, Delay: -1 ms, Speed: 0.00 M/s, Resolution: None
Name: 四川卫视, URL: http://[2409:8087:5e08:25::16]:6610/200000001898/460000089800010115/1.m3u8, From: subscribe, IPv_Type: ipv6, Location: 中国, ISP: 中国移动, Date: None, Delay: -1 ms, Speed: 0.00 M/s, Resolution: None
Name: 四川卫视, URL: https://migu.188766.xyz/?migutoken=9b60338f5aa802b0654a71be39f09724&id=scws&type=sz, From: subscribe, IPv_Type: ipv6, Location: 美国, ISP: CloudFlare Inc., Date: None, Delay: -1 ms, Speed: 0.00 M/s, Resolution: None
Name: 四川卫视, URL: https://cc06.tv12.xyz/99.m3u8, From: subscribe, IPv_Type: ipv6, Location: 美国, ISP: CloudFlare Inc., Date: None, Delay: -1 ms, Speed: 0.00 M/s, Resolution: None
Name: 四川卫视, URL: https://jzb.wwkejishe.top/?id=610, From: subscribe, IPv_Type: ipv6, Location: 美国, ISP: CloudFlare Inc., Date: None, Delay: -1 ms, Speed: 0.00 M/s, Resolution: None
Name: 四川卫视, URL: https://shyd.695847.xyz/cms001/ch00000090990000001130/index.m3u8?IASHttpSessionId=RR4967720251014100028031761&ispcode=12, From: subscribe, IPv_Type: ipv6, Location: 美国, ISP: CloudFlare Inc., Date: None, Delay: -1 ms, Speed: 0.00 M/s, Resolution: None
Name: 四川卫视, URL: https://iptv.catvod.com/live.php?id=%E5%9B%9B%E5%B7%9D%E5%8D%AB%E8%A7%86%E5%8F%B0, From: subscribe, IPv_Type: ipv6, Location: 美国, ISP: CloudFlare Inc., Date: None, Delay: -1 ms, Speed: 0.00 M/s, Resolution: None
Name: 四川卫视, URL: http://tvgslb.hn.chinamobile.com:8089/180000001002/00000001000000000064000000308823/main.m3u8?stbid=, From: subscribe, IPv_Type: ipv6, Location: 中国, ISP: 中国移动, Date: None, Delay: -1 ms, Speed: 0.00 M/s, Resolution: None
Name: 四川卫视, URL: http://hwottcdn.ln.chinamobile.com/PLTV/11/224/3221226139/index.m3u8, From: subscribe, IPv_Type: ipv6, Location: 中国, ISP: 中国移动, Date: None, Delay: -1 ms, Speed: 0.00 M/s, Resolution: None
Name: 四川卫视, URL: http://iptvrr.sh.chinamobile.com:6060/cms001/ch00000090990000001130/index.m3u8, From: subscribe, IPv_Type: ipv6, Location: 中国, ISP: 中国移动, Date: None, Delay: -1 ms, Speed: 0.00 M/s, Resolution: None
Name: 四川卫视, URL: http://hwltc.tv.cdn.zj.chinamobile.com/PLTV/88888888/224/3221236255/index.m3u8, From: subscribe, IPv_Type: ipv6, Location: 中国, ISP: 中国移动, Date: None, Delay: -1 ms, Speed: 0.00 M/s, Resolution: None
Name: 四川卫视, URL: http://ott.mobaibox.com/PLTV/3/224/3221228171/index.m3u8, From: subscribe, IPv_Type: ipv6, Location: 中国, ISP: 中国移动, Date: None, Delay: -1 ms, Speed: 0.00 M/s, Resolution: None
Name: 四川卫视, URL: http://k.061899.xyz/k.php?id=scws, From: subscribe, IPv_Type: ipv6, Location: 新加坡, ISP: Aceville Pte.Ltd., Date: None, Delay: -1 ms, Speed: 0.00 M/s, Resolution: None
Name: 四川卫视, URL: https://t.freetv.fun/live/si-chuan-wei-shi-10.php, From: subscribe, IPv_Type: ipv6, Location: 美国, ISP: CloudFlare Inc., Date: None, Delay: -1 ms, Speed: 0.00 M/s, Resolution: None
Name: 四川卫视, URL: http://x1x.bid:5146/rtp/239.3.1.29:8288, From: subscribe, IPv_Type: ipv6, Location: 中国, ISP: 中国联通, Date: None, Delay: -1 ms, Speed: 0.00 M/s, Resolution: None
Name: 四川卫视, URL: http://b.xiongnas.top:8888/rtp/239.3.1.29:8288, From: subscribe, IPv_Type: ipv6, Location: 中国, ISP: 中国联通, Date: None, Delay: -1 ms, Speed: 0.00 M/s, Resolution: None
Name: 四川卫视, URL: http://a.xiongnas.top:8888/rtp/239.3.1.29:8288, From: subscribe, IPv_Type: ipv6, Location: 中国, ISP: 中国联通, Date: None, Delay: -1 ms, Speed: 0.00 M/s, Resolution: None
Name: 四川卫视, URL: https://live.264788.xyz/channel/sichuanweishi?streamid=4e78b35cb55092e088d2e3abd2992b00&livekey=01WgOR41rriMmMkzNsd0UoaxJRwetZdxIvtVk, From: subscribe, IPv_Type: ipv4, Location: 美国, ISP: CloudFlare节点, Date: None, Delay: 8268 ms, Speed: 3.03 M/s, Resolution: 1920x1080
Name: 深圳卫视, URL: http://php.jdshipin.com/TVOD/hnyd.php?id=200000001898/460000089800010068, From: subscribe, IPv_Type: ipv6, Location: 美国, ISP: CloudFlare Inc., Date: None, Delay: 0.1 ms, Speed: inf M/s, Resolution: 1920x1080
Name: 深圳卫视, URL: http://iptv.huuc.edu.cn/hls/szhd.m3u8, From: subscribe, IPv_Type: ipv6, Location: 中国, ISP: 教育网, Date: None, Delay: 0.1 ms, Speed: inf M/s, Resolution: 1920x1080
Name: 深圳卫视, URL: https://smart.pendy.dpdns.org/Smart.php?id=shenzhen, From: subscribe, IPv_Type: ipv6, Location: 美国, ISP: CloudFlare Inc., Date: None, Delay: 0.1 ms, Speed: inf M/s, Resolution: 1920x1080
Name: 深圳卫视, URL: http://dsj.motem.top:8880/bptv/10000100000000050000000003873474.m3u8, From: subscribe, IPv_Type: ipv6, Location: 美国, ISP: CloudFlare Inc., Date: None, Delay: 0.1 ms, Speed: inf M/s, Resolution: 1920x1080
Name: 深圳卫视, URL: http://z.b.bkpcp.top/m.php?id=szws, From: subscribe, IPv_Type: ipv6, Location: 美国, ISP: CloudFlare Inc., Date: None, Delay: 0.1 ms, Speed: inf M/s, Resolution: 1920x1080
Name: 深圳卫视, URL: http://[2409:8087:1a0a:df::404b]/ottrrs.hl.chinamobile.com/TVOD/88888888/224/3221226313/index.m3u8, From: subscribe, IPv_Type: ipv6, Location: 中国, ISP: 中国移动, Date: None, Delay: 0.1 ms, Speed: inf M/s, Resolution: 1920x1080
Name: 深圳卫视, URL: http://[2409:8087:1a01:df::4077]/ottrrs.hl.chinamobile.com/PLTV/88888888/8/3221226313/index.m3u8, From: subscribe, IPv_Type: ipv6, Location: 中国, ISP: 中国移动, Date: None, Delay: 0.1 ms, Speed: inf M/s, Resolution: 1920x1080
Name: 深圳卫视, URL: http://[2409:8087:8:21::18]:6610/otttv.bj.chinamobile.com/PLTV/88888888/224/3221226959/1.m3u8?GuardEncType=2&accountinfo=%7E%7EV2.0%7EGrVNEZREjuNVKiTJo2mtwg%7EtP4-l0lmSfjwLWEfK_el1vH_mv-s1zo4AQJwdedaVwG9xkuFTDg8J26cwOrNJzn20BErrHdLhuZ9EzLUCD3PMW-OMx4MGteHV2vLeW6BqoY%2CEND, From: None, IPv_Type: ipv6, Location: 中国, ISP: 中国移动, Date: None, Delay: -1 ms, Speed: 0.00 M/s, Resolution: None
Name: 深圳卫视, URL: http://[2409:8087:2001:20:2800:0:df6e:eb11]:80/ott.mobaibox.com/PLTV/4/224/3221227555/index.m3u8, From: subscribe, IPv_Type: ipv6, Location: 中国, ISP: 中国移动, Date: None, Delay: 0.1 ms, Speed: inf M/s, Resolution: 1920x1080
Name: 深圳卫视, URL: http://yc.myds.me:35455/itv/5000000004000007410.m3u8?cdn=bestzb, From: subscribe, IPv_Type: ipv6, Location: 中国, ISP: 中国电信, Date: None, Delay: 0.1 ms, Speed: inf M/s, Resolution: 1920x1080
Name: 深圳卫视, URL: http://nas.suntao.online:35455/itv/5000000004000007410.m3u8?cdn=bestzb, From: subscribe, IPv_Type: ipv6, Location: 中国, ISP: 中国联通, Date: None, Delay: 0.1 ms, Speed: inf M/s, Resolution: 1920x1080
Name: 深圳卫视, URL: http://dbiptv.sn.chinamobile.com/PLTV/88888888/224/3221225801/1.m3u8, From: subscribe, IPv_Type: ipv6, Location: 中国, ISP: 中国移动, Date: None, Delay: 0.1 ms, Speed: inf M/s, Resolution: 1920x1080
Name: 深圳卫视, URL: https://stream1.freetv.fun/7d39b3e02dccfbd1ed32ec34964c9c335bfed429cb4f45800afa9f77414d01e3.ctv, From: subscribe, IPv_Type: ipv6, Location: 美国, ISP: CloudFlare Inc., Date: None, Delay: 0.1 ms, Speed: inf M/s, Resolution: 1920x1080
Name: 深圳卫视, URL: http://hwrr.jx.chinamobile.com:8080/PLTV/88888888/224/3221225598/index.m3u8?fmt=ts2hls, From: subscribe, IPv_Type: ipv6, Location: 中国, ISP: 中国移动, Date: None, Delay: 0.1 ms, Speed: inf M/s, Resolution: 1920x1080
Name: 深圳卫视, URL: http://[2409:8087:3428:20:500::100f]:6610/PLTV/88888888/224/3221225848/index.m3u8?servicetype=1&IASHttpSessionId=RR423820220409134714119178, From: subscribe, IPv_Type: ipv6, Location: 中国, ISP: 中国移动, Date: None, Delay: 0.1 ms, Speed: inf M/s, Resolution: 1920x1080
Name: 深圳卫视, URL: http://[2409:8087:3428:20:500::1009]:6610/PLTV/88888888/224/3221225848/index.m3u8?servicetype=1&IASHttpSessionId=RR423820220409134714119178, From: subscribe, IPv_Type: ipv6, Location: 中国, ISP: 中国移动, Date: None, Delay: 0.1 ms, Speed: inf M/s, Resolution: 1920x1080
Name: 深圳卫视, URL: http://[2409:8087:2001:20:2800:0:df6e:eb1a]:80/wh7f454c46tw207777730_-119365339/ott.mobaibox.com/PLTV/3/224/3221227624/index.m3u8?icpid=3&RTS=1674380323&from=40&popid=40&hms_devid=2116&prioritypopid=40&vqe=3, From: subscribe, IPv_Type: ipv6, Location: 中国, ISP: 中国移动, Date: None, Delay: 0.1 ms, Speed: inf M/s, Resolution: 1920x1080
Name: 深圳卫视, URL: http://[2409:8087:2001:20:2800:0:df6e:eb0d]:80/wh7f454c46tw208051491_470444878/ott.mobaibox.com/PLTV/3/224/3221227677/index.m3u8?icpid=3&RTS=1674380323&from=40&popid=40&hms_devid=2040&prioritypopid=40&vqe=3, From: subscribe, IPv_Type: ipv6, Location: 中国, ISP: 中国移动, Date: None, Delay: 0.1 ms, Speed: inf M/s, Resolution: 1920x1080
Name: 深圳卫视, URL: http://[2409:8087:2001:20:2800:0:df6e:eb02]:80/wh7f454c46tw208243183_695881801/ott.mobaibox.com/PLTV/3/224/3221227695/index.m3u8?icpid=3&RTS=1674380323&from=40&popid=40&hms_devid=2039&prioritypopid=40&vqe=3, From: subscribe, IPv_Type: ipv6, Location: 中国, ISP: 中国移动, Date: None, Delay: 0.1 ms, Speed: inf M/s, Resolution: 1920x1080
Name: 深圳卫视, URL: http://[2409:8087:2001:20:2800:0:df6e:eb18]:80/wh7f454c46tw208466077_112536285/ott.mobaibox.com/PLTV/3/224/3221228236/index.m3u8?icpid=3&RTS=1674380323&from=40&popid=40&hms_devid=2113&prioritypopid=40&vqe=3, From: subscribe, IPv_Type: ipv6, Location: 中国, ISP: 中国移动, Date: None, Delay: 0.1 ms, Speed: inf M/s, Resolution: 1920x1080
Name: 深圳卫视, URL: http://[2409:8087:2001:20:2800:0:df6e:eb10]:80/wh7f454c46tw209094840_889003019/ott.mobaibox.com/PLTV/3/224/3221227555/index.m3u8?icpid=3&RTS=1674380324&from=40&popid=40&hms_devid=2110&prioritypopid=40&vqe=3, From: subscribe, IPv_Type: ipv6, Location: 中国, ISP: 中国移动, Date: None, Delay: 0.1 ms, Speed: inf M/s, Resolution: 1920x1080
Name: 深圳卫视, URL: http://[2409:8087:1e03:21::42]:6610/cms001/ch00000090990000001030/index.m3u8, From: subscribe, IPv_Type: ipv6, Location: 中国, ISP: 中国移动, Date: None, Delay: 0.1 ms, Speed: inf M/s, Resolution: 1920x1080
Name: 深圳卫视, URL: http://lu.wqwqwq.sbs/itv/1000000005000265028.m3u8?cdn=ystenlive, From: subscribe, IPv_Type: ipv6, Location: 美国, ISP: CloudFlare Inc., Date: None, Delay: 0.1 ms, Speed: inf M/s, Resolution: 1920x1080
Name: 深圳卫视, URL: http://[2409:8087:1e03:21::2]:6060/cms001/ch00000090990000001030/index.m3u8, From: subscribe, IPv_Type: ipv6, Location: 中国, ISP: 中国移动, Date: None, Delay: 0.1 ms, Speed: inf M/s, Resolution: 1920x1080
Name: 深圳卫视, URL: http://[2409:8087:2001:20:2800:0:df6e:eb0a]:80/wh7f454c46tw2172834728_-2116765000/ott.mobaibox.com/PLTV/3/224/3221227307/index.m3u8?icpid=3&RTS=1674386583&from=40&popid=40&hms_devid=2038&prioritypopid=40&vqe=3, From: subscribe, IPv_Type: ipv6, Location: 中国, ISP: 中国移动, Date: None, Delay: 0.1 ms, Speed: inf M/s, Resolution: 1920x1080
Name: 深圳卫视, URL: http://[2409:8087:2001:20:2800:0:df6e:eb07]:80/wh7f454c46tw208659612_-112921820/ott.mobaibox.com/PLTV/3/224/3221227217/index.m3u8?icpid=3&RTS=1674380324&from=40&popid=40&hms_devid=2036&prioritypopid=40&vqe=3, From: subscribe, IPv_Type: ipv6, Location: 中国, ISP: 中国移动, Date: None, Delay: 0.1 ms, Speed: inf M/s, Resolution: 1920x1080
Name: 深圳卫视, URL: http://[2409:8087:74f0:22::5]:6410/270000001128/9900000529/index.m3u8, From: subscribe, IPv_Type: ipv6, Location: 中国, ISP: 中国移动, Date: None, Delay: 0.1 ms, Speed: inf M/s, Resolution: 1920x1080
Name: 深圳卫视, URL: http://[2409:8087:1a01:df::7005]/ottrrs.hl.chinamobile.com/PLTV/88888888/224/3221226313/index.m3u8, From: subscribe, IPv_Type: ipv6, Location: 中国, ISP: 中国移动, Date: None, Delay: 0.1 ms, Speed: inf M/s, Resolution: 1920x1080
Name: 深圳卫视, URL: http://[2409:8087:5e00:24::1e]:6060/200000001898/460000089800010068/1.m3u8, From: subscribe, IPv_Type: ipv6, Location: 中国, ISP: 中国移动, Date: None, Delay: 0.1 ms, Speed: inf M/s, Resolution: 1920x1080
Name: 深圳卫视, URL: http://[2409:8087:3869:8021:1001::e5]:6610/PLTV/88888888/224/3221225741/2/index.m3u8, From: subscribe, IPv_Type: ipv6, Location: 中国, ISP: 中国移动, Date: None, Delay: -1 ms, Speed: 0.00 M/s, Resolution: None
Name: 深圳卫视, URL: http://rrs01.hw.gmcc.net:8088/PLTV/81/224/3221226688/1.m3u8, From: subscribe, IPv_Type: ipv6, Location: 中国, ISP: 中国移动, Date: None, Delay: -1 ms, Speed: 0.00 M/s, Resolution: None
Name: 深圳卫视, URL: http://[2409:8087:1a15:10d1::33]/ottrrs.hl.chinamobile.com/PLTV/88888888/224/3221226313/index.m3u8, From: subscribe, IPv_Type: ipv6, Location: 中国, ISP: 中国移动, Date: None, Delay: -1 ms, Speed: 0.00 M/s, Resolution: None
Name: 深圳卫视, URL: http://[2409:8087:5e08:25::16]:6610/200000001898/460000089800010068/1.m3u8, From: subscribe, IPv_Type: ipv6, Location: 中国, ISP: 中国移动, Date: None, Delay: -1 ms, Speed: 0.00 M/s, Resolution: None
Name: 深圳卫视, URL: https://mursor.ottiptv.cc/mcp/shenzheng.m3u8, From: subscribe, IPv_Type: ipv6, Location: 美国, ISP: Oracle Corporation, Date: None, Delay: -1 ms, Speed: 0.00 M/s, Resolution: None
Name: 深圳卫视, URL: https://migu.188766.xyz/?migutoken=784b52a434d98b429ab512ff75916360&id=szws&type=sz, From: subscribe, IPv_Type: ipv6, Location: 美国, ISP: CloudFlare Inc., Date: None, Delay: -1 ms, Speed: 0.00 M/s, Resolution: None
Name: 深圳卫视, URL: https://cc06.tv12.xyz/108.m3u8, From: subscribe, IPv_Type: ipv6, Location: 美国, ISP: CloudFlare Inc., Date: None, Delay: -1 ms, Speed: 0.00 M/s, Resolution: None
Name: 深圳卫视, URL: https://jzb.wwkejishe.top/?id=606, From: subscribe, IPv_Type: ipv6, Location: 美国, ISP: CloudFlare Inc., Date: None, Delay: -1 ms, Speed: 0.00 M/s, Resolution: None
Name: 深圳卫视, URL: https://shyd.695847.xyz/cms001/ch00000090990000001030/index.m3u8?IASHttpSessionId=RR4967720251014100028031761&ispcode=12, From: subscribe, IPv_Type: ipv6, Location: 美国, ISP: CloudFlare Inc., Date: None, Delay: -1 ms, Speed: 0.00 M/s, Resolution: None
Name: 深圳卫视, URL: https://iptv.catvod.com/live.php?id=%E6%B7%B1%E5%9C%B3%E5%8D%AB%E8%A7%86%E5%8F%B0, From: subscribe, IPv_Type: ipv6, Location: 美国, ISP: CloudFlare Inc., Date: None, Delay: -1 ms, Speed: 0.00 M/s, Resolution: None
Name: 深圳卫视, URL: http://hwottcdn.ln.chinamobile.com/PLTV/11/224/3221227239/index.m3u8, From: subscribe, IPv_Type: ipv6, Location: 中国, ISP: 中国移动, Date: None, Delay: -1 ms, Speed: 0.00 M/s, Resolution: None
Name: 深圳卫视, URL: http://hwltc.tv.cdn.zj.chinamobile.com/PLTV/88888888/224/3221236251/index.m3u8, From: subscribe, IPv_Type: ipv6, Location: 中国, ISP: 中国移动, Date: None, Delay: -1 ms, Speed: 0.00 M/s, Resolution: None
Name: 深圳卫视, URL: http://k.061899.xyz/k.php?id=szws, From: subscribe, IPv_Type: ipv6, Location: 新加坡, ISP: Aceville Pte.Ltd., Date: None, Delay: -1 ms, Speed: 0.00 M/s, Resolution: None
Name: 深圳卫视, URL: http://tvgslb.hn.chinamobile.com:8089/180000001002/00000000000000020000000000182565/main.m3u8?stbid=, From: subscribe, IPv_Type: ipv6, Location: 中国, ISP: 中国移动, Date: None, Delay: -1 ms, Speed: 0.00 M/s, Resolution: None
Name: 深圳卫视, URL: http://iptvrr.sh.chinamobile.com:6060/cms001/ch00000090990000001030/index.m3u8, From: subscribe, IPv_Type: ipv6, Location: 中国, ISP: 中国移动, Date: None, Delay: -1 ms, Speed: 0.00 M/s, Resolution: None
Name: 深圳卫视, URL: http://ott.mobaibox.com/PLTV/3/224/3221227555/index.m3u8, From: subscribe, IPv_Type: ipv6, Location: 中国, ISP: 中国移动, Date: None, Delay: -1 ms, Speed: 0.00 M/s, Resolution: None
Name: 深圳卫视, URL: https://t.freetv.fun/live/shen-zhen-wei-shi-3.m3u8, From: subscribe, IPv_Type: ipv6, Location: 美国, ISP: CloudFlare Inc., Date: None, Delay: -1 ms, Speed: 0.00 M/s, Resolution: None
Name: 深圳卫视, URL: https://gd202.tv1288.xyz/tsfile/live/1042_1.m3u8, From: subscribe, IPv_Type: ipv6, Location: 美国, ISP: CloudFlare Inc., Date: None, Delay: -1 ms, Speed: 0.00 M/s, Resolution: None
Name: 深圳卫视, URL: https://live.264788.xyz/channel/shenzhenweishi?streamid=9f19de691697b902376432567c77cece&livekey=01WgOR41rriMmMkzNsd0UoaxJRwetZdxIvtVk, From: subscribe, IPv_Type: ipv4, Location: 美国, ISP: CloudFlare节点, Date: None, Delay: 421 ms, Speed: 43.30 M/s, Resolution: 1920x1080
Name: 深圳卫视, URL: http://63.141.230.178:82/gslb/zbdq5.m3u8?id=szwshd, From: subscribe, IPv_Type: ipv4, Location: 美国, ISP: , Date: None, Delay: 640 ms, Speed: 5.37 M/s, Resolution: 1920x1080
Name: 三沙卫视, URL: http://dsj.motem.top:8880/bptv/10000100000000050000000003887452.m3u8, From: subscribe, IPv_Type: ipv6, Location: 美国, ISP: CloudFlare Inc., Date: None, Delay: 0.1 ms, Speed: inf M/s, Resolution: 1920x1080
Name: 三沙卫视, URL: http://[2409:8087:2001:20:2800:0:df6e:eb21]:80/ott.mobaibox.com/PLTV/4/224/3221228626/index.m3u8, From: subscribe, IPv_Type: ipv6, Location: 中国, ISP: 中国移动, Date: None, Delay: 0.1 ms, Speed: inf M/s, Resolution: 1920x1080
Name: 三沙卫视, URL: http://[2409:8087:1e03:21::2]:6060/cms001/ch00000090990000001185/index.m3u8, From: subscribe, IPv_Type: ipv6, Location: 中国, ISP: 中国移动, Date: None, Delay: 0.1 ms, Speed: inf M/s, Resolution: 1920x1080
Name: 三沙卫视, URL: http://[2409:8087:3428:20:500::100f]:6610/PLTV/88888888/224/3221227172/index.m3u8?servicetype=1&IASHttpSessionId=RR423820220409134714119178, From: subscribe, IPv_Type: ipv6, Location: 中国, ISP: 中国移动, Date: None, Delay: 0.1 ms, Speed: inf M/s, Resolution: 1920x1080
Name: 三沙卫视, URL: http://[2409:8087:3428:20:500::1009]:6610/PLTV/88888888/224/3221227172/index.m3u8?servicetype=1&IASHttpSessionId=RR423820220409134714119178, From: subscribe, IPv_Type: ipv6, Location: 中国, ISP: 中国移动, Date: None, Delay: 0.1 ms, Speed: inf M/s, Resolution: 1920x1080
Name: 三沙卫视, URL: http://[2409:8087:5e01:34::20]:6610/ZTE_CMS/08984400000000060000000000000319/index.m3u8?IAS, From: subscribe, IPv_Type: ipv6, Location: 中国, ISP: 中国移动, Date: None, Delay: 0.1 ms, Speed: inf M/s, Resolution: 1920x1080
Name: 三沙卫视, URL: http://[2409:8087:8:21::18]:6610/otttv.bj.chinamobile.com/PLTV/88888888/224/3221226544/1.m3u8, From: subscribe, IPv_Type: ipv6, Location: 中国, ISP: 中国移动, Date: None, Delay: 0.1 ms, Speed: inf M/s, Resolution: 1920x1080
Name: 三沙卫视, URL: http://[2409:8087:5e01:34::21]:6610/ZTE_CMS/08984400000000060000000000000319/index.m3u8, From: subscribe, IPv_Type: ipv6, Location: 中国, ISP: 中国移动, Date: None, Delay: 0.1 ms, Speed: inf M/s, Resolution: 1920x1080
Name: 三沙卫视, URL: https://stream1.freetv.fun/8bd6b69c423ac31e71c2311ad33f4f291e1314c69005ffb7b3b7defc2944adb2.m3u8, From: subscribe, IPv_Type: ipv6, Location: 美国, ISP: CloudFlare Inc., Date: None, Delay: -1 ms, Speed: 0.00 M/s, Resolution: None
Name: 三沙卫视, URL: http://[2409:8087:5e00:24::1e]:6060/000000001000/4600001000000000117/1.m3u8, From: subscribe, IPv_Type: ipv6, Location: 中国, ISP: 中国移动, Date: None, Delay: 0.1 ms, Speed: inf M/s, Resolution: 1920x1080
Name: 三沙卫视, URL: https://livessws.hnntv.cn/live/ssws_02hnntv.m3u8?_upt=c509d0ea1747156492, From: subscribe, IPv_Type: ipv6, Location: 中国, ISP: 中国电信, Date: None, Delay: -1 ms, Speed: 0.00 M/s, Resolution: None
Name: 三沙卫视, URL: https://shyd.695847.xyz/cms001/ch00000090990000001185/index.m3u8?IASHttpSessionId=RR4967720251014100028031761&ispcode=12, From: subscribe, IPv_Type: ipv6, Location: 美国, ISP: CloudFlare Inc., Date: None, Delay: -1 ms, Speed: 0.00 M/s, Resolution: None
Name: 三沙卫视, URL: https://migu.188766.xyz/?migutoken=363c4036267fbac9e292b323a693652d&id=hn_ssws&type=sz, From: subscribe, IPv_Type: ipv6, Location: 美国, ISP: CloudFlare Inc., Date: None, Delay: -1 ms, Speed: 0.00 M/s, Resolution: None
Name: 三沙卫视, URL: https://iptv.catvod.com/live.php?id=%E4%B8%89%E6%B2%99%E5%8D%AB%E8%A7%86, From: subscribe, IPv_Type: ipv6, Location: 美国, ISP: CloudFlare Inc., Date: None, Delay: -1 ms, Speed: 0.00 M/s, Resolution: None
Name: 三沙卫视, URL: http://gslbmgsplive.miguvideo.com/migu/kailu/ssws/50/20251127/index.m3u8?msisdn=20251210080303cc46e3572ca349e68630a4d2a35d2a53&mdspid=&spid=600697&netType=0&sid=5910022307&pid=2028597139&timestamp=20251210080303&Channel_ID=0116_2600037000-99000-200300220100002&ProgramID=961023778&ParentNodeID=-99&assertID=5910022307&client_ip=218.28.233.106&SecurityKey=20251210080303&promotionId=&mvid=5900006777&mcid=500020&playurlVersion=WX-A1-8.11.2-RELEASE&userid=&jmhm=&videocodec=h264&appCode=miguvideo_android&bean=mgspad&tid=android&conFee=0&puData=39e4d7f2d69d8de39bb176477db98309&ddCalcu=9309v3ea84x9dab7df727d46697d18bdbe93&sv=10004&ct=android, From: subscribe, IPv_Type: ipv6, Location: 中国, ISP: 中国移动, Date: None, Delay: -1 ms, Speed: 0.00 M/s, Resolution: None
Name: 三沙卫视, URL: http://tvgslb.hn.chinamobile.com:8089/180000001002/00000001000000000031000000068476/main.m3u8?stbid=, From: subscribe, IPv_Type: ipv6, Location: 中国, ISP: 中国移动, Date: None, Delay: -1 ms, Speed: 0.00 M/s, Resolution: None
Name: 三沙卫视, URL: http://iptvrr.sh.chinamobile.com:6060/cms001/ch00000090990000001185/index.m3u8, From: subscribe, IPv_Type: ipv6, Location: 中国, ISP: 中国移动, Date: None, Delay: -1 ms, Speed: 0.00 M/s, Resolution: None
Name: 三沙卫视, URL: https://stream.iptv-search.com/main.php?id=%E4%B8%89%E6%B2%99%E5%8D%AB%E8%A7%86&t=1755401429&token=7ddfc6d40f1c98da27c8b5e7c59836a3, From: subscribe, IPv_Type: ipv6, Location: 美国, ISP: CloudFlare Inc., Date: None, Delay: -1 ms, Speed: 0.00 M/s, Resolution: None
Name: 三沙卫视, URL: http://ott.mobaibox.com/PLTV/3/224/3221228626/index.m3u8, From: subscribe, IPv_Type: ipv6, Location: 中国, ISP: 中国移动, Date: None, Delay: -1 ms, Speed: 0.00 M/s, Resolution: None
Name: 三沙卫视, URL: http://mgsp-yx2.live.miguvideo.com:8088/migu/kailu/ssws/50/20251127/index.m3u8?msisdn=e55e9ee71b42d2d7008a152c069625e3&mdspid=&spid=600697&netType=0&sid=5910022307&pid=2028597139&timestamp=20260215080209&Channel_ID=0116_2600034600-99000-201600010010028&ProgramID=961023778&ParentNodeID=-99&assertID=5910022307&client_ip=218.28.233.106&SecurityKey=20260215080209&promotionId=&mvid=5900006777&mcid=500020&playurlVersion=WX-A1-9.2.1-RELEASE&userid=&jmhm=&videocodec=h264&appCode=miguvideo_android&bean=mgspad&tid=android&conFee=0&encrypt=5c1bdd929e2bfa48bcdf56a87cabb536&sv=10004&ct=android, From: subscribe, IPv_Type: ipv6, Location: 中国, ISP: 中国电信, Date: None, Delay: -1 ms, Speed: 0.00 M/s, Resolution: None
Name: 三沙卫视, URL: http://mgsp-zy2.live.miguvideo.com:8088/migu/kailu/ssws/50/20251127/index.m3u8?msisdn=2be6b2ec9fcf10d2c2457e2c710e172c&mdspid=&spid=600697&netType=0&sid=5910022307&pid=2028597139&timestamp=20260227080209&Channel_ID=0116_2600034600-99000-201600010010028&ProgramID=961023778&ParentNodeID=-99&assertID=5910022307&client_ip=218.28.233.106&SecurityKey=20260227080209&promotionId=&mvid=5900006777&mcid=500020&playurlVersion=WX-A1-9.2.1-RELEASE&userid=&jmhm=&videocodec=h264&appCode=miguvideo_android&bean=mgspad&tid=android&conFee=0&encrypt=4d53fdef5ac7cd20d99b833629b976d4&sv=10004&ct=android, From: subscribe, IPv_Type: ipv6, Location: 中国, ISP: 中国电信, Date: None, Delay: -1 ms, Speed: 0.00 M/s, Resolution: None
Name: 三沙卫视, URL: http://mgsp-hs2.live.miguvideo.com:8088/migu/kailu/ssws/50/20251127/index.m3u8?msisdn=2be6b2ec9fcf10d2c2457e2c710e172c&mdspid=&spid=600697&netType=0&sid=5910022307&pid=2028597139&timestamp=20260302080226&Channel_ID=0116_2600034600-99000-201600010010028&ProgramID=961023778&ParentNodeID=-99&assertID=5910022307&client_ip=218.28.233.106&SecurityKey=20260302080226&promotionId=&mvid=5900006777&mcid=500020&playurlVersion=WX-A1-9.2.1-RELEASE&userid=&jmhm=&videocodec=h264&appCode=miguvideo_android&bean=mgspad&tid=android&conFee=0&encrypt=164a2421089f5ed59ff15fc84e81fbc4&sv=10004&ct=android, From: subscribe, IPv_Type: ipv6, Location: 中国, ISP: 中国联通, Date: None, Delay: -1 ms, Speed: 0.00 M/s, Resolution: None
Name: 天津卫视, URL: http://php.jdshipin.com/TVOD/hljyd.php?id=3221226459, From: subscribe, IPv_Type: ipv6, Location: 美国, ISP: CloudFlare Inc., Date: None, Delay: 0.1 ms, Speed: inf M/s, Resolution: 1920x1080
Name: 天津卫视, URL: http://j.x.bkpcp.top/jx/TIANJHD, From: subscribe, IPv_Type: ipv6, Location: 美国, ISP: CloudFlare Inc., Date: None, Delay: 0.1 ms, Speed: inf M/s, Resolution: 1920x1080
Name: 天津卫视, URL: http://iptv.huuc.edu.cn/hls/tjhd.m3u8, From: subscribe, IPv_Type: ipv6, Location: 中国, ISP: 教育网, Date: None, Delay: 0.1 ms, Speed: inf M/s, Resolution: 1920x1080
Name: 天津卫视, URL: http://[2409:8087:1a01:df::4030]:80/TVOD/88888888/224/3221225972/main.m3u8, From: subscribe, IPv_Type: ipv6, Location: 中国, ISP: 中国移动, Date: None, Delay: 0.1 ms, Speed: inf M/s, Resolution: 1920x1080
Name: 天津卫视, URL: http://dsj.motem.top:8880/bptv/10000100000000050000000003873466.m3u8, From: subscribe, IPv_Type: ipv6, Location: 美国, ISP: CloudFlare Inc., Date: None, Delay: 0.1 ms, Speed: inf M/s, Resolution: 1920x1080
Name: 天津卫视, URL: http://[2409:8087:1a0a:df::404b]/ottrrs.hl.chinamobile.com/TVOD/88888888/224/3221226459/index.m3u8, From: subscribe, IPv_Type: ipv6, Location: 中国, ISP: 中国移动, Date: None, Delay: 0.1 ms, Speed: inf M/s, Resolution: 1920x1080
Name: 天津卫视, URL: http://[2409:8087:1a01:df::4077]/ottrrs.hl.chinamobile.com/PLTV/88888888/8/3221226459/index.m3u8, From: subscribe, IPv_Type: ipv6, Location: 中国, ISP: 中国移动, Date: None, Delay: 0.1 ms, Speed: inf M/s, Resolution: 1920x1080
Name: 天津卫视, URL: http://[2409:8087:8:21::18]:6610/otttv.bj.chinamobile.com/PLTV/88888888/224/3221226954/1.m3u8?GuardEncType=2&accountinfo=%7E%7EV2.0%7Eaf3wyULP1h575eM_4ByMDg%7EtP4-l0lmSfjwLWEfK_el1vH_mv-s1zo4AQJwdedaVwG9xkuFTDg8J26cwOrNJzn20BErrHdLhuZ9EzLUCD3PMW-OMx4MGteHV2vLeW6BqoY%2CEND, From: None, IPv_Type: ipv6, Location: 中国, ISP: 中国移动, Date: None, Delay: -1 ms, Speed: 0.00 M/s, Resolution: None
Name: 天津卫视, URL: http://[2409:8087:1e03:21::2]:6060/cms001/ch00000090990000001036/index.m3u8, From: subscribe, IPv_Type: ipv6, Location: 中国, ISP: 中国移动, Date: None, Delay: 0.1 ms, Speed: inf M/s, Resolution: 1920x1080
Name: 天津卫视, URL: http://[2409:8087:2001:20:2800:0:df6e:eb11]:80/ott.mobaibox.com/PLTV/4/224/3221227488/index.m3u8, From: subscribe, IPv_Type: ipv6, Location: 中国, ISP: 中国移动, Date: None, Delay: 0.1 ms, Speed: inf M/s, Resolution: 1920x1080
Name: 天津卫视, URL: http://yc.myds.me:35455/itv/5000000004000006827.m3u8?cdn=bestzb, From: subscribe, IPv_Type: ipv6, Location: 中国, ISP: 中国电信, Date: None, Delay: 0.1 ms, Speed: inf M/s, Resolution: 1920x1080
Name: 天津卫视, URL: http://nas.suntao.online:35455/itv/5000000004000006827.m3u8?cdn=bestzb, From: subscribe, IPv_Type: ipv6, Location: 中国, ISP: 中国联通, Date: None, Delay: 0.1 ms, Speed: inf M/s, Resolution: 1920x1080
Name: 天津卫视, URL: http://iptv.cdn.ha.chinamobile.com/PLTV/88888888/224/3221227209/index.m3u8, From: subscribe, IPv_Type: ipv6, Location: 中国, ISP: 中国移动, Date: None, Delay: 0.1 ms, Speed: inf M/s, Resolution: 1920x1080
Name: 天津卫视, URL: http://dbiptv.sn.chinamobile.com/PLTV/88888888/224/3221226204/1.m3u8, From: subscribe, IPv_Type: ipv6, Location: 中国, ISP: 中国移动, Date: None, Delay: 0.1 ms, Speed: inf M/s, Resolution: 1920x1080
Name: 天津卫视, URL: http://cdn.jdshipin.com:8880/ysp.php?id=tjws, From: subscribe, IPv_Type: ipv6, Location: 美国, ISP: CloudFlare Inc., Date: None, Delay: 0.1 ms, Speed: inf M/s, Resolution: 1920x1080
Name: 天津卫视, URL: http://hwrr.jx.chinamobile.com:8080/PLTV/88888888/224/3221225485/index.m3u8?fmt=ts2hls, From: subscribe, IPv_Type: ipv6, Location: 中国, ISP: 中国移动, Date: None, Delay: 0.1 ms, Speed: inf M/s, Resolution: 1920x1080
Name: 天津卫视, URL: http://[2409:8087:3428:20:500::100f]:6610/PLTV/88888888/224/3221225830/index.m3u8?servicetype=1&IASHttpSessionId=RR423820220409134714119178, From: subscribe, IPv_Type: ipv6, Location: 中国, ISP: 中国移动, Date: None, Delay: 0.1 ms, Speed: inf M/s, Resolution: 1920x1080
Name: 天津卫视, URL: http://[2409:8087:3428:20:500::1009]:6610/PLTV/88888888/224/3221225830/index.m3u8?servicetype=1&IASHttpSessionId=RR423820220409134714119178, From: subscribe, IPv_Type: ipv6, Location: 中国, ISP: 中国移动, Date: None, Delay: 0.1 ms, Speed: inf M/s, Resolution: 1920x1080
Name: 天津卫视, URL: http://[2409:8087:2001:20:2800:0:df6e:eb06]:80/wh7f454c46tw195619489_1991259086/ott.mobaibox.com/PLTV/3/224/3221227212/index.m3u8?icpid=3&RTS=1674380311&from=40&popid=40&hms_devid=2036&prioritypopid=40&vqe=3, From: subscribe, IPv_Type: ipv6, Location: 中国, ISP: 中国移动, Date: None, Delay: 0.1 ms, Speed: inf M/s, Resolution: 1920x1080
Name: 天津卫视, URL: http://[2409:8087:2001:20:2800:0:df6e:eb0c]:80/wh7f454c46tw1929912988_-881662239/ott.mobaibox.com/PLTV/3/224/3221227756/index.m3u8?icpid=3&RTS=1674386340&from=40&popid=40&hms_devid=2040&prioritypopid=40&vqe=3, From: subscribe, IPv_Type: ipv6, Location: 中国, ISP: 中国移动, Date: None, Delay: 0.1 ms, Speed: inf M/s, Resolution: 1920x1080
Name: 天津卫视, URL: http://[2409:8087:2001:20:2800:0:df6e:eb0b]:80/wh7f454c46tw196224632_-1061507187/ott.mobaibox.com/PLTV/3/224/3221228239/index.m3u8?icpid=3&RTS=1674380311&from=40&popid=40&hms_devid=2038&prioritypopid=40&vqe=3, From: subscribe, IPv_Type: ipv6, Location: 中国, ISP: 中国移动, Date: None, Delay: 0.1 ms, Speed: inf M/s, Resolution: 1920x1080
Name: 天津卫视, URL: http://[2409:8087:1e03:21::42]:6610/cms001/ch00000090990000001036/index.m3u8, From: subscribe, IPv_Type: ipv6, Location: 中国, ISP: 中国移动, Date: None, Delay: 0.1 ms, Speed: inf M/s, Resolution: 1920x1080
Name: 天津卫视, URL: http://[2409:8087:2001:20:2800:0:df6e:eb26]:80/wh7f454c46tw2314153559_1325890662/ott.mobaibox.com/PLTV/3/224/3221228416/index.m3u8?icpid=3&RTS=1674468328&from=40&popid=40&hms_devid=2293&prioritypopid=40&vqe=3, From: subscribe, IPv_Type: ipv6, Location: 中国, ISP: 中国移动, Date: None, Delay: 0.1 ms, Speed: inf M/s, Resolution: 1920x1080
Name: 天津卫视, URL: http://[2409:8087:4c0a:22:1::11]:6410/170000001115/UmaiCHAN3450000BESTVSMGSMG/index.m3u8?m3u8_level=2, From: subscribe, IPv_Type: ipv6, Location: 中国, ISP: 中国移动, Date: None, Delay: 0.1 ms, Speed: inf M/s, Resolution: 1920x1080
Name: 天津卫视, URL: http://[2409:8087:5e01:34::38]:6610/ZTE_CMS/00000001000000060000000000000249/index.m3u8, From: subscribe, IPv_Type: ipv6, Location: 中国, ISP: 中国移动, Date: None, Delay: 0.1 ms, Speed: inf M/s, Resolution: 1920x1080
Name: 天津卫视, URL: http://[2409:8087:5e00:24::1e]:6060/200000001898/460000089800010069/1.m3u8, From: subscribe, IPv_Type: ipv6, Location: 中国, ISP: 中国移动, Date: None, Delay: 0.1 ms, Speed: inf M/s, Resolution: 1920x1080
Name: 天津卫视, URL: http://[2409:8087:5e01:34::21]:6610/ZTE_CMS/00000001000000060000000000000249/index.m3u8?IAS, From: subscribe, IPv_Type: ipv6, Location: 中国, ISP: 中国移动, Date: None, Delay: 0.1 ms, Speed: inf M/s, Resolution: 1920x1080
Name: 天津卫视, URL: http://[2409:8087:5e01:34::22]:6610/ZTE_CMS/00000001000000060000000000000249/index.m3u8?IAS, From: subscribe, IPv_Type: ipv6, Location: 中国, ISP: 中国移动, Date: None, Delay: 0.1 ms, Speed: inf M/s, Resolution: 1920x1080
Name: 天津卫视, URL: http://[2409:8087:5e01:34::20]:6610/ZTE_CMS/00000001000000060000000000000249/index.m3u8?IAS, From: subscribe, IPv_Type: ipv6, Location: 中国, ISP: 中国移动, Date: None, Delay: 0.1 ms, Speed: inf M/s, Resolution: 1920x1080
Name: 天津卫视, URL: http://[2409:8087:5e01:34::23]:6610/ZTE_CMS/00000001000000060000000000000249/index.m3u8?IAS, From: subscribe, IPv_Type: ipv6, Location: 中国, ISP: 中国移动, Date: None, Delay: 0.1 ms, Speed: inf M/s, Resolution: 1920x1080
Name: 天津卫视, URL: https://stream1.freetv.fun/tian-jin-wei-shi-gao-qing-1.ctv, From: subscribe, IPv_Type: ipv6, Location: 美国, ISP: CloudFlare Inc., Date: None, Delay: 0.1 ms, Speed: inf M/s, Resolution: 1920x1080
Name: 天津卫视, URL: http://lu.wqwqwq.sbs/itv/1000000005000265026.m3u8?cdn=ystenlive, From: subscribe, IPv_Type: ipv6, Location: 美国, ISP: CloudFlare Inc., Date: None, Delay: 0.1 ms, Speed: inf M/s, Resolution: 1920x1080
Name: 天津卫视, URL: http://[2409:8087:2001:20:2800:0:df6e:eb07]:80/wh7f454c46tw1542691313_-1687194417/ott.mobaibox.com/PLTV/3/224/3221227633/index.m3u8?icpid=3&RTS=1674385953&from=40&popid=40&hms_devid=2036&prioritypopid=40&vqe=3, From: subscribe, IPv_Type: ipv6, Location: 中国, ISP: 中国移动, Date: None, Delay: 0.1 ms, Speed: inf M/s, Resolution: 1920x1080
Name: 天津卫视, URL: http://[2409:8087:74f0:22::6]:6410/270000001128/9900000530/index.m3u8, From: subscribe, IPv_Type: ipv6, Location: 中国, ISP: 中国移动, Date: None, Delay: 0.1 ms, Speed: inf M/s, Resolution: 1920x1080
Name: 天津卫视, URL: http://[2409:8087:1a01:df::7005]/ottrrs.hl.chinamobile.com/PLTV/88888888/224/3221226459/index.m3u8, From: subscribe, IPv_Type: ipv6, Location: 中国, ISP: 中国移动, Date: None, Delay: 0.1 ms, Speed: inf M/s, Resolution: 1920x1080
Name: 天津卫视, URL: http://[2409:8087:3869:8021:1001::e5]:6610/PLTV/88888910/224/3221225698/index.m3u8, From: subscribe, IPv_Type: ipv6, Location: 中国, ISP: 中国移动, Date: None, Delay: 0.1 ms, Speed: inf M/s, Resolution: 1920x1080
Name: 天津卫视, URL: http://rrs01.hw.gmcc.net:8088/PLTV/81/224/3221226686/1.m3u8, From: subscribe, IPv_Type: ipv6, Location: 中国, ISP: 中国移动, Date: None, Delay: -1 ms, Speed: 0.00 M/s, Resolution: None
Name: 天津卫视, URL: http://live.wqwqwq.sbs/itv/5000000004000006827.m3u8?cdn=bestzb, From: subscribe, IPv_Type: ipv6, Location: 美国, ISP: CloudFlare Inc., Date: None, Delay: -1 ms, Speed: 0.00 M/s, Resolution: None
Name: 天津卫视, URL: http://[2409:8087:1a15:10d1::36]/ottrrs.hl.chinamobile.com/PLTV/88888888/224/3221225740/index.m3u8, From: subscribe, IPv_Type: ipv6, Location: 中国, ISP: 中国移动, Date: None, Delay: -1 ms, Speed: 0.00 M/s, Resolution: None
Name: 天津卫视, URL: http://[2409:8087:5e08:25::16]:6610/200000001898/460000089800010069/1.m3u8, From: subscribe, IPv_Type: ipv6, Location: 中国, ISP: 中国移动, Date: None, Delay: -1 ms, Speed: 0.00 M/s, Resolution: None
Name: 天津卫视, URL: https://mursor.ottiptv.cc/mcp/tianjing.m3u8, From: subscribe, IPv_Type: ipv6, Location: 美国, ISP: Oracle Corporation, Date: None, Delay: -1 ms, Speed: 0.00 M/s, Resolution: None
Name: 天津卫视, URL: https://migu.188766.xyz/?migutoken=eba1b5711daf3281042617384fe44b12&id=tjws&type=sz, From: subscribe, IPv_Type: ipv6, Location: 美国, ISP: CloudFlare Inc., Date: None, Delay: -1 ms, Speed: 0.00 M/s, Resolution: None
Name: 天津卫视, URL: https://jzb.wwkejishe.top/?id=611, From: subscribe, IPv_Type: ipv6, Location: 美国, ISP: CloudFlare Inc., Date: None, Delay: -1 ms, Speed: 0.00 M/s, Resolution: None
Name: 天津卫视, URL: https://shyd.695847.xyz/cms001/ch00000090990000001036/index.m3u8?IASHttpSessionId=RR4967720251014100028031761&ispcode=12, From: subscribe, IPv_Type: ipv6, Location: 美国, ISP: CloudFlare Inc., Date: None, Delay: -1 ms, Speed: 0.00 M/s, Resolution: None
Name: 天津卫视, URL: https://iptv.catvod.com/live.php?id=%E5%A4%A9%E6%B4%A5%E5%8D%AB%E8%A7%86%E5%8F%B0, From: subscribe, IPv_Type: ipv6, Location: 美国, ISP: CloudFlare Inc., Date: None, Delay: -1 ms, Speed: 0.00 M/s, Resolution: None
Name: 天津卫视, URL: http://tvgslb.hn.chinamobile.com:8089/180000001002/00000001000000000008000000047444/main.m3u8?stbid=, From: subscribe, IPv_Type: ipv6, Location: 中国, ISP: 中国移动, Date: None, Delay: -1 ms, Speed: 0.00 M/s, Resolution: None
Name: 天津卫视, URL: http://hwottcdn.ln.chinamobile.com/PLTV/11/224/3221226890/index.m3u8, From: subscribe, IPv_Type: ipv6, Location: 中国, ISP: 中国移动, Date: None, Delay: -1 ms, Speed: 0.00 M/s, Resolution: None
Name: 天津卫视, URL: http://k.061899.xyz/k.php?id=tjws, From: subscribe, IPv_Type: ipv6, Location: 新加坡, ISP: Aceville Pte.Ltd., Date: None, Delay: -1 ms, Speed: 0.00 M/s, Resolution: None
Name: 天津卫视, URL: http://hwltc.tv.cdn.zj.chinamobile.com/PLTV/88888888/224/3221236217/index.m3u8, From: subscribe, IPv_Type: ipv6, Location: 中国, ISP: 中国移动, Date: None, Delay: -1 ms, Speed: 0.00 M/s, Resolution: None
Name: 天津卫视, URL: http://iptvrr.sh.chinamobile.com:6060/cms001/ch00000090990000001036/index.m3u8, From: subscribe, IPv_Type: ipv6, Location: 中国, ISP: 中国移动, Date: None, Delay: -1 ms, Speed: 0.00 M/s, Resolution: None
Name: 天津卫视, URL: http://ott.mobaibox.com/PLTV/3/224/3221227488/index.m3u8, From: subscribe, IPv_Type: ipv6, Location: 中国, ISP: 中国移动, Date: None, Delay: -1 ms, Speed: 0.00 M/s, Resolution: None
Name: 天津卫视, URL: https://t.freetv.fun/live/tian-jin-wei-shi-9.m3u8, From: subscribe, IPv_Type: ipv6, Location: 美国, ISP: CloudFlare Inc., Date: None, Delay: -1 ms, Speed: 0.00 M/s, Resolution: None
Name: 天津卫视, URL: http://204.12.221.218:8181/3m1080p/tjws.m3u8, From: subscribe, IPv_Type: ipv4, Location: 美国-密苏里州-杰克逊县, ISP: WholeSale互联网股份有限公司, Date: None, Delay: 590 ms, Speed: 6.67 M/s, Resolution: 1920x1080
Name: 天津卫视, URL: http://173.208.212.130:8181/720p/tjws.m3u8, From: subscribe, IPv_Type: ipv4, Location: 美国-密苏里州-杰克逊县, ISP: WholeSale互联网股份有限公司, Date: None, Delay: 502 ms, Speed: 2.74 M/s, Resolution: 1280x720
Name: 天津卫视, URL: http://fuxin.yunjifei.top:999/tsfile/live/0135_1.m3u8?key=txiptv, From: subscribe, IPv_Type: ipv4, Location: 中国-辽宁-沈阳, ISP: 电信, Date: None, Delay: 10905 ms, Speed: 0.03 M/s, Resolution: None
Name: 西藏卫视, URL: http://php.jdshipin.com/TVOD/hljyd.php?id=3221225638, From: subscribe, IPv_Type: ipv6, Location: 美国, ISP: CloudFlare Inc., Date: None, Delay: -1 ms, Speed: 0.00 M/s, Resolution: None
Name: 西藏卫视, URL: http://z.b.bkpcp.top/m.php?id=xzws, From: subscribe, IPv_Type: ipv6, Location: 美国, ISP: CloudFlare Inc., Date: None, Delay: 0.1 ms, Speed: inf M/s, Resolution: 1920x1080
Name: 西藏卫视, URL: http://goo.bkpcp.top/mg/xzws, From: subscribe, IPv_Type: ipv6, Location: 美国, ISP: CloudFlare Inc., Date: None, Delay: 0.1 ms, Speed: inf M/s, Resolution: 1920x1080
Name: 西藏卫视, URL: http://dsj.motem.top:8880/bptv/10000100000000050000000003887434.m3u8, From: subscribe, IPv_Type: ipv6, Location: 美国, ISP: CloudFlare Inc., Date: None, Delay: 0.1 ms, Speed: inf M/s, Resolution: 1920x1080
Name: 西藏卫视, URL: https://tv.vtibet.cn/live/h701F9MpxzPDyE.m3u8?secret=4eca0fb428c7390f0e7cdee6a0044c78&time=6817e4bb, From: subscribe, IPv_Type: ipv6, Location: 中国, ISP: 中国电信, Date: None, Delay: 0.1 ms, Speed: inf M/s, Resolution: 1920x1080
Name: 西藏卫视, URL: http://[2409:8087:1e03:21::2]:6060/cms001/ch00000090990000001072/index.m3u8, From: subscribe, IPv_Type: ipv6, Location: 中国, ISP: 中国移动, Date: None, Delay: 0.1 ms, Speed: inf M/s, Resolution: 1920x1080
Name: 西藏卫视, URL: http://[2409:8087:3428:20:500::100f]:6610/PLTV/88888888/224/3221226847/index.m3u8?servicetype=1&IASHttpSessionId=RR423820220409134714119178, From: subscribe, IPv_Type: ipv6, Location: 中国, ISP: 中国移动, Date: None, Delay: 0.1 ms, Speed: inf M/s, Resolution: 1920x1080
Name: 西藏卫视, URL: http://[2409:8087:3428:20:500::1009]:6610/PLTV/88888888/224/3221226847/index.m3u8?servicetype=1&IASHttpSessionId=RR423820220409134714119178, From: subscribe, IPv_Type: ipv6, Location: 中国, ISP: 中国移动, Date: None, Delay: 0.1 ms, Speed: inf M/s, Resolution: 1920x1080
Name: 西藏卫视, URL: http://[2409:8087:8:21::18]:6610/otttv.bj.chinamobile.com/PLTV/88888888/224/3221227033/1.m3u8?GuardEncType=2&accountinfo=%7E%7EV2.0%7EdeTB7OZ9G_VNJk5C3t96fQ%7EtP4-l0lmSfjwLWEfK_el1vH_mv-s1zo4AQJwdedaVwG9xkuFTDg8J26cwOrNJzn20BErrHdLhuZ9EzLUCD3PMW-OMx4MGteHV2vLeW6BqoY%2CEND, From: subscribe, IPv_Type: ipv6, Location: 中国, ISP: 中国移动, Date: None, Delay: -1 ms, Speed: 0.00 M/s, Resolution: None
Name: 西藏卫视, URL: http://dbiptv.sn.chinamobile.com/PLTV/88888888/224/3221226212/1.m3u8, From: subscribe, IPv_Type: ipv6, Location: 中国, ISP: 中国移动, Date: None, Delay: 0.1 ms, Speed: inf M/s, Resolution: 1920x1080
Name: 西藏卫视, URL: https://stream1.freetv.fun/0bb4d5a247d7405db362b9b01abcddedd19acb010c72cea05ebb13de3764c8f7.ctv, From: subscribe, IPv_Type: ipv6, Location: 美国, ISP: CloudFlare Inc., Date: None, Delay: 0.1 ms, Speed: inf M/s, Resolution: 1920x1080
Name: 西藏卫视, URL: http://[2409:8087:3869:8021:1001::e5]:6610/PLTV/88888888/224/3221225723/2/index.m3u8, From: subscribe, IPv_Type: ipv6, Location: 中国, ISP: 中国移动, Date: None, Delay: -1 ms, Speed: 0.00 M/s, Resolution: None
Name: 西藏卫视, URL: http://rrs01.hw.gmcc.net:8088/PLTV/81/224/3221226710/1.m3u8, From: subscribe, IPv_Type: ipv6, Location: 中国, ISP: 中国移动, Date: None, Delay: -1 ms, Speed: 0.00 M/s, Resolution: None
Name: 西藏卫视, URL: http://[2409:8087:1a15:10d1::39]/ottrrs.hl.chinamobile.com/PLTV/88888888/224/3221226433/index.m3u8, From: subscribe, IPv_Type: ipv6, Location: 中国, ISP: 中国移动, Date: None, Delay: -1 ms, Speed: 0.00 M/s, Resolution: None
Name: 西藏卫视, URL: http://[2409:8087:5e08:25::16]:6610/200000001898/460000089800010123/1.m3u8, From: subscribe, IPv_Type: ipv6, Location: 中国, ISP: 中国移动, Date: None, Delay: -1 ms, Speed: 0.00 M/s, Resolution: None
Name: 西藏卫视, URL: https://mursor.ottiptv.cc/mcp/xizang.m3u8, From: subscribe, IPv_Type: ipv6, Location: 美国, ISP: Oracle Corporation, Date: None, Delay: -1 ms, Speed: 0.00 M/s, Resolution: None
Name: 西藏卫视, URL: https://migu.188766.xyz/?migutoken=09226bb57238b5627fff7bf733723564&id=%E8%A5%BF%E8%97%8F%E5%8D%AB%E8%A7%86&pp=1, From: subscribe, IPv_Type: ipv6, Location: 美国, ISP: CloudFlare Inc., Date: None, Delay: -1 ms, Speed: 0.00 M/s, Resolution: None
Name: 西藏卫视, URL: http://k.061899.xyz/m.php?id=xzws, From: subscribe, IPv_Type: ipv6, Location: 新加坡, ISP: Aceville Pte.Ltd., Date: None, Delay: -1 ms, Speed: 0.00 M/s, Resolution: None
Name: 西藏卫视, URL: http://cc02.tv12.xyz/9.m3u8, From: subscribe, IPv_Type: ipv6, Location: 美国, ISP: CloudFlare Inc., Date: None, Delay: -1 ms, Speed: 0.00 M/s, Resolution: None
Name: 西藏卫视, URL: https://cc06.tv12.xyz/112.m3u8, From: subscribe, IPv_Type: ipv6, Location: 美国, ISP: CloudFlare Inc., Date: None, Delay: -1 ms, Speed: 0.00 M/s, Resolution: None
Name: 西藏卫视, URL: https://shyd.695847.xyz/cms001/ch00000090990000001072/index.m3u8?IASHttpSessionId=RR4967720251014100028031761&ispcode=12, From: subscribe, IPv_Type: ipv6, Location: 美国, ISP: CloudFlare Inc., Date: None, Delay: -1 ms, Speed: 0.00 M/s, Resolution: None
Name: 西藏卫视, URL: https://iptv.catvod.com/live.php?id=%E8%A5%BF%E8%97%8F%E5%8D%AB%E8%A7%86, From: subscribe, IPv_Type: ipv6, Location: 美国, ISP: CloudFlare Inc., Date: None, Delay: -1 ms, Speed: 0.00 M/s, Resolution: None
Name: 西藏卫视, URL: https://t.freetv.fun/live/xi-cang-wei-shi-1.m3u8, From: subscribe, IPv_Type: ipv6, Location: 美国, ISP: CloudFlare Inc., Date: None, Delay: -1 ms, Speed: 0.00 M/s, Resolution: None
Name: 新疆卫视, URL: http://php.jdshipin.com/TVOD/hljyd.php?id=3221225635, From: subscribe, IPv_Type: ipv6, Location: 美国, ISP: CloudFlare Inc., Date: None, Delay: 0.1 ms, Speed: inf M/s, Resolution: 1920x1080
Name: 新疆卫视, URL: http://z.b.bkpcp.top/m.php?id=xjws, From: subscribe, IPv_Type: ipv6, Location: 美国, ISP: CloudFlare Inc., Date: None, Delay: 0.1 ms, Speed: inf M/s, Resolution: 1920x1080
Name: 新疆卫视, URL: http://j.x.bkpcp.top/jx/XJWS, From: subscribe, IPv_Type: ipv6, Location: 美国, ISP: CloudFlare Inc., Date: None, Delay: 0.1 ms, Speed: inf M/s, Resolution: 1920x1080
Name: 新疆卫视, URL: http://goo.bkpcp.top/mg/xjws, From: subscribe, IPv_Type: ipv6, Location: 美国, ISP: CloudFlare Inc., Date: None, Delay: 0.1 ms, Speed: inf M/s, Resolution: 1920x1080
Name: 新疆卫视, URL: http://dsj.motem.top:8880/bptv/10000100000000050000000003887448.m3u8, From: subscribe, IPv_Type: ipv6, Location: 美国, ISP: CloudFlare Inc., Date: None, Delay: 0.1 ms, Speed: inf M/s, Resolution: 1920x1080
Name: 新疆卫视, URL: http://[2409:8087:1a0a:df::404b]/ottrrs.hl.chinamobile.com/TVOD/88888888/224/3221225635/index.m3u8, From: subscribe, IPv_Type: ipv6, Location: 中国, ISP: 中国移动, Date: None, Delay: 0.1 ms, Speed: inf M/s, Resolution: 1920x1080
Name: 新疆卫视, URL: http://[2409:8087:2001:20:2800:0:df6e:eb0b]/wh7f454c46tw993550557_162751766/ott.mobaibox.com/PLTV/3/224/3221228290/index.m3u8?icpid=3&RTS=1668604377&from=40&popid=40&hms_devid=2038&prioritypopid=40&vqe=3, From: subscribe, IPv_Type: ipv6, Location: 中国, ISP: 中国移动, Date: None, Delay: 0.1 ms, Speed: inf M/s, Resolution: 1920x1080
Name: 新疆卫视, URL: http://[2409:8087:1a01:df::4077]/ottrrs.hl.chinamobile.com/PLTV/88888888/8/3221226460/index.m3u8, From: subscribe, IPv_Type: ipv6, Location: 中国, ISP: 中国移动, Date: None, Delay: 0.1 ms, Speed: inf M/s, Resolution: 1920x1080
Name: 新疆卫视, URL: http://[2409:8087:8:21::18]:6610/otttv.bj.chinamobile.com/PLTV/88888888/224/3221227011/1.m3u8?GuardEncType=2&accountinfo=%7E%7EV2.0%7ExAUu61iVvo_xYbANWJhgXw%7EtP4-l0lmSfjwLWEfK_el1vH_mv-s1zo4AQJwdedaVwG9xkuFTDg8J26cwOrNJzn20BErrHdLhuZ9EzLUCD3PMW-OMx4MGteHV2vLeW6BqoY%2CEND, From: None, IPv_Type: ipv6, Location: 中国, ISP: 中国移动, Date: None, Delay: -1 ms, Speed: 0.00 M/s, Resolution: None
Name: 新疆卫视, URL: http://[2409:8087:1e03:21::2]:6060/cms001/ch00000090990000001065/index.m3u8, From: subscribe, IPv_Type: ipv6, Location: 中国, ISP: 中国移动, Date: None, Delay: 0.1 ms, Speed: inf M/s, Resolution: 1920x1080
Name: 新疆卫视, URL: http://[2409:8087:3428:20:500::100f]:6610/PLTV/88888888/224/3221227248/index.m3u8?servicetype=1&IASHttpSessionId=RR423820220409134714119178, From: subscribe, IPv_Type: ipv6, Location: 中国, ISP: 中国移动, Date: None, Delay: 0.1 ms, Speed: inf M/s, Resolution: 1920x1080
Name: 新疆卫视, URL: http://[2409:8087:3428:20:500::1009]:6610/PLTV/88888888/224/3221227248/index.m3u8?servicetype=1&IASHttpSessionId=RR423820220409134714119178, From: subscribe, IPv_Type: ipv6, Location: 中国, ISP: 中国移动, Date: None, Delay: 0.1 ms, Speed: inf M/s, Resolution: 1920x1080
Name: 新疆卫视, URL: http://[2409:8087:2001:20:2800:0:df6e:eb0a]/ott.mobaibox.com/PLTV/3/224/3221228290/index.m3u8, From: subscribe, IPv_Type: ipv6, Location: 中国, ISP: 中国移动, Date: None, Delay: 0.1 ms, Speed: inf M/s, Resolution: 1920x1080
Name: 新疆卫视, URL: http://[2409:8087:5e01:34::23]:6610/ZTE_CMS/00000001000000060000000000000316/index.m3u8, From: subscribe, IPv_Type: ipv6, Location: 中国, ISP: 中国移动, Date: None, Delay: 0.1 ms, Speed: inf M/s, Resolution: 1920x1080
Name: 新疆卫视, URL: https://stream1.freetv.fun/xin-jiang-wei-shi-15.m3u8, From: subscribe, IPv_Type: ipv6, Location: 美国, ISP: CloudFlare Inc., Date: None, Delay: 0.1 ms, Speed: inf M/s, Resolution: 1920x1080
Name: 新疆卫视, URL: http://nas.jdshipin.com:8801/xjtv.php?id=xjws, From: subscribe, IPv_Type: ipv6, Location: 美国, ISP: CloudFlare Inc., Date: None, Delay: 0.1 ms, Speed: inf M/s, Resolution: 1920x1080
Name: 新疆卫视, URL: http://cdn.jdshipin.com:8880/ysp.php?id=xjws, From: subscribe, IPv_Type: ipv6, Location: 美国, ISP: CloudFlare Inc., Date: None, Delay: 0.1 ms, Speed: inf M/s, Resolution: 1920x1080
Name: 新疆卫视, URL: http://[2409:8087:1a01:df::7005]:80/ottrrs.hl.chinamobile.com/PLTV/88888888/224/3221225635/index.m3u8, From: subscribe, IPv_Type: ipv6, Location: 中国, ISP: 中国移动, Date: None, Delay: 0.1 ms, Speed: inf M/s, Resolution: 1920x1080
Name: 新疆卫视, URL: http://[2409:8087:3869:8021:1001::e5]:6610/PLTV/88888888/224/3221225725/2/index.m3u8, From: subscribe, IPv_Type: ipv6, Location: 中国, ISP: 中国移动, Date: None, Delay: -1 ms, Speed: 0.00 M/s, Resolution: None
Name: 新疆卫视, URL: http://rrs01.hw.gmcc.net:8088/PLTV/81/224/3221226700/1.m3u8, From: subscribe, IPv_Type: ipv6, Location: 中国, ISP: 中国移动, Date: None, Delay: -1 ms, Speed: 0.00 M/s, Resolution: None
Name: 新疆卫视, URL: http://[2409:8087:5e08:25::16]:6610/200000001898/460000089800010116/1.m3u8, From: subscribe, IPv_Type: ipv6, Location: 中国, ISP: 中国移动, Date: None, Delay: -1 ms, Speed: 0.00 M/s, Resolution: None
Name: 新疆卫视, URL: https://mursor.ottiptv.cc/mcp/xinjiang.m3u8, From: subscribe, IPv_Type: ipv6, Location: 美国, ISP: Oracle Corporation, Date: None, Delay: -1 ms, Speed: 0.00 M/s, Resolution: None
Name: 新疆卫视, URL: http://cc02.tv12.xyz/10.m3u8, From: subscribe, IPv_Type: ipv6, Location: 美国, ISP: CloudFlare Inc., Date: None, Delay: -1 ms, Speed: 0.00 M/s, Resolution: None
Name: 新疆卫视, URL: https://migu.188766.xyz/?migutoken=0510d20f731c4c17e3966897c666f863&id=xjws_hd&type=sz, From: subscribe, IPv_Type: ipv6, Location: 美国, ISP: CloudFlare Inc., Date: None, Delay: -1 ms, Speed: 0.00 M/s, Resolution: None
Name: 新疆卫视, URL: https://cc06.tv12.xyz/109.m3u8, From: subscribe, IPv_Type: ipv6, Location: 美国, ISP: CloudFlare Inc., Date: None, Delay: -1 ms, Speed: 0.00 M/s, Resolution: None
Name: 新疆卫视, URL: https://jzb.wwkejishe.top/?id=623, From: subscribe, IPv_Type: ipv6, Location: 美国, ISP: CloudFlare Inc., Date: None, Delay: -1 ms, Speed: 0.00 M/s, Resolution: None
Name: 新疆卫视, URL: https://shyd.695847.xyz/cms001/ch00000090990000001065/index.m3u8?IASHttpSessionId=RR4967720251014100028031761&ispcode=12, From: subscribe, IPv_Type: ipv6, Location: 美国, ISP: CloudFlare Inc., Date: None, Delay: -1 ms, Speed: 0.00 M/s, Resolution: None
Name: 新疆卫视, URL: https://iptv.catvod.com/live.php?id=%E6%96%B0%E7%96%86%E5%8D%AB%E8%A7%86%E5%8F%B0, From: subscribe, IPv_Type: ipv6, Location: 美国, ISP: CloudFlare Inc., Date: None, Delay: -1 ms, Speed: 0.00 M/s, Resolution: None
Name: 新疆卫视, URL: http://hwltc.tv.cdn.zj.chinamobile.com/PLTV/88888888/224/3221236215/index.m3u8, From: subscribe, IPv_Type: ipv6, Location: 中国, ISP: 中国移动, Date: None, Delay: -1 ms, Speed: 0.00 M/s, Resolution: None
Name: 新疆卫视, URL: http://iptvrr.sh.chinamobile.com:6060/cms001/ch00000090990000001065/index.m3u8, From: subscribe, IPv_Type: ipv6, Location: 中国, ISP: 中国移动, Date: None, Delay: -1 ms, Speed: 0.00 M/s, Resolution: None
Name: 新疆卫视, URL: http://hwottcdn.ln.chinamobile.com/PLTV/11/224/3221226151/index.m3u8, From: subscribe, IPv_Type: ipv6, Location: 中国, ISP: 中国移动, Date: None, Delay: -1 ms, Speed: 0.00 M/s, Resolution: None
Name: 新疆卫视, URL: http://tvgslb.hn.chinamobile.com:8089/180000001002/00000000000000020000000000182275/main.m3u8?stbid=, From: subscribe, IPv_Type: ipv6, Location: 中国, ISP: 中国移动, Date: None, Delay: -1 ms, Speed: 0.00 M/s, Resolution: None
Name: 新疆卫视, URL: http://ott.mobaibox.com/PLTV/3/224/3221228290/index.m3u8, From: subscribe, IPv_Type: ipv6, Location: 中国, ISP: 中国移动, Date: None, Delay: -1 ms, Speed: 0.00 M/s, Resolution: None
Name: 新疆卫视, URL: http://k.061899.xyz/k.php?id=xjws, From: subscribe, IPv_Type: ipv6, Location: 新加坡, ISP: Aceville Pte.Ltd., Date: None, Delay: -1 ms, Speed: 0.00 M/s, Resolution: None
Name: 云南卫视, URL: http://php.jdshipin.com/TVOD/hljyd.php?id=3221226444, From: subscribe, IPv_Type: ipv6, Location: 美国, ISP: CloudFlare Inc., Date: None, Delay: 0.1 ms, Speed: inf M/s, Resolution: 1920x1080
Name: 云南卫视, URL: http://z.b.bkpcp.top/m.php?id=ynws, From: subscribe, IPv_Type: ipv6, Location: 美国, ISP: CloudFlare Inc., Date: None, Delay: 0.1 ms, Speed: inf M/s, Resolution: 1920x1080
Name: 云南卫视, URL: http://goo.bkpcp.top/mg/ynws, From: subscribe, IPv_Type: ipv6, Location: 美国, ISP: CloudFlare Inc., Date: None, Delay: 0.1 ms, Speed: inf M/s, Resolution: 1920x1080
Name: 云南卫视, URL: http://dsj.motem.top:8880/bptv/10000100000000050000000003887453.m3u8, From: subscribe, IPv_Type: ipv6, Location: 美国, ISP: CloudFlare Inc., Date: None, Delay: 0.1 ms, Speed: inf M/s, Resolution: 1920x1080
Name: 云南卫视, URL: http://[2409:8087:1a01:df::4077]/ottrrs.hl.chinamobile.com/PLTV/88888888/8/3221226444/index.m3u8, From: subscribe, IPv_Type: ipv6, Location: 中国, ISP: 中国移动, Date: None, Delay: 0.1 ms, Speed: inf M/s, Resolution: 1920x1080
Name: 云南卫视, URL: http://[2409:8087:8:21::18]:6610/otttv.bj.chinamobile.com/PLTV/88888888/224/3221227028/1.m3u8?GuardEncType=2&accountinfo=%7E%7EV2.0%7EGfQPqRNVeBjTMsZ48qu0SA%7EtP4-l0lmSfjwLWEfK_el1vH_mv-s1zo4AQJwdedaVwG9xkuFTDg8J26cwOrNJzn20BErrHdLhuZ9EzLUCD3PMW-OMx4MGteHV2vLeW6BqoY%2CEND, From: subscribe, IPv_Type: ipv6, Location: 中国, ISP: 中国移动, Date: None, Delay: -1 ms, Speed: 0.00 M/s, Resolution: None
Name: 云南卫视, URL: http://[2409:8087:1e03:21::2]:6060/cms001/ch00000090990000001223/index.m3u8, From: subscribe, IPv_Type: ipv6, Location: 中国, ISP: 中国移动, Date: None, Delay: 0.1 ms, Speed: inf M/s, Resolution: 1920x1080
Name: 云南卫视, URL: http://[2409:8087:4402:20:1:1216:401:14]/iptv.cdn.ha.chinamobile.com/PLTV/88888888/224/3221226660/index.m3u8, From: subscribe, IPv_Type: ipv6, Location: 中国, ISP: 中国移动, Date: None, Delay: 0.1 ms, Speed: inf M/s, Resolution: 1920x1080
Name: 云南卫视, URL: http://[2409:8087:3428:20:500::100f]:6610/PLTV/88888888/224/3221227181/index.m3u8?servicetype=1&IASHttpSessionId=RR423820220409134714119178, From: subscribe, IPv_Type: ipv6, Location: 中国, ISP: 中国移动, Date: None, Delay: 0.1 ms, Speed: inf M/s, Resolution: 1920x1080
Name: 云南卫视, URL: http://[2409:8087:3428:20:500::1009]:6610/PLTV/88888888/224/3221225853/index.m3u8?servicetype=1&IASHttpSessionId=RR423820220409134714119178, From: subscribe, IPv_Type: ipv6, Location: 中国, ISP: 中国移动, Date: None, Delay: 0.1 ms, Speed: inf M/s, Resolution: 1920x1080
Name: 云南卫视, URL: http://[2409:8087:1e03:21::42]:6610/cms001/ch00000090990000001223/index.m3u8, From: subscribe, IPv_Type: ipv6, Location: 中国, ISP: 中国移动, Date: None, Delay: 0.1 ms, Speed: inf M/s, Resolution: 1920x1080
Name: 云南卫视, URL: http://[2409:8087:2001:20:2800:0:df6e:eb05]:80/ott.mobaibox.com/PLTV/4/224/3221225591/index.m3u8, From: subscribe, IPv_Type: ipv6, Location: 中国, ISP: 中国移动, Date: None, Delay: 0.1 ms, Speed: inf M/s, Resolution: 1920x1080
Name: 云南卫视, URL: http://nas.suntao.online:35455/itv/5000000011000031120.m3u8?cdn=bestzb, From: subscribe, IPv_Type: ipv6, Location: 中国, ISP: 中国联通, Date: None, Delay: 0.1 ms, Speed: inf M/s, Resolution: 1920x1080
Name: 云南卫视, URL: http://iptv.cdn.ha.chinamobile.com/PLTV/88888888/224/3221227211/index.m3u8, From: subscribe, IPv_Type: ipv6, Location: 中国, ISP: 中国移动, Date: None, Delay: 0.1 ms, Speed: inf M/s, Resolution: 1920x1080
Name: 云南卫视, URL: http://[2409:8087:2001:20:2800:0:df6e:eb04]/ott.mobaibox.com/PLTV/3/224/3221225591/index.m3u8, From: subscribe, IPv_Type: ipv6, Location: 中国, ISP: 中国移动, Date: None, Delay: 0.1 ms, Speed: inf M/s, Resolution: 1920x1080
Name: 云南卫视, URL: http://[2409:8087:2001:20:2800:0:df6e:eb18]:80/wh7f454c46tw935748466_239885853/ott.mobaibox.com/PLTV/3/224/3221227571/index.m3u8?icpid=3&RTS=1674381051&from=40&popid=40&hms_devid=2113&prioritypopid=40&vqe=3, From: subscribe, IPv_Type: ipv6, Location: 中国, ISP: 中国移动, Date: None, Delay: 0.1 ms, Speed: inf M/s, Resolution: 1920x1080
Name: 云南卫视, URL: https://stream1.freetv.fun/chcying-mi-dian-ying-14.m3u8, From: subscribe, IPv_Type: ipv6, Location: 美国, ISP: CloudFlare Inc., Date: None, Delay: 0.1 ms, Speed: inf M/s, Resolution: 1920x1080
Name: 云南卫视, URL: https://live.v1.mk/api/bestv.php?id=ynwshd8m/8000000, From: subscribe, IPv_Type: ipv6, Location: 美国, ISP: CloudFlare Inc., Date: None, Delay: 0.1 ms, Speed: inf M/s, Resolution: 1920x1080
Name: 云南卫视, URL: http://[2409:8087:5e00:24::1e]:6060/200000001898/460000089800010119/1.m3u8, From: subscribe, IPv_Type: ipv6, Location: 中国, ISP: 中国移动, Date: None, Delay: 0.1 ms, Speed: inf M/s, Resolution: 1920x1080
Name: 云南卫视, URL: http://[2409:8087:74f0:22::7]:6410/270000001128/9900000035/index.m3u8, From: subscribe, IPv_Type: ipv6, Location: 中国, ISP: 中国移动, Date: None, Delay: 0.1 ms, Speed: inf M/s, Resolution: 1920x1080
Name: 云南卫视, URL: http://[2409:8087:1a01:df::7005]:80/ottrrs.hl.chinamobile.com/PLTV/88888888/224/3221226444/index.m3u8, From: subscribe, IPv_Type: ipv6, Location: 中国, ISP: 中国移动, Date: None, Delay: 0.1 ms, Speed: inf M/s, Resolution: 1920x1080
Name: 云南卫视, URL: http://[2409:8087:3869:8021:1001::e5]:6610/PLTV/88888888/224/3221225723/2/index.m3u8, From: subscribe, IPv_Type: ipv6, Location: 中国, ISP: 中国移动, Date: None, Delay: -1 ms, Speed: 0.00 M/s, Resolution: None
Name: 云南卫视, URL: http://rrs01.hw.gmcc.net:8088/PLTV/81/224/3221226709/1.m3u8, From: subscribe, IPv_Type: ipv6, Location: 中国, ISP: 中国移动, Date: None, Delay: -1 ms, Speed: 0.00 M/s, Resolution: None
Name: 云南卫视, URL: http://[2409:8087:1a15:10d1::39]/ottrrs.hl.chinamobile.com/PLTV/88888888/224/3221226444/index.m3u8, From: subscribe, IPv_Type: ipv6, Location: 中国, ISP: 中国移动, Date: None, Delay: -1 ms, Speed: 0.00 M/s, Resolution: None
Name: 云南卫视, URL: http://[2409:8087:5e08:25::16]:6610/200000001898/460000089800010119/1.m3u8, From: subscribe, IPv_Type: ipv6, Location: 中国, ISP: 中国移动, Date: None, Delay: -1 ms, Speed: 0.00 M/s, Resolution: None
Name: 云南卫视, URL: https://mursor.ottiptv.cc/mcp/yunnan.m3u8, From: subscribe, IPv_Type: ipv6, Location: 美国, ISP: Oracle Corporation, Date: None, Delay: -1 ms, Speed: 0.00 M/s, Resolution: None
Name: 云南卫视, URL: https://migu.188766.xyz/?migutoken=c2049841bc66ef12838aaa7464d9b105&id=ynws&type=sz, From: subscribe, IPv_Type: ipv6, Location: 美国, ISP: CloudFlare Inc., Date: None, Delay: -1 ms, Speed: 0.00 M/s, Resolution: None
Name: 云南卫视, URL: https://cc06.tv12.xyz/114.m3u8, From: subscribe, IPv_Type: ipv6, Location: 美国, ISP: CloudFlare Inc., Date: None, Delay: -1 ms, Speed: 0.00 M/s, Resolution: None
Name: 云南卫视, URL: https://shyd.695847.xyz/cms001/ch00000090990000001223/index.m3u8?IASHttpSessionId=RR4967720251014100028031761&ispcode=12, From: subscribe, IPv_Type: ipv6, Location: 美国, ISP: CloudFlare Inc., Date: None, Delay: -1 ms, Speed: 0.00 M/s, Resolution: None
Name: 云南卫视, URL: https://iptv.catvod.com/live.php?id=%E4%BA%91%E5%8D%97%E5%8D%AB%E8%A7%86, From: subscribe, IPv_Type: ipv6, Location: 美国, ISP: CloudFlare Inc., Date: None, Delay: -1 ms, Speed: 0.00 M/s, Resolution: None
Name: 云南卫视, URL: http://tvgslb.hn.chinamobile.com:8089/180000001002/00000001000000000090000000215606/main.m3u8?stbid=, From: subscribe, IPv_Type: ipv6, Location: 中国, ISP: 中国移动, Date: None, Delay: -1 ms, Speed: 0.00 M/s, Resolution: None
Name: 云南卫视, URL: http://ott.mobaibox.com/PLTV/3/224/3221227571/index.m3u8, From: subscribe, IPv_Type: ipv6, Location: 中国, ISP: 中国移动, Date: None, Delay: -1 ms, Speed: 0.00 M/s, Resolution: None
Name: 云南卫视, URL: http://hwottcdn.ln.chinamobile.com/PLTV/11/224/3221227356/index.m3u8, From: subscribe, IPv_Type: ipv6, Location: 中国, ISP: 中国移动, Date: None, Delay: -1 ms, Speed: 0.00 M/s, Resolution: None
Name: 云南卫视, URL: http://iptvrr.sh.chinamobile.com:6060/cms001/ch00000090990000001223/index.m3u8, From: subscribe, IPv_Type: ipv6, Location: 中国, ISP: 中国移动, Date: None, Delay: -1 ms, Speed: 0.00 M/s, Resolution: None
Name: 云南卫视, URL: http://hwltc.tv.cdn.zj.chinamobile.com/PLTV/88888888/224/3221236234/index.m3u8, From: subscribe, IPv_Type: ipv6, Location: 中国, ISP: 中国移动, Date: None, Delay: -1 ms, Speed: 0.00 M/s, Resolution: None
Name: 云南卫视, URL: http://k.061899.xyz/k.php?id=ynws, From: subscribe, IPv_Type: ipv6, Location: 新加坡, ISP: Aceville Pte.Ltd., Date: None, Delay: -1 ms, Speed: 0.00 M/s, Resolution: None
Name: 云南卫视, URL: https://t.freetv.fun/live/yun-nan-wei-shi-2.m3u8, From: subscribe, IPv_Type: ipv6, Location: 美国, ISP: CloudFlare Inc., Date: None, Delay: -1 ms, Speed: 0.00 M/s, Resolution: None
Name: 云南卫视, URL: http://204.12.221.218:8181/3m1080p/ynws.m3u8, From: subscribe, IPv_Type: ipv4, Location: 美国-密苏里州-杰克逊县, ISP: WholeSale互联网股份有限公司, Date: None, Delay: 670 ms, Speed: 7.82 M/s, Resolution: 1920x1080
Name: 云南卫视, URL: http://125.43.249.150:9901/tsfile/live/1029_1.m3u8?key=txiptv&playlive=1&authid=0, From: subscribe, IPv_Type: ipv4, Location: 中国-河南-焦作, ISP: 联通, Date: None, Delay: 10877 ms, Speed: 0.00 M/s, Resolution: None
